12/01/2014 09:45:00,7.66,7.69,7.54,7.61,18832
12/01/2014 10:00:00,7.61,7.61,7.5,7.5,8946
12/01/2014 10:15:00,7.5,7.52,7.47,7.49,5050
12/01/2014 10:30:00,7.501,7.57,7.49,7.54,7947
12/01/2014 10:45:00,7.5,7.53,7.46,7.46,3006
12/01/2014 11:00:00,7.46,7.48,7.4,7.415,3650
12/01/2014 11:15:00,7.4,7.42,7.39,7.42,768
12/01/2014 11:30:00,7.4,7.4,7.38,7.39,1968
12/01/2014 11:45:00,7.385,7.4,7.38,7.395,5830
12/01/2014 12:00:00,7.38,7.4,7.36,7.38,7570
12/01/2014 12:15:00,7.36,7.4,7.36,7.39,5326
12/01/2014 12:30:00,7.36,7.4,7.36,7.36,13700
12/01/2014 12:45:00,7.36,7.36,7.36,7.36,1000
12/01/2014 13:00:00,7.36,7.37,7.34,7.35,2527
12/01/2014 13:15:00,7.35,7.352,7.34,7.35,720
12/01/2014 13:30:00,7.35,7.351,7.27,7.28,10538
12/01/2014 13:45:00,7.3,7.34,7.26,7.3,5091
12/01/2014 14:00:00,7.34,7.36,7.29,7.3,1900
12/01/2014 14:15:00,7.28,7.3,7.28,7.3,700
12/01/2014 14:30:00,7.32,7.36,7.315,7.35,2329
12/01/2014 14:45:00,7.39,7.39,7.35,7.35,400
12/01/2014 15:00:00,7.36,7.38,7.36,7.38,200
12/01/2014 15:15:00,7.38,7.4299,7.38,7.41,1822
12/01/2014 15:30:00,7.41,7.48,7.41,7.42,8525
12/01/2014 15:45:00,7.41,7.47,7.39,7.43,11160
12/01/2014 16:00:00,7.42,7.46,7.38,7.42,14623
12/02/2014 09:45:00,7.35,7.49,7.35,7.49,4395
12/02/2014 10:00:00,7.49,7.51,7.4,7.42,1276
12/02/2014 10:15:00,7.4725,7.5,7.45,7.46,1500
12/02/2014 10:30:00,7.48,7.53,7.45,7.45,6308
12/02/2014 10:45:00,7.5,7.57,7.48,7.57,5154
12/02/2014 11:00:00,7.54,7.6,7.53,7.56,1377
12/02/2014 11:15:00,7.57,7.7,7.56,7.59,14741
12/02/2014 11:30:00,7.6,7.62,7.56,7.57,1550
12/02/2014 11:45:00,7.599,7.599,7.55,7.55,800
12/02/2014 12:00:00,7.58,7.6,7.55,7.6,400
12/02/2014 12:15:00,7.56,7.57,7.48,7.52,1367
12/02/2014 12:30:00,7.49,7.538,7.45,7.5175,12127
12/02/2014 12:45:00,7.49,7.52,7.49,7.52,564
12/02/2014 13:00:00,7.52,7.52,7.46,7.49,952
12/02/2014 13:15:00,7.53,7.54,7.52,7.52,645
12/02/2014 13:30:00,7.53,7.53,7.45,7.46,2738
12/02/2014 13:45:00,7.46,7.47,7.45,7.47,300
12/02/2014 14:00:00,7.45,7.45,7.38,7.38,400
12/02/2014 14:15:00,7.41,7.41,7.4,7.4,300
12/02/2014 14:30:00,7.4299,7.4299,7.41,7.42,922
12/02/2014 14:45:00,7.41,7.42,7.41,7.415,700
12/02/2014 15:00:00,7.43,7.49,7.43,7.4891,6505
12/02/2014 15:15:00,7.49,7.51,7.49,7.507,3700
12/02/2014 15:30:00,7.5008,7.52,7.4803,7.51,6932
12/02/2014 15:45:00,7.52,7.54,7.5,7.52,1023
12/02/2014 16:00:00,7.52,7.59,7.52,7.56,9243
12/03/2014 09:45:00,7.54,7.56,7.48,7.52,1568
12/03/2014 10:00:00,7.56,7.6,7.53,7.6,714
12/03/2014 10:15:00,7.57,7.57,7.54,7.56,426
12/03/2014 10:30:00,7.6,7.7,7.6,7.7,4402
12/03/2014 10:45:00,7.66,7.68,7.62,7.66,5569
12/03/2014 11:00:00,7.62,7.65,7.59,7.63,748
12/03/2014 11:15:00,7.62,7.63,7.6,7.6,1669
12/03/2014 11:30:00,7.62,7.64,7.59,7.59,2465
12/03/2014 11:45:00,7.59,7.62,7.59,7.61,1100
12/03/2014 12:00:00,7.62,7.62,7.55,7.55,1200
12/03/2014 12:15:00,7.58,7.59,7.56,7.59,900
12/03/2014 12:30:00,7.575,7.59,7.5601,7.59,350
12/03/2014 12:45:00,7.59,7.59,7.57,7.57,500
12/03/2014 13:00:00,7.58,7.58,7.56,7.575,1300
12/03/2014 13:15:00,7.567,7.61,7.567,7.6,1650
12/03/2014 13:30:00,7.6,7.6,7.59,7.59,510
12/03/2014 13:45:00,7.605,7.62,7.59,7.59,1100
12/03/2014 14:00:00,7.595,7.61,7.58,7.61,400
12/03/2014 14:15:00,7.585,7.63,7.58,7.61,1800
12/03/2014 14:30:00,7.63,7.66,7.62,7.65,796
12/03/2014 14:45:00,7.65,7.66,7.65,7.66,300
12/03/2014 15:00:00,7.64,7.64,7.62,7.62,400
12/03/2014 15:15:00,7.6201,7.64,7.61,7.62,1700
12/03/2014 15:30:00,7.62,7.63,7.62,7.62,600
12/03/2014 15:45:00,7.63,7.64,7.62,7.63,2187
12/03/2014 16:00:00,7.625,7.64,7.61,7.61,5463
12/04/2014 09:45:00,7.56,7.63,7.55,7.5918,6097
12/04/2014 10:00:00,7.59,7.59,7.57,7.57,238
12/04/2014 10:15:00,7.5401,7.6,7.54,7.6,1403
12/04/2014 10:30:00,7.58,7.599,7.5672,7.58,1435
12/04/2014 10:45:00,7.6,7.6,7.56,7.56,1258
12/04/2014 11:00:00,7.56,7.5899,7.56,7.57,1268
12/04/2014 11:15:00,7.57,7.6,7.57,7.6,820
12/04/2014 11:30:00,7.59,7.64,7.59,7.6,2895
12/04/2014 11:45:00,7.5853,7.6,7.55,7.6,2201
12/04/2014 12:00:00,7.6,7.64,7.6,7.64,1222
12/04/2014 12:15:00,7.64,7.65,7.64,7.65,3500
12/04/2014 12:30:00,7.71,7.735,7.7,7.7,1400
12/04/2014 12:45:00,7.71,7.77,7.71,7.77,3600
12/04/2014 13:00:00,7.7635,7.7635,7.74,7.74,2500
12/04/2014 13:15:00,7.78,7.78,7.7601,7.7601,400
12/04/2014 13:30:00,7.79,7.8,7.79,7.79,1000
12/04/2014 13:45:00,7.83,7.83,7.83,7.83,100
12/04/2014 14:00:00,7.8101,7.85,7.8101,7.84,963
12/04/2014 14:15:00,7.8599,7.88,7.85,7.85,2746
12/04/2014 14:30:00,7.87,7.88,7.87,7.88,500
12/04/2014 14:45:00,7.88,7.88,7.82,7.83,3946
12/04/2014 15:00:00,7.81,7.81,7.75,7.75,1124
12/04/2014 15:15:00,7.77,7.79,7.73,7.79,18626
12/04/2014 15:30:00,7.7816,7.785,7.72,7.72,2456
12/04/2014 15:45:00,7.6748,7.7,7.62,7.64,1787
12/04/2014 16:00:00,7.65,7.75,7.65,7.67,9491
12/05/2014 09:45:00,7.62,7.69,7.62,7.69,4391
12/05/2014 10:00:00,7.7,7.7,7.69,7.69,217
12/05/2014 10:15:00,7.74,7.76,7.7,7.73,913
12/05/2014 10:30:00,7.73,7.76,7.73,7.75,500
12/05/2014 10:45:00,7.73,7.8,7.73,7.79,469
12/05/2014 11:00:00,7.79,7.8,7.76,7.8,400
12/05/2014 11:15:00,7.81,7.81,7.78,7.807,962
12/05/2014 11:30:00,7.795,7.8,7.7803,7.8,1000
12/05/2014 11:45:00,7.7901,7.83,7.7901,7.83,1037
12/05/2014 12:00:00,7.82,7.83,7.82,7.82,300
12/05/2014 12:15:00,7.82,7.82,7.805,7.82,300
12/05/2014 12:30:00,7.79,7.83,7.79,7.83,1590
12/05/2014 12:45:00,7.83,7.84,7.82,7.82,300
12/05/2014 13:00:00,7.839,7.85,7.83,7.83,2307
12/05/2014 13:15:00,7.84,7.84,7.82,7.84,300
12/05/2014 13:30:00,7.835,7.835,7.82,7.82,200
12/05/2014 13:45:00,7.82,7.84,7.82,7.84,600
12/05/2014 14:00:00,7.81,7.8299,7.78,7.82,899
12/05/2014 14:15:00,7.78,7.81,7.78,7.79,1371
12/05/2014 14:30:00,7.82,7.82,7.7901,7.805,445
12/05/2014 14:45:00,7.809,7.82,7.809,7.815,3140
12/05/2014 15:00:00,7.81,7.83,7.7901,7.793,1420
12/05/2014 15:15:00,7.81,7.81,7.79,7.81,1367
12/05/2014 15:30:00,7.82,7.825,7.8,7.81,1735
12/05/2014 15:45:00,7.82,7.825,7.8,7.8,2522
12/05/2014 16:00:00,7.8,7.8,7.74,7.76,11124
12/08/2014 09:45:00,7.71,7.73,7.68,7.71,1699
12/08/2014 10:00:00,7.76,7.79,7.74,7.78,1752
12/08/2014 10:15:00,7.77,7.79,7.76,7.7853,806
12/08/2014 10:30:00,7.8,7.9,7.8,7.9,3472
12/08/2014 10:45:00,7.9,7.9,7.88,7.88,5923
12/08/2014 11:00:00,7.89,7.9,7.88,7.88,600
12/08/2014 11:15:00,7.88,7.9,7.88,7.88,1079
12/08/2014 11:30:00,7.88,7.91,7.83,7.83,726
12/08/2014 11:45:00,7.83,7.84,7.79,7.79,454
12/08/2014 12:00:00,7.78,7.78,7.74,7.77,705
12/08/2014 12:15:00,7.74,7.74,7.74,7.74,400
12/08/2014 12:30:00,7.7,7.72,7.6652,7.72,714
12/08/2014 12:45:00,7.71,7.71,7.7,7.7,325
12/08/2014 13:00:00,7.6701,7.73,7.6701,7.7,439
12/08/2014 13:15:00,7.68,7.69,7.68,7.69,371
12/08/2014 13:30:00,7.6856,7.69,7.67,7.6701,679
12/08/2014 13:45:00,7.65,7.66,7.63,7.63,302
12/08/2014 14:00:00,7.63,7.67,7.63,7.64,1920
12/08/2014 14:15:00,7.62,7.63,7.57,7.59,3750
12/08/2014 14:30:00,7.585,7.63,7.57,7.63,800
12/08/2014 14:45:00,7.63,7.66,7.63,7.6301,1056
12/08/2014 15:00:00,7.6401,7.67,7.618,7.618,1340
12/08/2014 15:15:00,7.6,7.6,7.59,7.59,300
12/08/2014 15:30:00,7.59,7.6,7.5832,7.5832,1500
12/08/2014 15:45:00,7.59,7.63,7.59,7.63,2000
12/08/2014 16:00:00,7.63,7.64,7.59,7.6,7178
12/09/2014 09:45:00,7.5,7.62,7.5,7.62,2326
12/09/2014 10:00:00,7.61,7.65,7.59,7.6001,2189
12/09/2014 10:15:00,7.61,7.65,7.61,7.65,473
12/09/2014 10:30:00,7.65,7.65,7.61,7.61,803
12/09/2014 10:45:00,7.6164,7.66,7.5875,7.66,2199
12/09/2014 11:00:00,7.66,7.66,7.62,7.62,263
12/09/2014 11:15:00,7.66,7.66,7.62,7.62,232
12/09/2014 11:30:00,7.62,7.65,7.62,7.65,201
12/09/2014 11:45:00,7.7,7.72,7.7,7.72,300
12/09/2014 12:00:00,7.68,7.682,7.65,7.66,900
12/09/2014 12:15:00,7.66,7.67,7.62,7.65,600
12/09/2014 12:30:00,7.6392,7.66,7.6363,7.66,1113
12/09/2014 12:45:00,7.69,7.72,7.69,7.72,1600
12/09/2014 13:00:00,7.72,7.72,7.72,7.72,300
12/09/2014 13:15:00,7.7,7.79,7.7,7.79,1812
12/09/2014 13:30:00,7.8,7.83,7.7849,7.8,2285
12/09/2014 13:45:00,7.84,7.88,7.8264,7.8264,2322
12/09/2014 14:00:00,7.8164,7.85,7.8,7.84,386
12/09/2014 14:15:00,7.8464,7.89,7.8464,7.885,1017
12/09/2014 14:30:00,7.89,7.9,7.89,7.9,1325
12/09/2014 14:45:00,7.9,7.9,7.88,7.9,1280
12/09/2014 15:00:00,7.9,7.94,7.8916,7.94,2028
12/09/2014 15:15:00,7.94,7.99,7.94,7.98,1917
12/09/2014 15:30:00,7.96,7.99,7.9548,7.98,800
12/09/2014 15:45:00,7.98,7.99,7.97,7.98,1702
12/09/2014 16:00:00,7.99,8.05,7.97,8.05,9124
12/10/2014 09:45:00,7.96,7.96,7.89,7.95,2139
12/10/2014 10:00:00,7.89,7.94,7.84,7.87,469
12/10/2014 10:15:00,7.88,7.91,7.8,7.8,1671
12/10/2014 10:30:00,7.78,7.86,7.77,7.8301,965
12/10/2014 10:45:00,7.78,7.781,7.78,7.78,418
12/10/2014 11:00:00,7.79,7.8,7.78,7.8,1275
12/10/2014 11:15:00,7.81,7.83,7.79,7.8,1800
12/10/2014 11:30:00,7.8,7.83,7.8,7.83,734
12/10/2014 11:45:00,7.86,7.86,7.83,7.84,617
12/10/2014 12:00:00,7.84,7.88,7.84,7.85,1624
12/10/2014 12:15:00,7.8492,7.86,7.83,7.85,1823
12/10/2014 12:30:00,7.83,7.88,7.815,7.83,1302
12/10/2014 12:45:00,7.81,7.84,7.81,7.84,208
12/10/2014 13:00:00,7.82,7.83,7.82,7.82,717
12/10/2014 13:15:00,7.83,7.87,7.83,7.87,502
12/10/2014 13:30:00,7.87,7.87,7.85,7.85,322
12/10/2014 13:45:00,7.84,7.85,7.81,7.81,685
12/10/2014 14:00:00,7.81,7.81,7.74,7.76,950
12/10/2014 14:15:00,7.75,7.75,7.73,7.75,955
12/10/2014 14:30:00,7.77,7.77,7.7,7.7,2684
12/10/2014 14:45:00,7.72,7.72,7.7,7.705,201
12/10/2014 15:00:00,7.69,7.73,7.68,7.68,1260
12/10/2014 15:15:00,7.67,7.67,7.63,7.6348,1600
12/10/2014 15:30:00,7.655,7.675,7.61,7.61,2129
12/10/2014 15:45:00,7.63,7.635,7.6,7.6,3466
12/10/2014 16:00:00,7.58,7.65,7.58,7.61,20229
12/11/2014 09:45:00,7.61,7.68,7.61,7.67,3757
12/11/2014 10:00:00,7.73,7.73,7.67,7.68,1377
12/11/2014 10:15:00,7.6912,7.6912,7.62,7.63,5701
12/11/2014 10:30:00,7.65,7.65,7.62,7.62,353
12/11/2014 10:45:00,7.64,7.738,7.64,7.7,4923
12/11/2014 11:00:00,7.65,7.65,7.63,7.63,351
12/11/2014 11:15:00,7.63,7.645,7.62,7.645,964
12/11/2014 11:30:00,7.645,7.68,7.64,7.68,661
12/11/2014 11:45:00,7.69,7.69,7.67,7.67,200
12/11/2014 12:00:00,7.68,7.68,7.64,7.66,634
12/11/2014 12:15:00,7.67,7.67,7.62,7.64,4932
12/11/2014 12:30:00,7.63,7.654,7.62,7.65,5100
12/11/2014 12:45:00,7.64,7.65,7.58,7.617,10106
12/11/2014 13:00:00,7.62,7.64,7.62,7.64,450
12/11/2014 13:15:00,7.58,7.614,7.58,7.59,700
12/11/2014 13:30:00,7.61,7.61,7.58,7.61,591
12/11/2014 13:45:00,7.59,7.59,7.59,7.59,100
12/11/2014 14:00:00,7.59,7.59,7.59,7.59,100
12/11/2014 14:15:00,7.5732,7.5732,7.5732,7.5732,200
12/11/2014 14:30:00,7.5862,7.5862,7.5464,7.5464,209
12/11/2014 14:45:00,7.565,7.565,7.5548,7.56,900
12/11/2014 15:00:00,7.5248,7.53,7.5,7.5,1760
12/11/2014 15:15:00,7.5016,7.53,7.5,7.53,1367
12/11/2014 15:30:00,7.5397,7.6,7.53,7.58,2976
12/11/2014 15:45:00,7.5616,7.57,7.506,7.52,3326
12/11/2014 16:00:00,7.53,7.57,7.5016,7.54,9777
12/12/2014 09:45:00,7.43,7.57,7.38,7.57,17730
12/12/2014 10:00:00,7.58,7.58,7.53,7.54,3852
12/12/2014 10:15:00,7.56,7.585,7.54,7.54,500
12/12/2014 10:30:00,7.54,7.58,7.53,7.58,600
12/12/2014 10:45:00,7.57,7.57,7.53,7.55,4909
12/12/2014 11:00:00,7.544,7.57,7.52,7.52,2110
12/12/2014 11:15:00,7.52,7.57,7.51,7.57,1000
12/12/2014 11:30:00,7.56,7.56,7.54,7.55,200
12/12/2014 11:45:00,7.53,7.54,7.53,7.53,302
12/12/2014 12:00:00,7.5,7.52,7.5,7.52,300
12/12/2014 12:15:00,7.53,7.5332,7.53,7.53,400
12/12/2014 12:30:00,7.51,7.54,7.51,7.54,400
12/12/2014 12:45:00,7.541,7.541,7.52,7.54,600
12/12/2014 13:00:00,7.55,7.576,7.55,7.576,960
12/12/2014 13:15:00,7.59,7.59,7.577,7.577,801
12/12/2014 13:30:00,7.58,7.59,7.58,7.5865,350
12/12/2014 13:45:00,7.58,7.6,7.58,7.6,1900
12/12/2014 14:00:00,7.58,7.58,7.58,7.58,300
12/12/2014 14:15:00,7.585,7.585,7.56,7.57,369
12/12/2014 14:30:00,7.59,7.59,7.58,7.582,460
12/12/2014 14:45:00,7.57,7.58,7.57,7.58,300
12/12/2014 15:00:00,7.5648,7.57,7.5632,7.5632,500
12/12/2014 15:15:00,7.58,7.585,7.54,7.54,1300
12/12/2014 15:30:00,7.54,7.54,7.47,7.52,15112
12/12/2014 15:45:00,7.51,7.5352,7.45,7.49,2558
12/12/2014 16:00:00,7.43,7.45,7.4,7.42,4033
12/15/2014 09:45:00,7.43,7.5,7.43,7.5,1391
12/15/2014 10:00:00,7.51,7.536,7.48,7.48,2367
12/15/2014 10:15:00,7.48,7.51,7.41,7.41,4850
12/15/2014 10:30:00,7.39,7.39,7.29,7.3,2264
12/15/2014 10:45:00,7.28,7.33,7.27,7.28,731
12/15/2014 11:00:00,7.27,7.3,7.26,7.29,1238
12/15/2014 11:15:00,7.28,7.28,7.11,7.13,12600
12/15/2014 11:30:00,7.11,7.11,7.0,7.06,12317
12/15/2014 11:45:00,7.02,7.05,7.01,7.015,771
12/15/2014 12:00:00,7.015,7.14,7.0,7.14,3129
12/15/2014 12:15:00,7.13,7.16,7.13,7.16,1400
12/15/2014 12:30:00,7.17,7.19,7.17,7.19,1500
12/15/2014 12:45:00,7.215,7.215,7.21,7.21,400
12/15/2014 13:00:00,7.2,7.2,7.19,7.2,550
12/15/2014 13:15:00,7.17,7.17,7.17,7.17,100
12/15/2014 13:30:00,7.1,7.125,7.1,7.1,600
12/15/2014 13:45:00,7.12,7.12,7.03,7.03,4242
12/15/2014 14:00:00,7.03,7.05,7.03,7.05,1893
12/15/2014 14:15:00,7.04,7.09,7.04,7.09,500
12/15/2014 14:30:00,7.09,7.09,7.05,7.09,1320
12/15/2014 14:45:00,7.08,7.08,7.05,7.05,512
12/15/2014 15:00:00,7.05,7.05,7.0,7.005,2525
12/15/2014 15:15:00,7.0,7.02,6.985,7.02,5125
12/15/2014 15:30:00,7.02,7.02,6.97,6.98,3200
12/15/2014 15:45:00,6.93,6.97,6.91,6.93,3499
12/15/2014 16:00:00,6.94,6.95,6.9,6.9,10521
12/16/2014 09:45:00,6.9,6.99,6.84,6.94,2564
12/16/2014 10:00:00,7.0,7.05,6.96,7.05,973
12/16/2014 10:15:00,7.05,7.09,6.96,6.9713,1352
12/16/2014 10:30:00,6.97,7.12,6.97,7.12,7941
12/16/2014 10:45:00,7.09,7.09,7.03,7.03,900
12/16/2014 11:00:00,7.05,7.07,7.05,7.07,500
12/16/2014 11:15:00,7.07,7.07,7.05,7.05,201
12/16/2014 11:30:00,7.1,7.15,7.1,7.15,1066
12/16/2014 11:45:00,7.17,7.19,7.15,7.16,3092
12/16/2014 12:00:00,7.1805,7.1805,7.11,7.1301,5568
12/16/2014 12:15:00,7.09,7.09,7.07,7.07,370
12/16/2014 12:30:00,7.07,7.07,7.07,7.07,100
12/16/2014 12:45:00,7.07,7.08,7.05,7.08,609
12/16/2014 13:00:00,7.05,7.05,7.02,7.03,400
12/16/2014 13:15:00,7.0,7.01,6.95,6.95,1100
12/16/2014 13:30:00,6.95,6.99,6.95,6.98,300
12/16/2014 13:45:00,6.945,7.0,6.94,7.0,1607
12/16/2014 14:00:00,7.03,7.03,6.97,6.97,334
12/16/2014 14:15:00,6.974,7.0,6.974,7.0,500
12/16/2014 14:30:00,7.0034,7.0034,6.9101,6.98,5823
12/16/2014 14:45:00,6.9599,6.99,6.9554,6.9554,4400
12/16/2014 15:00:00,6.99,6.99,6.99,6.99,100
12/16/2014 15:15:00,6.98,7.02,6.94,6.957,3702
12/16/2014 15:30:00,6.9471,7.0,6.86,6.96,2762
12/16/2014 15:45:00,7.0,7.02,7.0,7.02,900
12/16/2014 16:00:00,7.0,7.018,6.95,6.96,6087
12/17/2014 09:45:00,6.93,6.95,6.89,6.935,3911
12/17/2014 10:00:00,6.92,6.945,6.9,6.94,951
12/17/2014 10:15:00,6.93,6.96,6.93,6.95,799
12/17/2014 10:30:00,6.95,6.96,6.85,6.85,2480
12/17/2014 10:45:00,6.89,6.92,6.89,6.91,580
12/17/2014 11:00:00,6.9,6.91,6.8907,6.8907,1634
12/17/2014 11:15:00,6.905,6.93,6.905,6.93,12600
12/17/2014 11:30:00,6.93,7.0,6.93,6.97,4795
12/17/2014 11:45:00,6.99,7.04,6.96,7.04,8386
12/17/2014 12:00:00,7.0899,7.16,7.0899,7.16,400
12/17/2014 12:15:00,7.2,7.22,7.17,7.22,8534
12/17/2014 12:30:00,7.2,7.21,7.2,7.21,289
12/17/2014 12:45:00,7.215,7.215,7.215,7.215,100
12/17/2014 13:00:00,7.21,7.21,7.21,7.21,200
12/17/2014 13:15:00,7.21,7.21,7.21,7.21,0
12/17/2014 13:30:00,7.2031,7.22,7.2031,7.2162,3700
12/17/2014 13:45:00,7.2096,7.2096,7.19,7.19,800
12/17/2014 14:00:00,7.18,7.18,7.1,7.1,2448
12/17/2014 14:15:00,7.2,7.22,7.2,7.21,400
12/17/2014 14:30:00,7.23,7.27,7.23,7.27,2163
12/17/2014 14:45:00,7.27,7.4,7.27,7.35,4810
12/17/2014 15:00:00,7.34,7.47,7.34,7.44,3018
12/17/2014 15:15:00,7.37,7.44,7.336,7.44,8312
12/17/2014 15:30:00,7.48,7.57,7.41,7.54,4801
12/17/2014 15:45:00,7.53,7.58,7.5,7.52,4591
12/17/2014 16:00:00,7.53,7.59,7.49,7.57,23632
12/18/2014 09:45:00,7.63,7.75,7.57,7.57,10457
12/18/2014 10:00:00,7.61,7.61,7.49,7.49,2826
12/18/2014 10:15:00,7.53,7.58,7.5,7.52,1749
12/18/2014 10:30:00,7.5318,7.56,7.46,7.46,4327
12/18/2014 10:45:00,7.48,7.51,7.45,7.45,1700
12/18/2014 11:00:00,7.48,7.48,7.45,7.48,716
12/18/2014 11:15:00,7.48,7.48,7.45,7.45,667
12/18/2014 11:30:00,7.47,7.52,7.47,7.52,2098
12/18/2014 11:45:00,7.506,7.55,7.5,7.52,1571
12/18/2014 12:00:00,7.55,7.55,7.52,7.52,800
12/18/2014 12:15:00,7.54,7.56,7.54,7.56,1300
12/18/2014 12:30:00,7.5401,7.56,7.5401,7.56,300
12/18/2014 12:45:00,7.5,7.5,7.5,7.5,100
12/18/2014 13:00:00,7.58,7.58,7.54,7.54,200
12/18/2014 13:15:00,7.53,7.53,7.5243,7.53,909
12/18/2014 13:30:00,7.53,7.54,7.5001,7.5001,2100
12/18/2014 13:45:00,7.52,7.54,7.5,7.5129,2750
12/18/2014 14:00:00,7.5196,7.54,7.51,7.51,1715
12/18/2014 14:15:00,7.54,7.54,7.46,7.495,4887
12/18/2014 14:30:00,7.5,7.53,7.44,7.49,3400
12/18/2014 14:45:00,7.455,7.485,7.44,7.485,1957
12/18/2014 15:00:00,7.45,7.5,7.44,7.47,2461
12/18/2014 15:15:00,7.5,7.57,7.5,7.57,2134
12/18/2014 15:30:00,7.59,7.61,7.545,7.545,4058
12/18/2014 15:45:00,7.521,7.58,7.515,7.54,4100
12/18/2014 16:00:00,7.53,7.62,7.53,7.59,7777
12/19/2014 09:45:00,7.52,7.52,7.18,7.27,39166
12/19/2014 10:00:00,7.22,7.262,7.14,7.22,3341
12/19/2014 10:15:00,7.28,7.28,7.25,7.28,900
12/19/2014 10:30:00,7.28,7.33,7.25,7.308,5050
12/19/2014 10:45:00,7.26,7.284,7.11,7.185,10075
12/19/2014 11:00:00,7.192,7.192,7.13,7.18,1241
12/19/2014 11:15:00,7.158,7.22,7.15,7.22,418
12/19/2014 11:30:00,7.22,7.22,7.17,7.22,1490
12/19/2014 11:45:00,7.1801,7.205,7.16,7.18,411
12/19/2014 12:00:00,7.2,7.203,7.2,7.2,1378
12/19/2014 12:15:00,7.2,7.2,7.2,7.2,0
12/19/2014 12:30:00,7.22,7.24,7.22,7.225,504
12/19/2014 12:45:00,7.2203,7.2203,7.12,7.12,3872
12/19/2014 13:00:00,7.16,7.19,7.15,7.19,1576
12/19/2014 13:15:00,7.15,7.17,7.13,7.13,701
12/19/2014 13:30:00,7.1454,7.1454,7.06,7.07,3500
12/19/2014 13:45:00,7.04,7.04,7.01,7.01,3162
12/19/2014 14:00:00,7.01,7.05,7.0,7.0499,3483
12/19/2014 14:15:00,7.021,7.07,7.02,7.07,1902
12/19/2014 14:30:00,7.0414,7.06,7.01,7.02,2445
12/19/2014 14:45:00,7.02,7.08,7.02,7.07,1900
12/19/2014 15:00:00,7.05,7.07,7.05,7.0602,1525
12/19/2014 15:15:00,7.0463,7.06,7.0463,7.06,2865
12/19/2014 15:30:00,7.06,7.12,7.06,7.1,2620
12/19/2014 15:45:00,7.1,7.135,7.1,7.12,4121
12/19/2014 16:00:00,7.11,7.11,7.0,7.06,24159
12/22/2014 09:45:00,7.0,7.09,7.0,7.01,5408
12/22/2014 10:00:00,7.06,7.07,7.02,7.02,715
12/22/2014 10:15:00,7.0329,7.05,7.02,7.05,360
12/22/2014 10:30:00,7.02,7.03,7.01,7.01,417
12/22/2014 10:45:00,7.01,7.02,6.95,6.97,1561
12/22/2014 11:00:00,6.97,6.98,6.95,6.98,926
12/22/2014 11:15:00,6.95,6.97,6.95,6.97,600
12/22/2014 11:30:00,6.9699,6.97,6.95,6.95,771
12/22/2014 11:45:00,6.95,6.97,6.95,6.9699,1120
12/22/2014 12:00:00,6.95,6.95,6.93,6.93,542
12/22/2014 12:15:00,6.91,6.91,6.91,6.91,223
12/22/2014 12:30:00,6.9,6.92,6.9,6.91,545
12/22/2014 12:45:00,6.8701,6.9,6.8701,6.9,777
12/22/2014 13:00:00,6.9197,6.93,6.9197,6.9201,695
12/22/2014 13:15:00,6.94,6.94,6.92,6.93,1243
12/22/2014 13:30:00,6.93,6.93,6.93,6.93,0
12/22/2014 13:45:00,6.93,6.96,6.93,6.96,4621
12/22/2014 14:00:00,6.96,7.0,6.96,7.0,700
12/22/2014 14:15:00,6.97,7.04,6.97,7.03,1045
12/22/2014 14:30:00,7.04,7.06,7.04,7.0501,6924
12/22/2014 14:45:00,7.0303,7.0303,7.02,7.02,1907
12/22/2014 15:00:00,7.01,7.01,7.01,7.01,137
12/22/2014 15:15:00,7.01,7.05,7.01,7.05,1912
12/22/2014 15:30:00,7.02,7.0201,7.0,7.02,6033
12/22/2014 15:45:00,7.0328,7.04,7.02,7.03,3622
12/22/2014 16:00:00,7.0299,7.09,7.0299,7.08,7664
12/23/2014 09:45:00,7.04,7.1,6.76,6.76,15463
12/23/2014 10:00:00,6.771,6.88,6.771,6.84,521
12/23/2014 10:15:00,6.89,6.95,6.85,6.87,1783
12/23/2014 10:30:00,6.9,7.04,6.9,6.98,2252
12/23/2014 10:45:00,6.96,6.97,6.95,6.97,516
12/23/2014 11:00:00,6.95,6.99,6.941,6.99,900
12/23/2014 11:15:00,7.0,7.0,6.9701,6.9701,1000
12/23/2014 11:30:00,6.9739,7.08,6.97,7.08,6693
12/23/2014 11:45:00,7.09,7.09,7.03,7.03,3700
12/23/2014 12:00:00,7.06,7.07,7.06,7.07,706
12/23/2014 12:15:00,7.06,7.1,7.059,7.1,5702
12/23/2014 12:30:00,7.13,7.13,7.13,7.13,500
12/23/2014 12:45:00,7.15,7.15,7.13,7.143,850
12/23/2014 13:00:00,7.14,7.165,7.14,7.15,3698
12/23/2014 13:15:00,7.15,7.15,7.149,7.15,800
12/23/2014 13:30:00,7.19,7.19,7.17,7.19,2532
12/23/2014 13:45:00,7.185,7.23,7.18,7.22,4081
12/23/2014 14:00:00,7.2,7.22,7.2,7.2,2270
12/23/2014 14:15:00,7.19,7.2,7.19,7.2,1700
12/23/2014 14:30:00,7.2,7.2,7.18,7.18,3459
12/23/2014 14:45:00,7.18,7.19,7.18,7.19,400
12/23/2014 15:00:00,7.19,7.19,7.13,7.13,8704
12/23/2014 15:15:00,7.14,7.15,7.13,7.13,1000
12/23/2014 15:30:00,7.14,7.149,7.13,7.135,5307
12/23/2014 15:45:00,7.135,7.14,7.04,7.07,4962
12/23/2014 16:00:00,7.05,7.13,7.05,7.12,13895
12/24/2014 09:45:00,7.11,7.14,7.02,7.1,2057
12/24/2014 10:00:00,7.07,7.11,7.06,7.11,6018
12/24/2014 10:15:00,7.13,7.15,7.13,7.13,747
12/24/2014 10:30:00,7.135,7.145,7.13,7.145,15492
12/24/2014 10:45:00,7.15,7.15,7.14,7.14,1901
12/24/2014 11:00:00,7.14,7.14,7.13,7.14,3400
12/24/2014 11:15:00,7.14,7.15,7.13,7.13,1993
12/24/2014 11:30:00,7.14,7.15,7.14,7.15,5215
12/24/2014 11:45:00,7.2,7.25,7.17,7.25,7082
12/24/2014 12:00:00,7.24,7.39,7.24,7.3,62405
12/24/2014 12:15:00,7.3066,7.32,7.1,7.32,34498
12/24/2014 12:30:00,7.341,7.4,7.27,7.35,34500
12/24/2014 12:45:00,7.33,7.36,7.27,7.33,12204
12/24/2014 13:00:00,7.3,7.33,7.29,7.31,9751
12/24/2014 13:15:00,7.31,7.31,7.31,7.31,4449
12/24/2014 13:30:00,7.31,7.31,7.31,7.31,0
12/24/2014 13:45:00,7.31,7.31,7.31,7.31,0
12/24/2014 14:00:00,7.31,7.31,7.31,7.31,0
12/24/2014 14:15:00,7.31,7.31,7.31,7.31,0
12/24/2014 14:30:00,7.31,7.31,7.31,7.31,0
12/24/2014 14:45:00,7.31,7.31,7.31,7.31,0
12/24/2014 15:00:00,7.31,7.31,7.31,7.31,0
12/24/2014 15:15:00,7.31,7.31,7.31,7.31,0
12/24/2014 15:30:00,7.31,7.31,7.31,7.31,0
12/24/2014 15:45:00,7.31,7.31,7.31,7.31,0
12/24/2014 16:00:00,7.31,7.31,7.31,7.31,0
12/26/2014 09:45:00,7.38,7.39,7.36,7.36,2373
12/26/2014 10:00:00,7.33,7.33,7.33,7.33,200
12/26/2014 10:15:00,7.32,7.33,7.27,7.27,2844
12/26/2014 10:30:00,7.27,7.27,7.245,7.26,3084
12/26/2014 10:45:00,7.26,7.28,7.25,7.27,4480
12/26/2014 11:00:00,7.24,7.3,7.24,7.24,4597
12/26/2014 11:15:00,7.24,7.25,7.23,7.25,1246
12/26/2014 11:30:00,7.24,7.25,7.2186,7.23,5231
12/26/2014 11:45:00,7.23,7.25,7.2001,7.2001,8137
12/26/2014 12:00:00,7.21,7.21,7.17,7.17,3700
12/26/2014 12:15:00,7.18,7.2,7.18,7.2,716
12/26/2014 12:30:00,7.19,7.2,7.15,7.19,4634
12/26/2014 12:45:00,7.21,7.21,7.1801,7.1999,1300
12/26/2014 13:00:00,7.18,7.2,7.15,7.1601,3900
12/26/2014 13:15:00,7.17,7.199,7.17,7.1701,1639
12/26/2014 13:30:00,7.18,7.202,7.17,7.18,3956
12/26/2014 13:45:00,7.21,7.21,7.19,7.19,446
12/26/2014 14:00:00,7.21,7.21,7.19,7.2,2080
12/26/2014 14:15:00,7.19,7.21,7.19,7.21,2027
12/26/2014 14:30:00,7.2016,7.22,7.2,7.21,1681
12/26/2014 14:45:00,7.2,7.22,7.2,7.21,1472
12/26/2014 15:00:00,7.19,7.21,7.19,7.19,900
12/26/2014 15:15:00,7.2,7.2,7.1532,7.17,7391
12/26/2014 15:30:00,7.19,7.2,7.18,7.18,2925
12/26/2014 15:45:00,7.18,7.2001,7.17,7.2001,2300
12/26/2014 16:00:00,7.21,7.25,7.19,7.2,6748
12/29/2014 09:45:00,7.15,7.34,7.15,7.34,15151
12/29/2014 10:00:00,7.34,7.37,7.33,7.34,8470
12/29/2014 10:15:00,7.34,7.34,7.33,7.33,4069
12/29/2014 10:30:00,7.34,7.34,7.3,7.3,2770
12/29/2014 10:45:00,7.27,7.28,7.27,7.27,802
12/29/2014 11:00:00,7.26,7.26,7.19,7.21,4300
12/29/2014 11:15:00,7.23,7.23,7.225,7.23,300
12/29/2014 11:30:00,7.23,7.23,7.22,7.23,1300
12/29/2014 11:45:00,7.22,7.23,7.22,7.23,1559
12/29/2014 12:00:00,7.23,7.24,7.23,7.24,916
12/29/2014 12:15:00,7.221,7.23,7.19,7.23,4300
12/29/2014 12:30:00,7.24,7.24,7.235,7.235,300
12/29/2014 12:45:00,7.24,7.27,7.235,7.27,2434
12/29/2014 13:00:00,7.27,7.27,7.26,7.27,1237
12/29/2014 13:15:00,7.2663,7.27,7.19,7.22,11296
12/29/2014 13:30:00,7.23,7.24,7.2,7.202,5975
12/29/2014 13:45:00,7.2,7.21,7.19,7.21,1336
12/29/2014 14:00:00,7.22,7.22,7.19,7.19,3000
12/29/2014 14:15:00,7.195,7.2,7.19,7.2,902
12/29/2014 14:30:00,7.2,7.22,7.2,7.21,1039
12/29/2014 14:45:00,7.23,7.23,7.2101,7.23,596
12/29/2014 15:00:00,7.225,7.23,7.17,7.17,4165
12/29/2014 15:15:00,7.18,7.2,7.163,7.1801,4663
12/29/2014 15:30:00,7.19,7.19,7.13,7.145,14603
12/29/2014 15:45:00,7.13,7.16,7.12,7.15,4244
12/29/2014 16:00:00,7.16,7.19,7.09,7.14,17747
12/30/2014 09:45:00,7.06,7.16,7.06,7.1,4517
12/30/2014 10:00:00,7.1,7.1,6.86,6.935,16954
12/30/2014 10:15:00,6.93,7.0199,6.93,7.01,1589
12/30/2014 10:30:00,6.98,6.99,6.8096,6.8248,6200
12/30/2014 10:45:00,6.82,6.98,6.82,6.98,6927
12/30/2014 11:00:00,6.975,7.035,6.89,6.89,8386
12/30/2014 11:15:00,6.9,6.94,6.88,6.89,14482
12/30/2014 11:30:00,6.89,7.02,6.89,7.02,1427
12/30/2014 11:45:00,7.02,7.02,6.93,6.93,2894
12/30/2014 12:00:00,6.94,6.94,6.9,6.94,3410
12/30/2014 12:15:00,6.93,6.94,6.91,6.91,875
12/30/2014 12:30:00,6.91,6.94,6.88,6.9,5330
12/30/2014 12:45:00,6.89,7.01,6.89,7.01,9073
12/30/2014 13:00:00,7.01,7.09,7.01,7.09,3579
12/30/2014 13:15:00,7.0901,7.0905,7.0,7.0,5066
12/30/2014 13:30:00,7.0,7.06,7.0,7.03,2250
12/30/2014 13:45:00,7.06,7.08,7.0432,7.0632,1363
12/30/2014 14:00:00,7.08,7.08,7.06,7.07,1397
12/30/2014 14:15:00,7.06,7.07,6.99,7.04,2608
12/30/2014 14:30:00,7.03,7.04,6.9575,6.96,6235
12/30/2014 14:45:00,6.96,6.968,6.95,6.96,1225
12/30/2014 15:00:00,6.96,6.96,6.95,6.95,5473
12/30/2014 15:15:00,6.95,6.95,6.91,6.92,4708
12/30/2014 15:30:00,6.91,6.91,6.87,6.89,5441
12/30/2014 15:45:00,6.91,6.92,6.87,6.88,6887
12/30/2014 16:00:00,6.88,6.885,6.78,6.84,30720
12/31/2014 09:45:00,6.85,6.96,6.79,6.84,4161
12/31/2014 10:00:00,6.84,6.92,6.84,6.89,5038
12/31/2014 10:15:00,6.8901,7.01,6.8901,6.97,8517
12/31/2014 10:30:00,6.95,6.98,6.92,6.955,2001
12/31/2014 10:45:00,6.93,7.0,6.93,6.99,4000
12/31/2014 11:00:00,7.0,7.1,6.99,7.04,11674
12/31/2014 11:15:00,7.09,7.09,7.05,7.09,500
12/31/2014 11:30:00,7.09,7.17,7.09,7.14,1079
12/31/2014 11:45:00,7.14,7.14,7.0801,7.12,1714
12/31/2014 12:00:00,7.12,7.13,7.105,7.13,2411
12/31/2014 12:15:00,7.125,7.19,7.12,7.17,2474
12/31/2014 12:30:00,7.2,7.2,7.1234,7.1234,3300
12/31/2014 12:45:00,7.16,7.16,7.15,7.16,700
12/31/2014 13:00:00,7.1435,7.15,7.06,7.1394,14150
12/31/2014 13:15:00,7.091,7.14,7.09,7.12,2410
12/31/2014 13:30:00,7.12,7.12,7.095,7.12,1910
12/31/2014 13:45:00,7.1008,7.12,7.09,7.099,2602
12/31/2014 14:00:00,7.09,7.09,7.03,7.04,5535
12/31/2014 14:15:00,7.05,7.08,7.045,7.08,1577
12/31/2014 14:30:00,7.08,7.09,7.07,7.09,1866
12/31/2014 14:45:00,7.09,7.12,7.07,7.07,3676
12/31/2014 15:00:00,7.06,7.08,7.04,7.08,3603
12/31/2014 15:15:00,7.07,7.07,6.96,7.05,11688
12/31/2014 15:30:00,7.076,7.11,7.05,7.06,5959
12/31/2014 15:45:00,7.05,7.08,7.05,7.06,4844
12/31/2014 16:00:00,7.05,7.1,6.99,6.99,10491
01/02/2015 09:45:00,7.06,7.06,7.05,7.05,1996
01/02/2015 10:00:00,7.09,7.19,7.09,7.15,5033
01/02/2015 10:15:00,7.18,7.2,7.12,7.15,2786
01/02/2015 10:30:00,7.18,7.18,7.12,7.12,250
01/02/2015 10:45:00,7.14,7.14,7.04,7.04,5300
01/02/2015 11:00:00,7.0255,7.09,7.02,7.05,2170
01/02/2015 11:15:00,7.02,7.05,6.98,6.98,2800
01/02/2015 11:30:00,6.99,7.016,6.99,7.016,1112
01/02/2015 11:45:00,7.05,7.05,7.0007,7.03,650
01/02/2015 12:00:00,7.03,7.03,7.005,7.03,900
01/02/2015 12:15:00,7.03,7.07,7.0,7.07,955
01/02/2015 12:30:00,7.08,7.08,7.01,7.01,500
01/02/2015 12:45:00,7.03,7.03,7.03,7.03,200
01/02/2015 13:00:00,7.05,7.05,6.99,7.0,1967
01/02/2015 13:15:00,6.99,7.04,6.99,7.04,600
01/02/2015 13:30:00,7.02,7.08,7.02,7.038,940
01/02/2015 13:45:00,7.04,7.04,7.02,7.02,237
01/02/2015 14:00:00,7.03,7.03,7.01,7.03,800
01/02/2015 14:15:00,7.07,7.07,7.0473,7.06,1227
01/02/2015 14:30:00,7.05,7.06,7.05,7.06,2100
01/02/2015 14:45:00,7.05,7.13,7.04,7.13,1874
01/02/2015 15:00:00,7.13,7.13,7.03,7.07,3300
01/02/2015 15:15:00,7.06,7.08,7.048,7.06,1443
01/02/2015 15:30:00,7.06,7.08,7.0464,7.06,2250
01/02/2015 15:45:00,7.0616,7.15,7.06,7.13,2873
01/02/2015 16:00:00,7.11,7.12,7.08,7.09,6215
01/05/2015 09:45:00,7.03,7.09,7.0,7.05,8062
01/05/2015 10:00:00,7.03,7.08,6.99,7.08,906
01/05/2015 10:15:00,7.08,7.08,7.08,7.08,0
01/05/2015 10:30:00,7.09,7.09,7.06,7.06,383
01/05/2015 10:45:00,7.1,7.195,7.09,7.17,980
01/05/2015 11:00:00,7.22,7.22,7.16,7.2,300
01/05/2015 11:15:00,7.178,7.18,7.12,7.12,1701
01/05/2015 11:30:00,7.09,7.12,7.04,7.08,2289
01/05/2015 11:45:00,7.03,7.07,7.03,7.07,942
01/05/2015 12:00:00,7.12,7.12,7.08,7.08,500
01/05/2015 12:15:00,7.07,7.07,7.07,7.07,20
01/05/2015 12:30:00,7.07,7.08,7.04,7.07,903
01/05/2015 12:45:00,7.0673,7.07,7.0564,7.07,439
01/05/2015 13:00:00,7.06,7.06,7.03,7.03,1099
01/05/2015 13:15:00,7.01,7.03,7.01,7.02,500
01/05/2015 13:30:00,7.02,7.02,6.98,6.98,2555
01/05/2015 13:45:00,6.97,7.0,6.97,6.99,600
01/05/2015 14:00:00,6.97,6.98,6.94,6.94,434
01/05/2015 14:15:00,6.94,6.9499,6.92,6.92,1528
01/05/2015 14:30:00,6.92,6.925,6.91,6.92,1400
01/05/2015 14:45:00,6.91,6.92,6.8501,6.87,3868
01/05/2015 15:00:00,6.85,6.855,6.83,6.84,1580
01/05/2015 15:15:00,6.87,6.91,6.87,6.91,880
01/05/2015 15:30:00,6.93,6.93,6.895,6.91,515
01/05/2015 15:45:00,6.91,6.92,6.9,6.91,1542
01/05/2015 16:00:00,6.91,6.915,6.9,6.91,9473
01/06/2015 09:45:00,6.92,7.02,6.87,6.92,1098
01/06/2015 10:00:00,6.93,6.93,6.9143,6.9143,200
01/06/2015 10:15:00,6.92,6.92,6.8901,6.8901,393
01/06/2015 10:30:00,6.9,6.97,6.9,6.97,263
01/06/2015 10:45:00,6.97,6.97,6.9,6.9,500
01/06/2015 11:00:00,6.9,6.9,6.87,6.87,180
01/06/2015 11:15:00,6.809,6.88,6.8,6.88,738
01/06/2015 11:30:00,6.8,6.84,6.7999,6.84,222
01/06/2015 11:45:00,6.8,6.8,6.75,6.75,400
01/06/2015 12:00:00,6.75,6.7957,6.75,6.75,750
01/06/2015 12:15:00,6.75,6.75,6.58,6.6976,6055
01/06/2015 12:30:00,6.6859,6.699,6.65,6.699,3311
01/06/2015 12:45:00,6.71,6.76,6.71,6.76,225
01/06/2015 13:00:00,6.76,6.76,6.76,6.76,100
01/06/2015 13:15:00,6.76,6.78,6.76,6.7601,845
01/06/2015 13:30:00,6.76,6.77,6.72,6.74,1962
01/06/2015 13:45:00,6.75,6.75,6.73,6.73,513
01/06/2015 14:00:00,6.74,6.74,6.72,6.74,301
01/06/2015 14:15:00,6.76,6.76,6.73,6.74,3979
01/06/2015 14:30:00,6.71,6.71,6.7,6.7,445
01/06/2015 14:45:00,6.74,6.74,6.74,6.74,100
01/06/2015 15:00:00,6.73,6.77,6.73,6.77,2900
01/06/2015 15:15:00,6.77,6.77,6.7202,6.7202,1225
01/06/2015 15:30:00,6.75,6.75,6.75,6.75,200
01/06/2015 15:45:00,6.7799,6.7999,6.75,6.77,3053
01/06/2015 16:00:00,6.78,6.795,6.75,6.75,5198
01/07/2015 09:45:00,6.76,6.77,6.71,6.77,2559
01/07/2015 10:00:00,6.75,6.77,6.7399,6.77,1373
01/07/2015 10:15:00,6.77,6.77,6.72,6.73,400
01/07/2015 10:30:00,6.68,6.71,6.68,6.71,103
01/07/2015 10:45:00,6.7,6.7,6.68,6.7,650
01/07/2015 11:00:00,6.69,6.75,6.69,6.73,800
01/07/2015 11:15:00,6.73,6.7699,6.72,6.72,3044
01/07/2015 11:30:00,6.72,6.72,6.67,6.67,461
01/07/2015 11:45:00,6.69,6.7,6.69,6.7,301
01/07/2015 12:00:00,6.69,6.72,6.69,6.72,347
01/07/2015 12:15:00,6.73,6.73,6.7,6.7,345
01/07/2015 12:30:00,6.73,6.73,6.6995,6.6995,1050
01/07/2015 12:45:00,6.66,6.66,6.64,6.64,300
01/07/2015 13:00:00,6.68,6.68,6.65,6.65,119
01/07/2015 13:15:00,6.69,6.7,6.68,6.7,300
01/07/2015 13:30:00,6.7,6.7,6.68,6.68,200
01/07/2015 13:45:00,6.72,6.73,6.715,6.725,900
01/07/2015 14:00:00,6.691,6.7047,6.69,6.69,1200
01/07/2015 14:15:00,6.71,6.71,6.71,6.71,250
01/07/2015 14:30:00,6.71,6.71,6.68,6.69,300
01/07/2015 14:45:00,6.7,6.755,6.7,6.75,1833
01/07/2015 15:00:00,6.71,6.74,6.65,6.71,4939
01/07/2015 15:15:00,6.681,6.6935,6.66,6.67,7201
01/07/2015 15:30:00,6.67,6.69,6.67,6.69,400
01/07/2015 15:45:00,6.69,6.7,6.68,6.7,1250
01/07/2015 16:00:00,6.69,6.72,6.67,6.72,3751
01/08/2015 09:45:00,6.75,6.812,6.68,6.8,2985
01/08/2015 10:00:00,6.8,6.85,6.73,6.78,1888
01/08/2015 10:15:00,6.8,6.81,6.77,6.81,500
01/08/2015 10:30:00,6.82,6.9,6.71,6.74,15714
01/08/2015 10:45:00,6.73,6.9,6.69,6.74,12525
01/08/2015 11:00:00,6.77,6.8,6.74,6.8,182
01/08/2015 11:15:00,6.77,6.84,6.77,6.77,402
01/08/2015 11:30:00,6.77,6.8199,6.76,6.7999,721
01/08/2015 11:45:00,6.76,6.76,6.76,6.76,312
01/08/2015 12:00:00,6.76,6.8,6.76,6.76,524
01/08/2015 12:15:00,6.76,6.77,6.7,6.77,738
01/08/2015 12:30:00,6.73,6.73,6.71,6.71,300
01/08/2015 12:45:00,6.7,6.74,6.7,6.74,437
01/08/2015 13:00:00,6.72,6.78,6.7,6.74,7095
01/08/2015 13:15:00,6.79,6.79,6.74,6.74,124
01/08/2015 13:30:00,6.74,6.7401,6.74,6.74,142
01/08/2015 13:45:00,6.75,6.75,6.72,6.73,424
01/08/2015 14:00:00,6.75,6.75,6.72,6.72,521
01/08/2015 14:15:00,6.73,6.7699,6.73,6.7699,1392
01/08/2015 14:30:00,6.77,6.77,6.75,6.76,507
01/08/2015 14:45:00,6.76,6.78,6.76,6.76,546
01/08/2015 15:00:00,6.77,6.78,6.77,6.77,864
01/08/2015 15:15:00,6.77,6.77,6.72,6.74,824
01/08/2015 15:30:00,6.74,6.75,6.72,6.72,1153
01/08/2015 15:45:00,6.73,6.74,6.73,6.74,1135
01/08/2015 16:00:00,6.74,6.78,6.74,6.77,6568
01/09/2015 09:45:00,6.75,6.83,6.75,6.82,918
01/09/2015 10:00:00,6.81,6.81,6.71,6.71,701
01/09/2015 10:15:00,6.73,6.73,6.73,6.73,200
01/09/2015 10:30:00,6.83,6.83,6.83,6.83,100
01/09/2015 10:45:00,6.82,6.85,6.78,6.85,2826
01/09/2015 11:00:00,6.83,6.83,6.83,6.83,6
01/09/2015 11:15:00,6.81,6.83,6.75,6.75,522
01/09/2015 11:30:00,6.73,6.75,6.73,6.74,1210
01/09/2015 11:45:00,6.78,6.795,6.76,6.768,455
01/09/2015 12:00:00,6.75,6.77,6.75,6.77,315
01/09/2015 12:15:00,6.76,6.76,6.74,6.74,115
01/09/2015 12:30:00,6.76,6.7799,6.73,6.73,365
01/09/2015 12:45:00,6.76,6.76,6.72,6.72,305
01/09/2015 13:00:00,6.72,6.77,6.7,6.7,215
01/09/2015 13:15:00,6.7,6.74,6.7,6.72,290
01/09/2015 13:30:00,6.71,6.74,6.7,6.71,600
01/09/2015 13:45:00,6.71,6.71,6.71,6.71,363
01/09/2015 14:00:00,6.7396,6.74,6.71,6.71,917
01/09/2015 14:15:00,6.7,6.74,6.7,6.7,100
01/09/2015 14:30:00,6.7,6.7255,6.7,6.71,2471
01/09/2015 14:45:00,6.72,6.72,6.7,6.7055,929
01/09/2015 15:00:00,6.7,6.71,6.7,6.71,233
01/09/2015 15:15:00,6.71,6.72,6.71,6.71,1083
01/09/2015 15:30:00,6.71,6.72,6.7,6.7,919
01/09/2015 15:45:00,6.7,6.72,6.7,6.72,442
01/09/2015 16:00:00,6.7,6.7,6.64,6.64,11706
01/12/2015 09:45:00,6.61,6.67,6.18,6.27,23106
01/12/2015 10:00:00,6.3,6.3,6.2,6.2,3178
01/12/2015 10:15:00,6.22,6.22,6.22,6.22,100
01/12/2015 10:30:00,6.24,6.27,6.221,6.25,2085
01/12/2015 10:45:00,6.33,6.33,6.31,6.31,300
01/12/2015 11:00:00,6.3788,6.3788,6.36,6.36,404
01/12/2015 11:15:00,6.4,6.481,6.4,6.481,2100
01/12/2015 11:30:00,6.48,6.48,6.46,6.46,1121
01/12/2015 11:45:00,6.46,6.46,6.46,6.46,0
01/12/2015 12:00:00,6.47,6.47,6.44,6.44,500
01/12/2015 12:15:00,6.46,6.51,6.46,6.51,462
01/12/2015 12:30:00,6.49,6.49,6.49,6.49,500
01/12/2015 12:45:00,6.49,6.49,6.49,6.49,0
01/12/2015 13:00:00,6.46,6.46,6.46,6.46,200
01/12/2015 13:15:00,6.45,6.45,6.45,6.45,100
01/12/2015 13:30:00,6.47,6.47,6.43,6.4628,1200
01/12/2015 13:45:00,6.46,6.47,6.46,6.47,900
01/12/2015 14:00:00,6.47,6.48,6.47,6.48,469
01/12/2015 14:15:00,6.49,6.49,6.48,6.48,200
01/12/2015 14:30:00,6.48,6.48,6.48,6.48,0
01/12/2015 14:45:00,6.48,6.48,6.476,6.476,850
01/12/2015 15:00:00,6.47,6.48,6.45,6.45,1036
01/12/2015 15:15:00,6.46,6.4693,6.44,6.44,944
01/12/2015 15:30:00,6.43,6.43,6.38,6.38,2977
01/12/2015 15:45:00,6.38,6.38,6.33,6.35,5665
01/12/2015 16:00:00,6.35,6.37,6.3,6.33,11100
01/13/2015 09:45:00,6.36,6.47,6.31,6.47,1050
01/13/2015 10:00:00,6.44,6.4799,6.4,6.4501,3265
01/13/2015 10:15:00,6.49,6.55,6.475,6.55,4997
01/13/2015 10:30:00,6.53,6.53,6.53,6.53,200
01/13/2015 10:45:00,6.55,6.62,6.55,6.62,400
01/13/2015 11:00:00,6.63,6.64,6.63,6.64,200
01/13/2015 11:15:00,6.63,6.63,6.56,6.56,4402
01/13/2015 11:30:00,6.56,6.59,6.51,6.54,1150
01/13/2015 11:45:00,6.53,6.53,6.53,6.53,300
01/13/2015 12:00:00,6.45,6.48,6.41,6.46,3100
01/13/2015 12:15:00,6.45,6.45,6.42,6.43,381
01/13/2015 12:30:00,6.39,6.43,6.34,6.37,1100
01/13/2015 12:45:00,6.35,6.35,6.35,6.35,200
01/13/2015 13:00:00,6.37,6.37,6.37,6.37,100
01/13/2015 13:15:00,6.33,6.37,6.33,6.35,1130
01/13/2015 13:30:00,6.26,6.32,6.26,6.32,253
01/13/2015 13:45:00,6.28,6.28,6.26,6.28,1600
01/13/2015 14:00:00,6.3,6.3,6.22,6.25,1420
01/13/2015 14:15:00,6.26,6.26,6.2,6.2,3500
01/13/2015 14:30:00,6.21,6.32,6.21,6.27,2041
01/13/2015 14:45:00,6.3,6.3,6.3,6.3,100
01/13/2015 15:00:00,6.32,6.33,6.31,6.31,703
01/13/2015 15:15:00,6.31,6.32,6.28,6.3,6200
01/13/2015 15:30:00,6.3038,6.32,6.2948,6.32,1000
01/13/2015 15:45:00,6.31,6.39,6.29,6.3799,7618
01/13/2015 16:00:00,6.33,6.36,6.27,6.35,8180
01/14/2015 09:45:00,6.3,6.39,6.26,6.35,5054
01/14/2015 10:00:00,6.3379,6.45,6.33,6.45,3305
01/14/2015 10:15:00,6.465,6.47,6.45,6.46,334
01/14/2015 10:30:00,6.47,6.47,6.4,6.4,2225
01/14/2015 10:45:00,6.4,6.43,6.4,6.43,241
01/14/2015 11:00:00,6.42,6.42,6.42,6.42,100
01/14/2015 11:15:00,6.43,6.54,6.43,6.5,5974
01/14/2015 11:30:00,6.46,6.46,6.46,6.46,600
01/14/2015 11:45:00,6.41,6.41,6.38,6.38,710
01/14/2015 12:00:00,6.42,6.42,6.39,6.41,1200
01/14/2015 12:15:00,6.41,6.42,6.39,6.42,800
01/14/2015 12:30:00,6.42,6.42,6.42,6.42,0
01/14/2015 12:45:00,6.41,6.4199,6.4078,6.4199,6100
01/14/2015 13:00:00,6.38,6.439,6.38,6.3801,3550
01/14/2015 13:15:00,6.3799,6.41,6.37,6.37,653
01/14/2015 13:30:00,6.37,6.4099,6.37,6.4099,45
01/14/2015 13:45:00,6.41,6.41,6.34,6.34,222
01/14/2015 14:00:00,6.34,6.34,6.34,6.34,0
01/14/2015 14:15:00,6.37,6.37,6.37,6.37,100
01/14/2015 14:30:00,6.41,6.41,6.4,6.41,1250
01/14/2015 14:45:00,6.44,6.44,6.38,6.38,2049
01/14/2015 15:00:00,6.38,6.38,6.38,6.38,0
01/14/2015 15:15:00,6.39,6.39,6.38,6.38,500
01/14/2015 15:30:00,6.41,6.5,6.405,6.49,2819
01/14/2015 15:45:00,6.5,6.5,6.48,6.48,671
01/14/2015 16:00:00,6.48,6.48,6.3901,6.44,7526
01/15/2015 09:45:00,6.41,6.44,6.38,6.39,2783
01/15/2015 10:00:00,6.3,6.31,6.3,6.31,717
01/15/2015 10:15:00,6.3,6.3,6.2501,6.2501,769
01/15/2015 10:30:00,6.29,6.3,6.28,6.3,1045
01/15/2015 10:45:00,6.35,6.35,6.29,6.3,601
01/15/2015 11:00:00,6.291,6.33,6.29,6.33,600
01/15/2015 11:15:00,6.27,6.3,6.27,6.28,782
01/15/2015 11:30:00,6.31,6.31,6.25,6.259,4760
01/15/2015 11:45:00,6.26,6.27,6.22,6.22,4632
01/15/2015 12:00:00,6.205,6.21,6.155,6.21,1600
01/15/2015 12:15:00,6.15,6.15,6.15,6.15,100
01/15/2015 12:30:00,6.1101,6.14,6.05,6.09,2392
01/15/2015 12:45:00,6.0999,6.0999,6.038,6.038,1100
01/15/2015 13:00:00,6.03,6.03,6.0001,6.01,525
01/15/2015 13:15:00,6.02,6.05,6.02,6.02,279
01/15/2015 13:30:00,6.03,6.06,6.01,6.01,999
01/15/2015 13:45:00,6.01,6.0115,6.0,6.0,3165
01/15/2015 14:00:00,6.039,6.039,6.0,6.0,698
01/15/2015 14:15:00,6.0399,6.04,6.02,6.02,1085
01/15/2015 14:30:00,6.035,6.08,6.01,6.08,1087
01/15/2015 14:45:00,6.07,6.07,6.05,6.05,905
01/15/2015 15:00:00,6.05,6.1,6.05,6.07,1929
01/15/2015 15:15:00,6.05,6.05,6.05,6.05,1870
01/15/2015 15:30:00,6.05,6.05,6.0335,6.05,2570
01/15/2015 15:45:00,6.04,6.05,6.03,6.05,3233
01/15/2015 16:00:00,6.05,6.15,6.04,6.09,20538
01/16/2015 09:45:00,6.05,6.12,6.05,6.09,4786
01/16/2015 10:00:00,6.15,6.17,6.15,6.17,332
01/16/2015 10:15:00,6.21,6.22,6.2,6.2,803
01/16/2015 10:30:00,6.16,6.23,6.16,6.21,4283
01/16/2015 10:45:00,6.24,6.26,6.22,6.26,1321
01/16/2015 11:00:00,6.25,6.27,6.25,6.26,526
01/16/2015 11:15:00,6.2601,6.2601,6.22,6.22,79
01/16/2015 11:30:00,6.25,6.25,6.21,6.21,371
01/16/2015 11:45:00,6.2,6.24,6.2,6.22,623
01/16/2015 12:00:00,6.23,6.24,6.22,6.23,2850
01/16/2015 12:15:00,6.22,6.22,6.22,6.22,258
01/16/2015 12:30:00,6.22,6.22,6.22,6.22,0
01/16/2015 12:45:00,6.21,6.21,6.18,6.18,703
01/16/2015 13:00:00,6.1901,6.2,6.14,6.14,763
01/16/2015 13:15:00,6.13,6.18,6.13,6.18,189
01/16/2015 13:30:00,6.16,6.16,6.13,6.13,624
01/16/2015 13:45:00,6.14,6.15,6.14,6.15,184
01/16/2015 14:00:00,6.15,6.15,6.15,6.15,50
01/16/2015 14:15:00,6.13,6.13,6.105,6.105,2464
01/16/2015 14:30:00,6.12,6.1397,6.12,6.1397,1300
01/16/2015 14:45:00,6.12,6.14,6.12,6.13,355
01/16/2015 15:00:00,6.13,6.13,6.12,6.13,553
01/16/2015 15:15:00,6.1399,6.1505,6.1399,6.1505,503
01/16/2015 15:30:00,6.17,6.2,6.165,6.181,403
01/16/2015 15:45:00,6.19,6.19,6.18,6.18,1685
01/16/2015 16:00:00,6.19,6.27,6.18,6.26,4386
01/20/2015 09:45:00,6.22,6.24,6.146,6.146,1449
01/20/2015 10:00:00,6.18,6.1899,6.131,6.17,1174
01/20/2015 10:15:00,6.17,6.17,6.15,6.15,700
01/20/2015 10:30:00,6.18,6.25,6.18,6.23,710
01/20/2015 10:45:00,6.23,6.25,6.2,6.21,1137
01/20/2015 11:00:00,6.2,6.21,6.15,6.16,1716
01/20/2015 11:15:00,6.15,6.19,6.1,6.1,3603
01/20/2015 11:30:00,6.1,6.15,6.1,6.1495,560
01/20/2015 11:45:00,6.12,6.14,6.115,6.14,300
01/20/2015 12:00:00,6.1201,6.15,6.12,6.15,1601
01/20/2015 12:15:00,6.12,6.13,6.12,6.12,965
01/20/2015 12:30:00,6.12,6.13,6.12,6.13,406
01/20/2015 12:45:00,6.12,6.18,6.12,6.18,750
01/20/2015 13:00:00,6.16,6.16,6.16,6.16,100
01/20/2015 13:15:00,6.16,6.16,6.14,6.14,505
01/20/2015 13:30:00,6.16,6.16,6.16,6.16,600
01/20/2015 13:45:00,6.16,6.17,6.15,6.17,2000
01/20/2015 14:00:00,6.18,6.18,6.15,6.15,600
01/20/2015 14:15:00,6.15,6.22,6.15,6.1878,4098
01/20/2015 14:30:00,6.21,6.21,6.14,6.14,2100
01/20/2015 14:45:00,6.15,6.2501,6.15,6.25,1206
01/20/2015 15:00:00,6.27,6.34,6.27,6.32,3327
01/20/2015 15:15:00,6.33,6.34,6.28,6.28,2250
01/20/2015 15:30:00,6.28,6.28,6.25,6.25,500
01/20/2015 15:45:00,6.21,6.23,6.19,6.23,1016
01/20/2015 16:00:00,6.22,6.24,6.16,6.17,4412
01/21/2015 09:45:00,6.24,6.32,6.24,6.29,4157
01/21/2015 10:00:00,6.2501,6.32,6.23,6.31,1738
01/21/2015 10:15:00,6.34,6.34,6.33,6.34,300
01/21/2015 10:30:00,6.342,6.39,6.342,6.39,700
01/21/2015 10:45:00,6.4,6.4,6.389,6.389,879
01/21/2015 11:00:00,6.41,6.43,6.38,6.38,1400
01/21/2015 11:15:00,6.36,6.37,6.36,6.37,415
01/21/2015 11:30:00,6.3898,6.3898,6.3547,6.3547,101
01/21/2015 11:45:00,6.37,6.38,6.37,6.38,200
01/21/2015 12:00:00,6.37,6.38,6.36,6.38,500
01/21/2015 12:15:00,6.37,6.37,6.37,6.37,200
01/21/2015 12:30:00,6.38,6.38,6.35,6.35,500
01/21/2015 12:45:00,6.4,6.4,6.3645,6.38,1700
01/21/2015 13:00:00,6.38,6.38,6.34,6.3687,1124
01/21/2015 13:15:00,6.37,6.37,6.37,6.37,400
01/21/2015 13:30:00,6.37,6.37,6.33,6.34,2600
01/21/2015 13:45:00,6.34,6.34,6.31,6.31,400
01/21/2015 14:00:00,6.34,6.34,6.34,6.34,1400
01/21/2015 14:15:00,6.31,6.31,6.3,6.31,910
01/21/2015 14:30:00,6.32,6.32,6.23,6.23,1398
01/21/2015 14:45:00,6.26,6.26,6.26,6.26,100
01/21/2015 15:00:00,6.28,6.3,6.27,6.3,400
01/21/2015 15:15:00,6.31,6.31,6.26,6.27,1548
01/21/2015 15:30:00,6.27,6.31,6.27,6.31,825
01/21/2015 15:45:00,6.3,6.31,6.3,6.31,782
01/21/2015 16:00:00,6.3,6.31,6.27,6.28,5594
01/22/2015 09:45:00,6.35,6.42,6.31,6.31,5663
01/22/2015 10:00:00,6.31,6.35,6.25,6.35,2518
01/22/2015 10:15:00,6.35,6.35,6.35,6.35,291
01/22/2015 10:30:00,6.35,6.39,6.34,6.39,3109
01/22/2015 10:45:00,6.36,6.4,6.36,6.364,431
01/22/2015 11:00:00,6.4,6.4,6.3955,6.4,597
01/22/2015 11:15:00,6.35,6.35,6.35,6.35,1
01/22/2015 11:30:00,6.3401,6.38,6.3401,6.38,102
01/22/2015 11:45:00,6.35,6.35,6.35,6.35,100
01/22/2015 12:00:00,6.339,6.339,6.339,6.339,300
01/22/2015 12:15:00,6.34,6.35,6.31,6.3123,1197
01/22/2015 12:30:00,6.36,6.36,6.344,6.344,123
01/22/2015 12:45:00,6.35,6.35,6.35,6.35,454
01/22/2015 13:00:00,6.37,6.4,6.3671,6.38,5253
01/22/2015 13:15:00,6.37,6.398,6.37,6.398,900
01/22/2015 13:30:00,6.39,6.39,6.3368,6.3368,272
01/22/2015 13:45:00,6.3368,6.3368,6.3368,6.3368,0
01/22/2015 14:00:00,6.3201,6.33,6.32,6.33,476
01/22/2015 14:15:00,6.34,6.35,6.34,6.35,314
01/22/2015 14:30:00,6.36,6.37,6.36,6.37,779
01/22/2015 14:45:00,6.37,6.37,6.34,6.34,2700
01/22/2015 15:00:00,6.34,6.34,6.32,6.34,2341
01/22/2015 15:15:00,6.36,6.37,6.36,6.36,1409
01/22/2015 15:30:00,6.35,6.36,6.33,6.34,1540
01/22/2015 15:45:00,6.35,6.35,6.28,6.28,2638
01/22/2015 16:00:00,6.29,6.3,6.26,6.28,7114
01/23/2015 09:45:00,6.25,6.35,6.24,6.312,5147
01/23/2015 10:00:00,6.2601,6.27,6.19,6.25,2333
01/23/2015 10:15:00,6.19,6.232,6.19,6.232,1262
01/23/2015 10:30:00,6.2,6.23,6.2,6.23,204
01/23/2015 10:45:00,6.23,6.23,6.23,6.23,0
01/23/2015 11:00:00,6.23,6.33,6.23,6.327,5862
01/23/2015 11:15:00,6.29,6.3,6.28,6.28,1305
01/23/2015 11:30:00,6.29,6.32,6.29,6.3,3305
01/23/2015 11:45:00,6.27,6.299,6.26,6.27,2935
01/23/2015 12:00:00,6.27,6.27,6.27,6.27,0
01/23/2015 12:15:00,6.3,6.33,6.3,6.315,976
01/23/2015 12:30:00,6.31,6.31,6.3,6.3,875
01/23/2015 12:45:00,6.32,6.32,6.32,6.32,100
01/23/2015 13:00:00,6.31,6.31,6.31,6.31,107
01/23/2015 13:15:00,6.3,6.3,6.27,6.27,2140
01/23/2015 13:30:00,6.27,6.2847,6.25,6.2847,991
01/23/2015 13:45:00,6.28,6.31,6.27,6.27,1408
01/23/2015 14:00:00,6.27,6.2801,6.27,6.28,328
01/23/2015 14:15:00,6.2701,6.3,6.2701,6.3,125
01/23/2015 14:30:00,6.27,6.27,6.25,6.25,2066
01/23/2015 14:45:00,6.26,6.26,6.25,6.26,550
01/23/2015 15:00:00,6.26,6.26,6.26,6.26,0
01/23/2015 15:15:00,6.27,6.27,6.27,6.27,200
01/23/2015 15:30:00,6.2701,6.35,6.2701,6.35,8736
01/23/2015 15:45:00,6.3499,6.35,6.33,6.35,705
01/23/2015 16:00:00,6.35,6.35,6.33,6.34,5662
01/26/2015 09:45:00,6.25,6.3,6.22,6.3,2353
01/26/2015 10:00:00,6.29,6.29,6.23,6.23,368
01/26/2015 10:15:00,6.25,6.2699,6.25,6.2699,1350
01/26/2015 10:30:00,6.21,6.31,6.17,6.31,4823
01/26/2015 10:45:00,6.33,6.43,6.33,6.43,302
01/26/2015 11:00:00,6.43,6.43,6.41,6.43,900
01/26/2015 11:15:00,6.46,6.46,6.36,6.37,1600
01/26/2015 11:30:00,6.36,6.36,6.36,6.36,330
01/26/2015 11:45:00,6.36,6.36,6.36,6.36,100
01/26/2015 12:00:00,6.4058,6.41,6.4058,6.41,134
01/26/2015 12:15:00,6.4164,6.4164,6.41,6.41,500
01/26/2015 12:30:00,6.41,6.44,6.41,6.43,750
01/26/2015 12:45:00,6.4201,6.4201,6.4201,6.4201,400
01/26/2015 13:00:00,6.42,6.42,6.42,6.42,42
01/26/2015 13:15:00,6.44,6.44,6.435,6.44,215
01/26/2015 13:30:00,6.44,6.46,6.44,6.46,425
01/26/2015 13:45:00,6.46,6.46,6.46,6.46,100
01/26/2015 14:00:00,6.46,6.46,6.46,6.46,0
01/26/2015 14:15:00,6.46,6.46,6.45,6.45,400
01/26/2015 14:30:00,6.44,6.44,6.435,6.44,300
01/26/2015 14:45:00,6.4343,6.4343,6.4343,6.4343,100
01/26/2015 15:00:00,6.44,6.44,6.38,6.398,800
01/26/2015 15:15:00,6.38,6.4,6.38,6.4,804
01/26/2015 15:30:00,6.405,6.42,6.405,6.42,507
01/26/2015 15:45:00,6.42,6.42,6.4,6.41,1112
01/26/2015 16:00:00,6.4,6.4058,6.34,6.38,5218
01/27/2015 09:45:00,6.35,6.35,6.25,6.32,3805
01/27/2015 10:00:00,6.33,6.33,6.2801,6.29,424
01/27/2015 10:15:00,6.28,6.3,6.28,6.3,869
01/27/2015 10:30:00,6.31,6.31,6.28,6.28,600
01/27/2015 10:45:00,6.28,6.28,6.28,6.28,135
01/27/2015 11:00:00,6.28,6.28,6.28,6.28,0
01/27/2015 11:15:00,6.26,6.3,6.26,6.3,65
01/27/2015 11:30:00,6.2899,6.2899,6.26,6.26,978
01/27/2015 11:45:00,6.28,6.28,6.26,6.26,902
01/27/2015 12:00:00,6.26,6.26,6.26,6.26,0
01/27/2015 12:15:00,6.26,6.26,6.26,6.26,0
01/27/2015 12:30:00,6.3,6.3,6.28,6.3,900
01/27/2015 12:45:00,6.3,6.3,6.287,6.287,1223
01/27/2015 13:00:00,6.28,6.28,6.28,6.28,17
01/27/2015 13:15:00,6.29,6.3,6.28,6.28,1060
01/27/2015 13:30:00,6.298,6.298,6.29,6.29,300
01/27/2015 13:45:00,6.2801,6.2999,6.2801,6.29,450
01/27/2015 14:00:00,6.3,6.31,6.28,6.3,4390
01/27/2015 14:15:00,6.29,6.29,6.29,6.29,182
01/27/2015 14:30:00,6.33,6.3501,6.33,6.3501,380
01/27/2015 14:45:00,6.39,6.4,6.39,6.4,300
01/27/2015 15:00:00,6.37,6.37,6.37,6.37,4
01/27/2015 15:15:00,6.385,6.39,6.385,6.39,100
01/27/2015 15:30:00,6.4,6.4,6.37,6.37,700
01/27/2015 15:45:00,6.37,6.37,6.3048,6.3048,1653
01/27/2015 16:00:00,6.315,6.33,6.3032,6.32,5006
01/28/2015 09:45:00,6.36,6.44,6.34,6.36,862
01/28/2015 10:00:00,6.299,6.299,6.26,6.29,900
01/28/2015 10:15:00,6.26,6.26,6.2,6.2,324
01/28/2015 10:30:00,6.174,6.19,6.174,6.19,303
01/28/2015 10:45:00,6.18,6.18,6.16,6.16,1004
01/28/2015 11:00:00,6.156,6.156,6.06,6.07,2651
01/28/2015 11:15:00,6.08,6.12,6.05,6.12,685
01/28/2015 11:30:00,6.139,6.139,6.1,6.1,750
01/28/2015 11:45:00,6.12,6.125,6.11,6.11,400
01/28/2015 12:00:00,6.1,6.1,6.055,6.055,900
01/28/2015 12:15:00,6.07,6.13,6.07,6.12,900
01/28/2015 12:30:00,6.16,6.18,6.15,6.18,615
01/28/2015 12:45:00,6.17,6.17,6.14,6.14,600
01/28/2015 13:00:00,6.14,6.15,6.135,6.135,1300
01/28/2015 13:15:00,6.13,6.14,6.13,6.13,760
01/28/2015 13:30:00,6.13,6.14,6.13,6.14,857
01/28/2015 13:45:00,6.13,6.13,6.12,6.12,979
01/28/2015 14:00:00,6.12,6.12,6.1,6.1,738
01/28/2015 14:15:00,6.11,6.12,6.1,6.12,1000
01/28/2015 14:30:00,6.11,6.11,6.09,6.09,2281
01/28/2015 14:45:00,6.09,6.09,6.07,6.08,3680
01/28/2015 15:00:00,6.07,6.08,6.07,6.08,400
01/28/2015 15:15:00,6.075,6.08,6.07,6.075,1197
01/28/2015 15:30:00,6.07,6.07,6.01,6.02,4204
01/28/2015 15:45:00,6.02,6.02,5.94,5.94,6596
01/28/2015 16:00:00,5.94,5.98,5.93,5.97,6064
01/29/2015 09:45:00,5.96,6.02,5.92,5.92,5811
01/29/2015 10:00:00,5.95,5.96,5.95,5.96,500
01/29/2015 10:15:00,5.96,5.97,5.96,5.96,772
01/29/2015 10:30:00,5.965,5.965,5.8806,5.9,2672
01/29/2015 10:45:00,5.91,5.94,5.89,5.94,3766
01/29/2015 11:00:00,5.93,5.94,5.93,5.94,705
01/29/2015 11:15:00,5.9301,5.9301,5.92,5.93,600
01/29/2015 11:30:00,5.93,5.97,5.93,5.97,1445
01/29/2015 11:45:00,5.98,6.02,5.96,6.02,1733
01/29/2015 12:00:00,6.02,6.02,5.99,6.0,696
01/29/2015 12:15:00,6.02,6.02,6.0102,6.0153,950
01/29/2015 12:30:00,6.01,6.01,6.0,6.0,500
01/29/2015 12:45:00,5.99,6.04,5.99,6.04,1685
01/29/2015 13:00:00,6.04,6.04,6.0,6.03,1580
01/29/2015 13:15:00,6.02,6.02,5.97,5.98,1650
01/29/2015 13:30:00,5.98,6.0,5.98,6.0,783
01/29/2015 13:45:00,5.99,6.01,5.97,6.01,706
01/29/2015 14:00:00,6.05,6.09,6.04,6.09,411
01/29/2015 14:15:00,6.115,6.115,6.0901,6.1014,1900
01/29/2015 14:30:00,6.12,6.13,6.12,6.13,356
01/29/2015 14:45:00,6.18,6.18,6.12,6.12,987
01/29/2015 15:00:00,6.11,6.13,6.1,6.1,2110
01/29/2015 15:15:00,6.09,6.1299,6.0801,6.1299,2600
01/29/2015 15:30:00,6.12,6.19,6.12,6.19,1400
01/29/2015 15:45:00,6.19,6.19,6.15,6.16,2019
01/29/2015 16:00:00,6.19,6.21,6.18,6.2,5113
01/30/2015 09:45:00,6.12,6.16,6.12,6.15,3254
01/30/2015 10:00:00,6.16,6.19,6.14,6.16,973
01/30/2015 10:15:00,6.15,6.15,6.14,6.14,938
01/30/2015 10:30:00,6.14,6.145,6.13,6.14,2301
01/30/2015 10:45:00,6.13,6.14,6.09,6.09,2691
01/30/2015 11:00:00,6.1,6.11,6.0301,6.0301,2544
01/30/2015 11:15:00,6.04,6.04,6.02,6.03,596
01/30/2015 11:30:00,6.04,6.06,6.0301,6.04,800
01/30/2015 11:45:00,6.05,6.06,6.0401,6.0401,400
01/30/2015 12:00:00,6.06,6.09,6.05,6.09,459
01/30/2015 12:15:00,6.09,6.11,6.06,6.06,2520
01/30/2015 12:30:00,6.11,6.11,6.0717,6.0717,900
01/30/2015 12:45:00,6.1,6.11,6.07,6.07,444
01/30/2015 13:00:00,6.09,6.09,6.05,6.07,700
01/30/2015 13:15:00,6.08,6.08,6.05,6.07,400
01/30/2015 13:30:00,6.05,6.05,6.02,6.03,2045
01/30/2015 13:45:00,6.03,6.03,6.03,6.03,0
01/30/2015 14:00:00,6.06,6.07,6.045,6.045,900
01/30/2015 14:15:00,6.045,6.045,6.045,6.045,0
01/30/2015 14:30:00,6.06,6.12,6.0401,6.12,843
01/30/2015 14:45:00,6.1,6.12,6.07,6.09,1110
01/30/2015 15:00:00,6.09,6.1,6.05,6.055,4100
01/30/2015 15:15:00,6.0318,6.035,5.99,5.99,4703
01/30/2015 15:30:00,5.99,5.99,5.91,5.94,2995
01/30/2015 15:45:00,5.93,5.95,5.91,5.9216,4617
01/30/2015 16:00:00,5.92,5.92,5.82,5.82,10849
02/02/2015 09:45:00,5.91,6.03,5.91,5.97,4273
02/02/2015 10:00:00,5.97,5.97,5.78,5.81,7727
02/02/2015 10:15:00,5.81,5.82,5.81,5.81,3259
02/02/2015 10:30:00,5.82,5.82,5.82,5.82,200
02/02/2015 10:45:00,5.79,5.79,5.79,5.79,60
02/02/2015 11:00:00,5.83,5.83,5.82,5.82,500
02/02/2015 11:15:00,5.83,5.92,5.83,5.92,617
02/02/2015 11:30:00,5.88,5.93,5.88,5.92,2371
02/02/2015 11:45:00,5.93,5.95,5.92,5.945,1416
02/02/2015 12:00:00,5.95,5.95,5.95,5.95,100
02/02/2015 12:15:00,5.94,5.95,5.92,5.95,1070
02/02/2015 12:30:00,5.95,5.95,5.94,5.94,320
02/02/2015 12:45:00,5.921,5.96,5.92,5.96,1231
02/02/2015 13:00:00,5.95,5.95,5.93,5.94,4867
02/02/2015 13:15:00,5.95,5.95,5.94,5.95,700
02/02/2015 13:30:00,5.96,5.96,5.94,5.95,2340
02/02/2015 13:45:00,5.96,5.96,5.91,5.91,1740
02/02/2015 14:00:00,5.9,5.9,5.87,5.87,4720
02/02/2015 14:15:00,5.88,5.88,5.85,5.85,1558
02/02/2015 14:30:00,5.84,5.84,5.82,5.82,1314
02/02/2015 14:45:00,5.83,5.86,5.83,5.86,1945
02/02/2015 15:00:00,5.87,5.9,5.86,5.9,2901
02/02/2015 15:15:00,5.9,5.91,5.89,5.89,918
02/02/2015 15:30:00,5.91,5.96,5.91,5.96,900
02/02/2015 15:45:00,5.97,6.0,5.97,6.0,1284
02/02/2015 16:00:00,6.0,6.02,5.97,6.0,6592
02/03/2015 09:45:00,6.0,6.17,6.0,6.17,1233
02/03/2015 10:00:00,6.2,6.308,6.2,6.25,611
02/03/2015 10:15:00,6.24,6.3,6.24,6.3,9
02/03/2015 10:30:00,6.22,6.25,6.16,6.22,5743
02/03/2015 10:45:00,6.205,6.22,6.15,6.16,2674
02/03/2015 11:00:00,6.13,6.13,6.13,6.13,100
02/03/2015 11:15:00,6.125,6.14,6.11,6.14,1975
02/03/2015 11:30:00,6.14,6.14,6.14,6.14,1828
02/03/2015 11:45:00,6.1343,6.14,6.1101,6.13,2730
02/03/2015 12:00:00,6.13,6.13,6.13,6.13,0
02/03/2015 12:15:00,6.11,6.1199,6.1,6.11,6573
02/03/2015 12:30:00,6.11,6.11,6.11,6.11,0
02/03/2015 12:45:00,6.1,6.1,6.1,6.1,25
02/03/2015 13:00:00,6.12,6.12,6.12,6.12,1321
02/03/2015 13:15:00,6.1029,6.12,6.1029,6.12,1400
02/03/2015 13:30:00,6.12,6.12,6.12,6.12,1902
02/03/2015 13:45:00,6.13,6.13,6.13,6.13,400
02/03/2015 14:00:00,6.13,6.13,6.13,6.13,800
02/03/2015 14:15:00,6.13,6.13,6.12,6.12,1808
02/03/2015 14:30:00,6.12,6.12,6.12,6.12,0
02/03/2015 14:45:00,6.118,6.1226,6.1001,6.11,3663
02/03/2015 15:00:00,6.11,6.115,6.11,6.111,472
02/03/2015 15:15:00,6.115,6.14,6.115,6.135,4883
02/03/2015 15:30:00,6.14,6.14,6.13,6.14,1217
02/03/2015 15:45:00,6.14,6.14,6.11,6.11,15657
02/03/2015 16:00:00,6.12,6.18,6.12,6.16,9956
02/04/2015 09:45:00,6.13,6.19,6.11,6.19,1277
02/04/2015 10:00:00,6.19,6.19,6.1,6.16,1893
02/04/2015 10:15:00,6.13,6.17,6.1,6.13,881
02/04/2015 10:30:00,6.13,6.13,6.12,6.12,150
02/04/2015 10:45:00,6.11,6.13,6.11,6.13,503
02/04/2015 11:00:00,6.13,6.13,6.13,6.13,0
02/04/2015 11:15:00,6.1,6.1,6.08,6.1,400
02/04/2015 11:30:00,6.1,6.1,6.1,6.1,600
02/04/2015 11:45:00,6.13,6.13,6.13,6.13,265
02/04/2015 12:00:00,6.12,6.12,6.12,6.12,100
02/04/2015 12:15:00,6.14,6.14,6.14,6.14,3
02/04/2015 12:30:00,6.1375,6.14,6.1,6.1,1040
02/04/2015 12:45:00,6.06,6.06,6.05,6.05,200
02/04/2015 13:00:00,6.0562,6.06,6.0562,6.06,888
02/04/2015 13:15:00,6.05,6.05,6.0,6.03,2920
02/04/2015 13:30:00,6.042,6.042,6.042,6.042,500
02/04/2015 13:45:00,6.07,6.13,6.07,6.1,2531
02/04/2015 14:00:00,6.101,6.101,6.06,6.06,650
02/04/2015 14:15:00,6.07,6.09,6.07,6.07,1050
02/04/2015 14:30:00,6.06,6.0986,6.06,6.0986,570
02/04/2015 14:45:00,6.09,6.09,6.08,6.08,400
02/04/2015 15:00:00,6.07,6.07,6.03,6.05,2741
02/04/2015 15:15:00,6.04,6.04,6.04,6.04,305
02/04/2015 15:30:00,6.04,6.14,6.04,6.13,2497
02/04/2015 15:45:00,6.09,6.09,6.02,6.02,1500
02/04/2015 16:00:00,6.01,6.02,5.94,5.96,13322
02/05/2015 09:45:00,6.01,6.04,6.01,6.02,3348
02/05/2015 10:00:00,6.07,6.14,6.07,6.13,1946
02/05/2015 10:15:00,6.13,6.13,6.13,6.13,0
02/05/2015 10:30:00,6.13,6.13,6.13,6.13,0
02/05/2015 10:45:00,6.13,6.13,6.04,6.05,253
02/05/2015 11:00:00,6.05,6.05,6.05,6.05,0
02/05/2015 11:15:00,6.095,6.095,6.03,6.03,300
02/05/2015 11:30:00,6.0812,6.0812,6.0501,6.0501,920
02/05/2015 11:45:00,6.0501,6.0501,6.0501,6.0501,0
02/05/2015 12:00:00,6.04,6.075,6.02,6.05,360
02/05/2015 12:15:00,6.082,6.082,6.05,6.06,900
02/05/2015 12:30:00,6.08,6.0801,6.08,6.08,1480
02/05/2015 12:45:00,6.11,6.11,6.09,6.11,250
02/05/2015 13:00:00,6.08,6.105,6.08,6.09,3600
02/05/2015 13:15:00,6.11,6.11,6.11,6.11,200
02/05/2015 13:30:00,6.14,6.14,6.14,6.14,100
02/05/2015 13:45:00,6.14,6.14,6.14,6.14,0
02/05/2015 14:00:00,6.14,6.14,6.14,6.14,0
02/05/2015 14:15:00,6.11,6.11,6.11,6.11,200
02/05/2015 14:30:00,6.14,6.14,6.12,6.12,660
02/05/2015 14:45:00,6.111,6.111,6.1,6.1,535
02/05/2015 15:00:00,6.13,6.15,6.12,6.15,789
02/05/2015 15:15:00,6.15,6.15,6.15,6.15,100
02/05/2015 15:30:00,6.15,6.17,6.145,6.165,4281
02/05/2015 15:45:00,6.165,6.2,6.16,6.1916,4317
02/05/2015 16:00:00,6.19,6.24,6.19,6.2,6343
02/06/2015 09:45:00,6.23,6.23,6.13,6.13,2828
02/06/2015 10:00:00,6.25,6.25,6.25,6.25,42
02/06/2015 10:15:00,6.24,6.24,6.2358,6.2358,491
02/06/2015 10:30:00,6.25,6.31,6.25,6.31,1871
02/06/2015 10:45:00,6.3,6.3399,6.27,6.3399,585
02/06/2015 11:00:00,6.3,6.3,6.27,6.27,300
02/06/2015 11:15:00,6.24,6.24,6.24,6.24,40
02/06/2015 11:30:00,6.27,6.33,6.27,6.3,4949
02/06/2015 11:45:00,6.31,6.31,6.27,6.27,800
02/06/2015 12:00:00,6.24,6.24,6.1706,6.1706,1600
02/06/2015 12:15:00,6.1706,6.1706,6.1706,6.1706,0
02/06/2015 12:30:00,6.2,6.2,6.13,6.14,2300
02/06/2015 12:45:00,6.1375,6.1375,6.13,6.13,162
02/06/2015 13:00:00,6.14,6.22,6.1284,6.22,2448
02/06/2015 13:15:00,6.21,6.23,6.19,6.23,978
02/06/2015 13:30:00,6.24,6.24,6.21,6.22,722
02/06/2015 13:45:00,6.23,6.23,6.2,6.22,760
02/06/2015 14:00:00,6.22,6.22,6.21,6.21,2934
02/06/2015 14:15:00,6.21,6.21,6.21,6.21,0
02/06/2015 14:30:00,6.21,6.24,6.21,6.2201,480
02/06/2015 14:45:00,6.213,6.29,6.213,6.26,1379
02/06/2015 15:00:00,6.2583,6.27,6.23,6.23,1699
02/06/2015 15:15:00,6.23,6.23,6.195,6.195,593
02/06/2015 15:30:00,6.195,6.195,6.16,6.16,999
02/06/2015 15:45:00,6.17,6.23,6.17,6.23,2407
02/06/2015 16:00:00,6.21,6.23,6.2,6.22,4866
02/09/2015 09:45:00,6.21,6.21,6.16,6.2,1205
02/09/2015 10:00:00,6.231,6.31,6.22,6.283,928
02/09/2015 10:15:00,6.31,6.31,6.304,6.304,36
02/09/2015 10:30:00,6.28,6.28,6.26,6.26,1100
02/09/2015 10:45:00,6.26,6.26,6.22,6.22,1300
02/09/2015 11:00:00,6.23,6.31,6.23,6.26,5905
02/09/2015 11:15:00,6.27,6.27,6.23,6.23,800
02/09/2015 11:30:00,6.31,6.31,6.29,6.29,102
02/09/2015 11:45:00,6.29,6.29,6.29,6.29,0
02/09/2015 12:00:00,6.3038,6.3038,6.28,6.28,390
02/09/2015 12:15:00,6.28,6.3,6.27,6.29,1900
02/09/2015 12:30:00,6.29,6.29,6.29,6.29,0
02/09/2015 12:45:00,6.3,6.3,6.3,6.3,200
02/09/2015 13:00:00,6.33,6.33,6.29,6.29,401
02/09/2015 13:15:00,6.3199,6.33,6.29,6.33,1118
02/09/2015 13:30:00,6.28,6.28,6.28,6.28,100
02/09/2015 13:45:00,6.28,6.287,6.22,6.22,1383
02/09/2015 14:00:00,6.22,6.22,6.22,6.22,0
02/09/2015 14:15:00,6.25,6.25,6.22,6.22,343
02/09/2015 14:30:00,6.26,6.26,6.22,6.26,1800
02/09/2015 14:45:00,6.24,6.24,6.24,6.24,20
02/09/2015 15:00:00,6.23,6.26,6.23,6.26,500
02/09/2015 15:15:00,6.26,6.26,6.23,6.26,1879
02/09/2015 15:30:00,6.26,6.26,6.26,6.26,603
02/09/2015 15:45:00,6.26,6.26,6.24,6.26,1814
02/09/2015 16:00:00,6.25,6.34,6.25,6.3,15783
02/10/2015 09:45:00,6.3,6.41,6.3,6.37,2731
02/10/2015 10:00:00,6.37,6.42,6.36,6.39,85
02/10/2015 10:15:00,6.36,6.37,6.27,6.27,3794
02/10/2015 10:30:00,6.314,6.314,6.2501,6.2501,575
02/10/2015 10:45:00,6.24,6.24,6.2,6.2001,500
02/10/2015 11:00:00,6.2,6.2,6.15,6.1665,757
02/10/2015 11:15:00,6.2,6.2,6.06,6.06,3014
02/10/2015 11:30:00,6.063,6.1,6.063,6.1,563
02/10/2015 11:45:00,6.16,6.16,6.11,6.16,403
02/10/2015 12:00:00,6.17,6.17,6.17,6.17,200
02/10/2015 12:15:00,6.1997,6.1997,6.1997,6.1997,337
02/10/2015 12:30:00,6.18,6.22,6.18,6.22,240
02/10/2015 12:45:00,6.18,6.18,6.18,6.18,100
02/10/2015 13:00:00,6.18,6.18,6.1322,6.1322,2373
02/10/2015 13:15:00,6.13,6.13,6.1,6.1,231
02/10/2015 13:30:00,6.1,6.1,6.1,6.1,0
02/10/2015 13:45:00,6.15,6.15,6.1001,6.1001,200
02/10/2015 14:00:00,6.12,6.12,6.12,6.12,100
02/10/2015 14:15:00,6.12,6.12,6.12,6.12,0
02/10/2015 14:30:00,6.12,6.12,6.11,6.11,200
02/10/2015 14:45:00,6.14,6.14,6.14,6.14,200
02/10/2015 15:00:00,6.1,6.13,6.1,6.13,415
02/10/2015 15:15:00,6.12,6.16,6.12,6.16,1889
02/10/2015 15:30:00,6.15,6.17,6.15,6.17,1354
02/10/2015 15:45:00,6.17,6.26,6.17,6.24,1670
02/10/2015 16:00:00,6.23,6.26,6.21,6.22,4872
02/11/2015 09:45:00,6.18,6.24,6.11,6.12,1314
02/11/2015 10:00:00,6.12,6.15,6.1,6.11,592
02/11/2015 10:15:00,6.1,6.1,5.98,6.0,6690
02/11/2015 10:30:00,5.99,6.02,5.94,5.94,5074
02/11/2015 10:45:00,5.96,5.99,5.94,5.95,468
02/11/2015 11:00:00,5.9965,6.07,5.95,6.07,1000
02/11/2015 11:15:00,6.03,6.03,6.02,6.02,102
02/11/2015 11:30:00,6.04,6.04,5.99,5.99,903
02/11/2015 11:45:00,5.99,5.99,5.99,5.99,0
02/11/2015 12:00:00,6.03,6.04,5.97,5.97,1216
02/11/2015 12:15:00,5.99,6.01,5.99,6.0,250
02/11/2015 12:30:00,6.0045,6.0045,6.0,6.0,232
02/11/2015 12:45:00,6.0,6.0,5.99,6.0,702
02/11/2015 13:00:00,6.02,6.03,5.9703,5.9703,3011
02/11/2015 13:15:00,5.9814,5.9814,5.9,5.91,3146
02/11/2015 13:30:00,5.922,5.93,5.91,5.91,601
02/11/2015 13:45:00,5.9,5.93,5.9,5.93,2000
02/11/2015 14:00:00,5.95,5.97,5.92,5.96,2700
02/11/2015 14:15:00,5.99,5.99,5.99,5.99,100
02/11/2015 14:30:00,5.9731,5.9731,5.95,5.95,700
02/11/2015 14:45:00,5.97,5.99,5.97,5.99,33
02/11/2015 15:00:00,5.99,5.99,5.99,5.99,101
02/11/2015 15:15:00,5.98,5.98,5.96,5.965,809
02/11/2015 15:30:00,5.96,5.969,5.92,5.95,3400
02/11/2015 15:45:00,5.94,6.04,5.94,6.04,1161
02/11/2015 16:00:00,6.01,6.01,5.93,5.96,3733
02/12/2015 09:45:00,6.02,6.02,5.93,5.94,5306
02/12/2015 10:00:00,5.98,5.99,5.98,5.99,400
02/12/2015 10:15:00,5.98,5.98,5.98,5.98,33
02/12/2015 10:30:00,6.01,6.03,5.96,5.98,6740
02/12/2015 10:45:00,6.02,6.02,5.98,6.01,458
02/12/2015 11:00:00,5.98,6.01,5.97,5.98,3575
02/12/2015 11:15:00,5.99,5.99,5.98,5.98,1500
02/12/2015 11:30:00,5.9915,6.0,5.9647,5.975,7459
02/12/2015 11:45:00,5.96,5.975,5.93,5.96,1407
02/12/2015 12:00:00,5.9401,5.97,5.9401,5.97,2150
02/12/2015 12:15:00,5.97,5.97,5.92,5.94,7357
02/12/2015 12:30:00,5.9507,5.9507,5.945,5.945,400
02/12/2015 12:45:00,5.96,5.96,5.93,5.93,2500
02/12/2015 13:00:00,5.93,5.93,5.9,5.9001,1346
02/12/2015 13:15:00,5.9299,5.9299,5.87,5.88,2063
02/12/2015 13:30:00,5.88,5.88,5.81,5.86,4037
02/12/2015 13:45:00,5.85,5.86,5.85,5.86,557
02/12/2015 14:00:00,5.8527,5.91,5.8527,5.9058,4125
02/12/2015 14:15:00,5.939,5.98,5.92,5.94,3597
02/12/2015 14:30:00,5.94,5.94,5.9,5.9114,1363
02/12/2015 14:45:00,5.92,5.92,5.8535,5.8535,1104
02/12/2015 15:00:00,5.89,5.89,5.86,5.87,1932
02/12/2015 15:15:00,5.88,5.88,5.86,5.87,1100
02/12/2015 15:30:00,5.88,5.88,5.85,5.85,2056
02/12/2015 15:45:00,5.86,5.87,5.85,5.8514,3367
02/12/2015 16:00:00,5.86,5.87,5.85,5.85,8214
02/13/2015 09:45:00,5.85,6.0477,5.85,6.0477,2451
02/13/2015 10:00:00,6.01,6.01,6.01,6.01,300
02/13/2015 10:15:00,6.04,6.05,6.0,6.0,2960
02/13/2015 10:30:00,6.0,6.02,6.0,6.02,200
02/13/2015 10:45:00,6.0297,6.0297,6.0297,6.0297,56
02/13/2015 11:00:00,6.03,6.03,6.0,6.01,425
02/13/2015 11:15:00,6.01,6.01,6.01,6.01,425
02/13/2015 11:30:00,6.0,6.005,6.0,6.005,5424
02/13/2015 11:45:00,6.0,6.0,5.9999,5.9999,904
02/13/2015 12:00:00,6.0,6.01,6.0,6.01,700
02/13/2015 12:15:00,6.01,6.01,6.0099,6.01,650
02/13/2015 12:30:00,6.0,6.0,5.9999,6.0,807
02/13/2015 12:45:00,5.99,5.99,5.99,5.99,200
02/13/2015 13:00:00,5.99,5.99,5.99,5.99,50
02/13/2015 13:15:00,5.99,6.0,5.98,5.98,500
02/13/2015 13:30:00,5.979,5.98,5.97,5.97,1127
02/13/2015 13:45:00,5.97,5.98,5.96,5.97,2397
02/13/2015 14:00:00,5.97,5.99,5.97,5.99,212
02/13/2015 14:15:00,5.99,5.99,5.97,5.9857,817
02/13/2015 14:30:00,5.9801,6.01,5.9801,5.99,495
02/13/2015 14:45:00,6.0,6.0,5.99,5.99,800
02/13/2015 15:00:00,6.0,6.0,6.0,6.0,137
02/13/2015 15:15:00,5.99,6.01,5.99,6.01,1738
02/13/2015 15:30:00,6.0301,6.0301,6.02,6.02,2715
02/13/2015 15:45:00,6.04,6.05,6.04,6.049,802
02/13/2015 16:00:00,6.05,6.06,5.99,6.05,12020
02/17/2015 09:45:00,6.05,6.07,6.05,6.06,2368
02/17/2015 10:00:00,6.05,6.06,6.05,6.06,1602
02/17/2015 10:15:00,6.07,6.11,6.07,6.0953,3885
02/17/2015 10:30:00,6.08,6.09,6.06,6.09,342
02/17/2015 10:45:00,6.07,6.11,6.07,6.1097,136
02/17/2015 11:00:00,6.1097,6.1097,6.1097,6.1097,0
02/17/2015 11:15:00,6.11,6.11,6.08,6.08,212
02/17/2015 11:30:00,6.08,6.08,6.08,6.08,0
02/17/2015 11:45:00,6.0901,6.11,6.08,6.11,1400
02/17/2015 12:00:00,6.11,6.11,6.11,6.11,0
02/17/2015 12:15:00,6.09,6.1,6.09,6.1,400
02/17/2015 12:30:00,6.0805,6.11,6.08,6.11,4300
02/17/2015 12:45:00,6.1,6.1,6.1,6.1,100
02/17/2015 13:00:00,6.11,6.11,6.1,6.105,2832
02/17/2015 13:15:00,6.11,6.14,6.11,6.14,4816
02/17/2015 13:30:00,6.19,6.19,6.19,6.19,403
02/17/2015 13:45:00,6.22,6.22,6.19,6.19,357
02/17/2015 14:00:00,6.21,6.21,6.18,6.18,250
02/17/2015 14:15:00,6.18,6.19,6.18,6.19,117
02/17/2015 14:30:00,6.2,6.22,6.18,6.18,133
02/17/2015 14:45:00,6.18,6.18,6.18,6.18,0
02/17/2015 15:00:00,6.2,6.2,6.18,6.18,167
02/17/2015 15:15:00,6.22,6.23,6.22,6.22,304
02/17/2015 15:30:00,6.22,6.22,6.2,6.2199,1651
02/17/2015 15:45:00,6.21,6.22,6.2,6.22,3001
02/17/2015 16:00:00,6.22,6.22,6.21,6.21,3187
02/18/2015 09:45:00,6.19,6.2,6.19,6.2,445
02/18/2015 10:00:00,6.24,6.24,6.2,6.22,625
02/18/2015 10:15:00,6.22,6.22,6.18,6.22,990
02/18/2015 10:30:00,6.22,6.22,6.22,6.22,0
02/18/2015 10:45:00,6.22,6.26,6.22,6.24,394
02/18/2015 11:00:00,6.24,6.28,6.24,6.28,7157
02/18/2015 11:15:00,6.264,6.28,6.26,6.26,1065
02/18/2015 11:30:00,6.28,6.28,6.26,6.28,212
02/18/2015 11:45:00,6.28,6.3,6.2799,6.29,1648
02/18/2015 12:00:00,6.29,6.32,6.29,6.32,453
02/18/2015 12:15:00,6.3,6.31,6.3,6.3,105
02/18/2015 12:30:00,6.3,6.319,6.28,6.31,1291
02/18/2015 12:45:00,6.3,6.3,6.27,6.27,3785
02/18/2015 13:00:00,6.26,6.26,6.25,6.25,116
02/18/2015 13:15:00,6.25,6.26,6.25,6.25,109
02/18/2015 13:30:00,6.27,6.27,6.25,6.25,155
02/18/2015 13:45:00,6.25,6.28,6.25,6.27,526
02/18/2015 14:00:00,6.26,6.28,6.26,6.26,430
02/18/2015 14:15:00,6.28,6.3099,6.27,6.27,1395
02/18/2015 14:30:00,6.29,6.295,6.27,6.28,1006
02/18/2015 14:45:00,6.26,6.2744,6.26,6.26,706
02/18/2015 15:00:00,6.26,6.28,6.26,6.28,484
02/18/2015 15:15:00,6.3,6.315,6.27,6.315,810
02/18/2015 15:30:00,6.31,6.31,6.3,6.3,15
02/18/2015 15:45:00,6.32,6.32,6.3,6.3,1563
02/18/2015 16:00:00,6.3,6.33,6.285,6.32,5616
02/19/2015 09:45:00,6.28,6.34,6.25,6.2872,1496
02/19/2015 10:00:00,6.3199,6.3199,6.31,6.31,96
02/19/2015 10:15:00,6.31,6.36,6.31,6.31,650
02/19/2015 10:30:00,6.3499,6.36,6.33,6.33,1364
02/19/2015 10:45:00,6.33,6.36,6.31,6.34,1532
02/19/2015 11:00:00,6.34,6.34,6.34,6.34,0
02/19/2015 11:15:00,6.33,6.36,6.32,6.36,281
02/19/2015 11:30:00,6.36,6.39,6.33,6.39,803
02/19/2015 11:45:00,6.39,6.39,6.36,6.39,1052
02/19/2015 12:00:00,6.39,6.4599,6.37,6.435,4051
02/19/2015 12:15:00,6.43,6.46,6.43,6.45,65
02/19/2015 12:30:00,6.45,6.47,6.44,6.47,360
02/19/2015 12:45:00,6.47,6.48,6.42,6.4684,2620
02/19/2015 13:00:00,6.49,6.49,6.44,6.45,665
02/19/2015 13:15:00,6.44,6.5,6.44,6.485,988
02/19/2015 13:30:00,6.47,6.5,6.47,6.5,26
02/19/2015 13:45:00,6.5,6.5,6.48,6.5,668
02/19/2015 14:00:00,6.5,6.52,6.4901,6.52,1614
02/19/2015 14:15:00,6.52,6.54,6.52,6.53,342
02/19/2015 14:30:00,6.53,6.55,6.51,6.51,733
02/19/2015 14:45:00,6.53,6.53,6.53,6.53,30
02/19/2015 15:00:00,6.54,6.55,6.53,6.5499,3345
02/19/2015 15:15:00,6.55,6.55,6.51,6.54,305
02/19/2015 15:30:00,6.54,6.55,6.52,6.53,1804
02/19/2015 15:45:00,6.52,6.53,6.46,6.5283,3381
02/19/2015 16:00:00,6.53,6.55,6.51,6.53,4909
02/20/2015 09:45:00,6.54,6.58,6.46,6.53,7866
02/20/2015 10:00:00,6.53,6.58,6.45,6.45,1994
02/20/2015 10:15:00,6.5,6.52,6.5,6.52,1076
02/20/2015 10:30:00,6.52,6.52,6.46,6.48,5480
02/20/2015 10:45:00,6.47,6.51,6.47,6.51,1252
02/20/2015 11:00:00,6.53,6.54,6.53,6.54,400
02/20/2015 11:15:00,6.53,6.59,6.53,6.58,3045
02/20/2015 11:30:00,6.58,6.58,6.58,6.58,0
02/20/2015 11:45:00,6.53,6.58,6.53,6.58,300
02/20/2015 12:00:00,6.53,6.57,6.53,6.57,202
02/20/2015 12:15:00,6.57,6.57,6.57,6.57,0
02/20/2015 12:30:00,6.5407,6.5407,6.5175,6.52,2302
02/20/2015 12:45:00,6.54,6.59,6.54,6.59,2700
02/20/2015 13:00:00,6.5452,6.57,6.51,6.55,723
02/20/2015 13:15:00,6.52,6.5599,6.51,6.51,190
02/20/2015 13:30:00,6.51,6.51,6.51,6.51,0
02/20/2015 13:45:00,6.51,6.51,6.51,6.51,0
02/20/2015 14:00:00,6.51,6.51,6.47,6.48,208
02/20/2015 14:15:00,6.47,6.5,6.47,6.47,1167
02/20/2015 14:30:00,6.48,6.485,6.44,6.44,2350
02/20/2015 14:45:00,6.46,6.46,6.36,6.4301,12109
02/20/2015 15:00:00,6.45,6.458,6.45,6.458,725
02/20/2015 15:15:00,6.44,6.52,6.44,6.52,2676
02/20/2015 15:30:00,6.53,6.6,6.53,6.58,8500
02/20/2015 15:45:00,6.58,6.59,6.56,6.59,2502
02/20/2015 16:00:00,6.59,6.62,6.555,6.6,4915
02/23/2015 09:45:00,6.51,6.57,6.4001,6.42,16191
02/23/2015 10:00:00,6.38,6.4084,6.35,6.39,1630
02/23/2015 10:15:00,6.39,6.43,6.39,6.43,400
02/23/2015 10:30:00,6.43,6.43,6.395,6.395,900
02/23/2015 10:45:00,6.42,6.42,6.35,6.36,1428
02/23/2015 11:00:00,6.35,6.36,6.32,6.36,981
02/23/2015 11:15:00,6.35,6.4,6.35,6.4,561
02/23/2015 11:30:00,6.41,6.41,6.38,6.38,2666
02/23/2015 11:45:00,6.38,6.38,6.38,6.38,0
02/23/2015 12:00:00,6.3761,6.4,6.3703,6.38,1000
02/23/2015 12:15:00,6.382,6.41,6.382,6.41,600
02/23/2015 12:30:00,6.3916,6.41,6.3916,6.41,350
02/23/2015 12:45:00,6.41,6.48,6.41,6.46,1616
02/23/2015 13:00:00,6.45,6.4625,6.45,6.4625,1379
02/23/2015 13:15:00,6.45,6.5,6.45,6.49,5884
02/23/2015 13:30:00,6.49,6.49,6.49,6.49,600
02/23/2015 13:45:00,6.49,6.53,6.475,6.53,1019
02/23/2015 14:00:00,6.52,6.52,6.5,6.52,282
02/23/2015 14:15:00,6.51,6.51,6.5,6.5,1173
02/23/2015 14:30:00,6.49,6.49,6.47,6.48,232
02/23/2015 14:45:00,6.48,6.48,6.46,6.46,1366
02/23/2015 15:00:00,6.44,6.45,6.43,6.43,1631
02/23/2015 15:15:00,6.42,6.44,6.39,6.415,1813
02/23/2015 15:30:00,6.43,6.43,6.42,6.43,707
02/23/2015 15:45:00,6.43,6.48,6.43,6.45,1607
02/23/2015 16:00:00,6.45,6.46,6.415,6.4303,5657
02/24/2015 09:45:00,6.42,6.45,6.36,6.41,6232
02/24/2015 10:00:00,6.4,6.43,6.4,6.43,206
02/24/2015 10:15:00,6.4,6.4,6.37,6.3775,1431
02/24/2015 10:30:00,6.4,6.44,6.395,6.43,1269
02/24/2015 10:45:00,6.4506,6.4506,6.45,6.45,150
02/24/2015 11:00:00,6.51,6.51,6.455,6.455,300
02/24/2015 11:15:00,6.42,6.5,6.4,6.41,363
02/24/2015 11:30:00,6.44,6.44,6.44,6.44,100
02/24/2015 11:45:00,6.4548,6.49,6.44,6.4775,2079
02/24/2015 12:00:00,6.47,6.49,6.44,6.44,4803
02/24/2015 12:15:00,6.49,6.49,6.41,6.42,6600
02/24/2015 12:30:00,6.41,6.46,6.41,6.46,420
02/24/2015 12:45:00,6.41,6.43,6.38,6.4,1313
02/24/2015 13:00:00,6.43,6.43,6.38,6.38,400
02/24/2015 13:15:00,6.39,6.42,6.38,6.4,3030
02/24/2015 13:30:00,6.39,6.39,6.39,6.39,200
02/24/2015 13:45:00,6.407,6.42,6.39,6.4,416
02/24/2015 14:00:00,6.4199,6.42,6.4,6.42,1887
02/24/2015 14:15:00,6.459,6.46,6.43,6.43,1041
02/24/2015 14:30:00,6.43,6.43,6.43,6.43,0
02/24/2015 14:45:00,6.45,6.46,6.44,6.44,1352
02/24/2015 15:00:00,6.43,6.43,6.426,6.426,120
02/24/2015 15:15:00,6.41,6.45,6.41,6.43,440
02/24/2015 15:30:00,6.44,6.44,6.43,6.4301,252
02/24/2015 15:45:00,6.44,6.44,6.42,6.42,900
02/24/2015 16:00:00,6.41,6.42,6.36,6.36,6487
02/25/2015 09:45:00,6.36,6.3951,6.36,6.37,1143
02/25/2015 10:00:00,6.35,6.36,6.35,6.35,2148
02/25/2015 10:15:00,6.35,6.35,6.35,6.35,495
02/25/2015 10:30:00,6.357,6.37,6.35,6.35,1505
02/25/2015 10:45:00,6.35,6.3601,6.35,6.3601,267
02/25/2015 11:00:00,6.3601,6.3601,6.3601,6.3601,0
02/25/2015 11:15:00,6.36,6.42,6.36,6.36,2190
02/25/2015 11:30:00,6.4,6.4,6.3873,6.3873,250
02/25/2015 11:45:00,6.3873,6.3873,6.3873,6.3873,0
02/25/2015 12:00:00,6.37,6.4,6.37,6.4,516
02/25/2015 12:15:00,6.405,6.42,6.405,6.405,300
02/25/2015 12:30:00,6.4081,6.42,6.39,6.42,1977
02/25/2015 12:45:00,6.42,6.45,6.42,6.45,400
02/25/2015 13:00:00,6.4096,6.42,6.4,6.41,1208
02/25/2015 13:15:00,6.41,6.42,6.39,6.405,500
02/25/2015 13:30:00,6.4,6.4,6.39,6.39,500
02/25/2015 13:45:00,6.41,6.41,6.41,6.41,100
02/25/2015 14:00:00,6.3615,6.4,6.3615,6.39,700
02/25/2015 14:15:00,6.38,6.38,6.36,6.38,604
02/25/2015 14:30:00,6.38,6.39,6.36,6.36,343
02/25/2015 14:45:00,6.38,6.38,6.38,6.38,300
02/25/2015 15:00:00,6.39,6.39,6.35,6.39,971
02/25/2015 15:15:00,6.37,6.38,6.37,6.38,748
02/25/2015 15:30:00,6.39,6.41,6.39,6.41,1006
02/25/2015 15:45:00,6.37,6.44,6.37,6.44,1226
02/25/2015 16:00:00,6.41,6.42,6.37,6.38,6247
02/26/2015 09:45:00,6.37,6.37,6.34,6.35,2254
02/26/2015 10:00:00,6.34,6.34,6.32,6.32,269
02/26/2015 10:15:00,6.3,6.3,6.3,6.3,100
02/26/2015 10:30:00,6.3399,6.3399,6.3,6.3,4092
02/26/2015 10:45:00,6.3,6.3,6.24,6.27,2711
02/26/2015 11:00:00,6.2555,6.2555,6.24,6.24,400
02/26/2015 11:15:00,6.24,6.24,6.18,6.22,1974
02/26/2015 11:30:00,6.25,6.25,6.25,6.25,100
02/26/2015 11:45:00,6.255,6.255,6.255,6.255,100
02/26/2015 12:00:00,6.255,6.255,6.255,6.255,0
02/26/2015 12:15:00,6.2544,6.2544,6.15,6.16,6700
02/26/2015 12:30:00,6.1703,6.21,6.1701,6.21,1150
02/26/2015 12:45:00,6.19,6.19,6.19,6.19,4
02/26/2015 13:00:00,6.25,6.3,6.25,6.26,1804
02/26/2015 13:15:00,6.27,6.2804,6.26,6.26,2772
02/26/2015 13:30:00,6.26,6.26,6.21,6.24,1418
02/26/2015 13:45:00,6.24,6.28,6.23,6.26,1720
02/26/2015 14:00:00,6.25,6.32,6.25,6.3128,5401
02/26/2015 14:15:00,6.3101,6.3101,6.3101,6.3101,70
02/26/2015 14:30:00,6.34,6.34,6.34,6.34,200
02/26/2015 14:45:00,6.34,6.34,6.34,6.34,0
02/26/2015 15:00:00,6.346,6.35,6.32,6.33,1321
02/26/2015 15:15:00,6.33,6.3664,6.33,6.33,1449
02/26/2015 15:30:00,6.36,6.36,6.34,6.34,805
02/26/2015 15:45:00,6.33,6.39,6.29,6.39,1710
02/26/2015 16:00:00,6.39,6.43,6.33,6.36,2703
02/27/2015 09:45:00,6.36,6.37,6.36,6.36,717
02/27/2015 10:00:00,6.37,6.37,6.36,6.36,334
02/27/2015 10:15:00,6.36,6.36,6.36,6.36,0
02/27/2015 10:30:00,6.38,6.38,6.38,6.38,80
02/27/2015 10:45:00,6.36,6.3797,6.36,6.3797,69
02/27/2015 11:00:00,6.38,6.38,6.38,6.38,312
02/27/2015 11:15:00,6.37,6.38,6.37,6.38,120
02/27/2015 11:30:00,6.38,6.38,6.38,6.38,100
02/27/2015 11:45:00,6.38,6.38,6.38,6.38,0
02/27/2015 12:00:00,6.38,6.38,6.36,6.38,209
02/27/2015 12:15:00,6.3601,6.37,6.36,6.37,700
02/27/2015 12:30:00,6.37,6.37,6.35,6.36,735
02/27/2015 12:45:00,6.36,6.36,6.36,6.36,0
02/27/2015 13:00:00,6.36,6.36,6.36,6.36,0
02/27/2015 13:15:00,6.37,6.37,6.35,6.3651,371
02/27/2015 13:30:00,6.36,6.36,6.34,6.35,3950
02/27/2015 13:45:00,6.35,6.35,6.35,6.35,804
02/27/2015 14:00:00,6.35,6.35,6.29,6.31,2596
02/27/2015 14:15:00,6.28,6.292,6.25,6.25,950
02/27/2015 14:30:00,6.26,6.29,6.26,6.29,720
02/27/2015 14:45:00,6.329,6.329,6.28,6.28,5100
02/27/2015 15:00:00,6.29,6.29,6.29,6.29,215
02/27/2015 15:15:00,6.31,6.34,6.3,6.3,1200
02/27/2015 15:30:00,6.325,6.36,6.325,6.35,1359
02/27/2015 15:45:00,6.36,6.37,6.33,6.33,1627
02/27/2015 16:00:00,6.33,6.33,6.26,6.27,5433
03/02/2015 09:45:00,6.25,6.3,6.24,6.26,15929
03/02/2015 10:00:00,6.24,6.24,6.16,6.2194,4627
03/02/2015 10:15:00,6.2,6.24,6.19,6.24,2600
03/02/2015 10:30:00,6.25,6.27,6.22,6.25,3056
03/02/2015 10:45:00,6.27,6.29,6.24,6.29,5484
03/02/2015 11:00:00,6.29,6.34,6.29,6.34,500
03/02/2015 11:15:00,6.29,6.33,6.29,6.33,202
03/02/2015 11:30:00,6.34,6.34,6.3,6.3,5523
03/02/2015 11:45:00,6.35,6.35,6.3424,6.35,300
03/02/2015 12:00:00,6.33,6.35,6.32,6.32,574
03/02/2015 12:15:00,6.3196,6.3255,6.3,6.3,3250
03/02/2015 12:30:00,6.29,6.3,6.29,6.3,28
03/02/2015 12:45:00,6.2908,6.3,6.28,6.28,1104
03/02/2015 13:00:00,6.27,6.27,6.25,6.27,2715
03/02/2015 13:15:00,6.26,6.26,6.23,6.23,3611
03/02/2015 13:30:00,6.24,6.26,6.24,6.24,2984
03/02/2015 13:45:00,6.2453,6.25,6.24,6.245,1100
03/02/2015 14:00:00,6.26,6.26,6.23,6.24,815
03/02/2015 14:15:00,6.2499,6.25,6.233,6.233,107
03/02/2015 14:30:00,6.26,6.26,6.24,6.24,384
03/02/2015 14:45:00,6.24,6.24,6.24,6.24,0
03/02/2015 15:00:00,6.25,6.28,6.25,6.28,2174
03/02/2015 15:15:00,6.28,6.29,6.28,6.29,665
03/02/2015 15:30:00,6.3,6.33,6.3,6.33,600
03/02/2015 15:45:00,6.34,6.35,6.34,6.35,400
03/02/2015 16:00:00,6.35,6.44,6.34,6.4,17251
03/03/2015 09:45:00,6.35,6.41,6.3201,6.33,3203
03/03/2015 10:00:00,6.2801,6.32,6.279,6.3,1766
03/03/2015 10:15:00,6.29,6.32,6.286,6.32,202
03/03/2015 10:30:00,6.31,6.3799,6.308,6.37,2584
03/03/2015 10:45:00,6.325,6.4,6.31,6.4,3258
03/03/2015 11:00:00,6.4265,6.47,6.4265,6.45,2438
03/03/2015 11:15:00,6.45,6.49,6.45,6.46,634
03/03/2015 11:30:00,6.46,6.5,6.46,6.48,736
03/03/2015 11:45:00,6.465,6.465,6.465,6.465,100
03/03/2015 12:00:00,6.48,6.48,6.48,6.48,100
03/03/2015 12:15:00,6.489,6.51,6.44,6.51,3300
03/03/2015 12:30:00,6.49,6.49,6.49,6.49,300
03/03/2015 12:45:00,6.4999,6.515,6.482,6.515,1593
03/03/2015 13:00:00,6.54,6.61,6.5399,6.609,1256
03/03/2015 13:15:00,6.54,6.56,6.54,6.56,720
03/03/2015 13:30:00,6.58,6.62,6.57,6.6199,2842
03/03/2015 13:45:00,6.62,6.62,6.59,6.62,500
03/03/2015 14:00:00,6.61,6.61,6.59,6.59,325
03/03/2015 14:15:00,6.58,6.59,6.571,6.59,547
03/03/2015 14:30:00,6.59,6.59,6.59,6.59,126
03/03/2015 14:45:00,6.58,6.58,6.58,6.58,100
03/03/2015 15:00:00,6.594,6.6,6.57,6.572,700
03/03/2015 15:15:00,6.6,6.67,6.59,6.59,1415
03/03/2015 15:30:00,6.59,6.59,6.59,6.59,200
03/03/2015 15:45:00,6.6,6.62,6.5999,6.62,1150
03/03/2015 16:00:00,6.6,6.6,6.52,6.54,5577
03/04/2015 09:45:00,6.46,6.6,6.46,6.51,1543
03/04/2015 10:00:00,6.56,6.56,6.52,6.53,760
03/04/2015 10:15:00,6.5999,6.5999,6.51,6.53,1296
03/04/2015 10:30:00,6.51,6.5101,6.51,6.5101,152
03/04/2015 10:45:00,6.51,6.51,6.5,6.5,5211
03/04/2015 11:00:00,6.48,6.48,6.48,6.48,200
03/04/2015 11:15:00,6.44,6.489,6.44,6.465,440
03/04/2015 11:30:00,6.4799,6.48,6.45,6.48,554
03/04/2015 11:45:00,6.47,6.47,6.47,6.47,200
03/04/2015 12:00:00,6.47,6.47,6.47,6.47,0
03/04/2015 12:15:00,6.4501,6.49,6.45,6.45,1010
03/04/2015 12:30:00,6.48,6.48,6.48,6.48,109
03/04/2015 12:45:00,6.48,6.48,6.48,6.48,0
03/04/2015 13:00:00,6.49,6.49,6.46,6.46,903
03/04/2015 13:15:00,6.46,6.48,6.46,6.48,120
03/04/2015 13:30:00,6.4899,6.4899,6.45,6.46,2720
03/04/2015 13:45:00,6.4795,6.4795,6.46,6.46,500
03/04/2015 14:00:00,6.47,6.47,6.47,6.47,200
03/04/2015 14:15:00,6.46,6.47,6.45,6.45,782
03/04/2015 14:30:00,6.46,6.497,6.44,6.47,1588
03/04/2015 14:45:00,6.47,6.48,6.46,6.46,446
03/04/2015 15:00:00,6.479,6.48,6.46,6.46,1113
03/04/2015 15:15:00,6.46,6.48,6.45,6.47,1640
03/04/2015 15:30:00,6.48,6.485,6.47,6.485,1200
03/04/2015 15:45:00,6.49,6.56,6.47,6.56,4343
03/04/2015 16:00:00,6.53,6.57,6.41,6.43,20320
03/05/2015 09:45:00,6.75,6.97,6.65,6.76,10932
03/05/2015 10:00:00,6.74,6.9,6.74,6.9,3311
03/05/2015 10:15:00,6.9,7.01,6.8848,7.0,4558
03/05/2015 10:30:00,7.0199,7.0199,6.99,7.01,415
03/05/2015 10:45:00,7.01,7.015,6.98,7.015,1300
03/05/2015 11:00:00,7.0,7.09,7.0,7.062,2385
03/05/2015 11:15:00,7.09,7.09,7.03,7.03,1186
03/05/2015 11:30:00,6.9901,7.02,6.98,7.02,3602
03/05/2015 11:45:00,6.97,7.02,6.97,7.02,521
03/05/2015 12:00:00,7.01,7.01,7.01,7.01,413
03/05/2015 12:15:00,6.99,7.0,6.9845,7.0,508
03/05/2015 12:30:00,6.98,6.99,6.95,6.9525,2988
03/05/2015 12:45:00,7.0,7.0,6.9991,6.9991,2000
03/05/2015 13:00:00,6.95,6.96,6.95,6.95,384
03/05/2015 13:15:00,6.99,7.0,6.88,6.88,2430
03/05/2015 13:30:00,6.94,6.94,6.92,6.92,803
03/05/2015 13:45:00,6.92,6.92,6.92,6.92,0
03/05/2015 14:00:00,6.94,7.0,6.935,7.0,710
03/05/2015 14:15:00,6.9999,7.0,6.96,6.96,614
03/05/2015 14:30:00,6.97,6.97,6.97,6.97,13
03/05/2015 14:45:00,7.0,7.0,6.9893,6.9893,600
03/05/2015 15:00:00,7.0,7.0,6.97,6.97,617
03/05/2015 15:15:00,7.0,7.0,6.94,6.94,2103
03/05/2015 15:30:00,6.92,6.95,6.9,6.95,1563
03/05/2015 15:45:00,6.99,6.99,6.93,6.93,2136
03/05/2015 16:00:00,6.92,6.93,6.77,6.78,14589
03/06/2015 09:45:00,6.75,6.78,6.58,6.78,8245
03/06/2015 10:00:00,6.8,6.8,6.73,6.75,750
03/06/2015 10:15:00,6.77,6.82,6.77,6.78,1700
03/06/2015 10:30:00,6.75,6.75,6.69,6.73,700
03/06/2015 10:45:00,6.73,6.75,6.72,6.7455,761
03/06/2015 11:00:00,6.72,6.73,6.68,6.68,901
03/06/2015 11:15:00,6.64,6.65,6.55,6.63,1735
03/06/2015 11:30:00,6.62,6.71,6.585,6.69,4004
03/06/2015 11:45:00,6.69,6.77,6.67,6.72,6853
03/06/2015 12:00:00,6.72,6.82,6.64,6.735,12080
03/06/2015 12:15:00,6.8,6.88,6.73,6.88,3002
03/06/2015 12:30:00,6.87,6.87,6.85,6.86,2940
03/06/2015 12:45:00,6.86,6.88,6.83,6.87,3080
03/06/2015 13:00:00,6.88,6.88,6.83,6.85,2960
03/06/2015 13:15:00,6.84,6.99,6.83,6.99,5280
03/06/2015 13:30:00,6.98,7.02,6.98,7.02,2700
03/06/2015 13:45:00,7.02,7.02,6.91,7.01,5438
03/06/2015 14:00:00,6.99,7.0,6.97,6.97,3800
03/06/2015 14:15:00,6.98,6.98,6.91,6.95,4259
03/06/2015 14:30:00,6.95,6.98,6.94,6.955,3400
03/06/2015 14:45:00,6.955,6.98,6.955,6.98,3400
03/06/2015 15:00:00,6.98,7.02,6.96,7.02,6411
03/06/2015 15:15:00,7.02,7.155,7.0199,7.135,30198
03/06/2015 15:30:00,7.19,7.25,7.15,7.18,14452
03/06/2015 15:45:00,7.18,7.21,7.15,7.1968,8422
03/06/2015 16:00:00,7.19,7.21,7.15,7.18,17923
03/09/2015 09:45:00,7.2,7.2,7.15,7.17,4827
03/09/2015 10:00:00,7.16,7.17,7.15,7.15,322
03/09/2015 10:15:00,7.1499,7.1499,7.06,7.06,3670
03/09/2015 10:30:00,7.0654,7.077,7.0,7.0,6299
03/09/2015 10:45:00,7.005,7.005,6.94,6.94,8967
03/09/2015 11:00:00,6.94,6.98,6.94,6.98,2888
03/09/2015 11:15:00,6.98,6.995,6.97,6.99,1190
03/09/2015 11:30:00,6.99,6.9999,6.98,6.99,1472
03/09/2015 11:45:00,6.99,6.995,6.985,6.995,3200
03/09/2015 12:00:00,6.995,7.045,6.98,7.04,1820
03/09/2015 12:15:00,7.03,7.1,6.9945,7.1,622
03/09/2015 12:30:00,7.09,7.11,7.07,7.07,2304
03/09/2015 12:45:00,7.06,7.06,7.051,7.051,300
03/09/2015 13:00:00,7.07,7.07,7.07,7.07,200
03/09/2015 13:15:00,7.06,7.07,7.06,7.07,103
03/09/2015 13:30:00,7.07,7.07,7.0436,7.0436,520
03/09/2015 13:45:00,7.08,7.08,7.04,7.0512,709
03/09/2015 14:00:00,7.04,7.04,7.04,7.04,129
03/09/2015 14:15:00,7.0512,7.08,7.04,7.08,2151
03/09/2015 14:30:00,7.08,7.08,7.07,7.07,200
03/09/2015 14:45:00,7.05,7.06,7.03,7.03,5484
03/09/2015 15:00:00,7.07,7.07,7.0353,7.05,2645
03/09/2015 15:15:00,7.05,7.05,7.04,7.045,400
03/09/2015 15:30:00,7.045,7.045,7.01,7.02,2263
03/09/2015 15:45:00,7.02,7.04,7.01,7.03,1933
03/09/2015 16:00:00,7.03,7.04,6.98,6.99,7681
03/10/2015 09:45:00,6.9,6.9699,6.9,6.9,7426
03/10/2015 10:00:00,6.9,6.94,6.87,6.94,6901
03/10/2015 10:15:00,6.9499,6.95,6.93,6.93,441
03/10/2015 10:30:00,6.92,6.93,6.9,6.92,4602
03/10/2015 10:45:00,6.94,6.94,6.94,6.94,200
03/10/2015 11:00:00,6.95,6.95,6.92,6.92,3503
03/10/2015 11:15:00,6.92,6.93,6.92,6.92,2705
03/10/2015 11:30:00,6.92,6.92,6.91,6.91,997
03/10/2015 11:45:00,6.9,6.9,6.9,6.9,400
03/10/2015 12:00:00,6.9,6.9,6.85,6.87,7616
03/10/2015 12:15:00,6.87,6.87,6.86,6.87,1500
03/10/2015 12:30:00,6.86,6.86,6.86,6.86,200
03/10/2015 12:45:00,6.86,6.86,6.85,6.85,143
03/10/2015 13:00:00,6.85,6.88,6.85,6.88,404
03/10/2015 13:15:00,6.86,6.91,6.86,6.91,2700
03/10/2015 13:30:00,6.9,6.91,6.89,6.9,3600
03/10/2015 13:45:00,6.9,6.9273,6.9,6.9253,2000
03/10/2015 14:00:00,6.9253,6.9253,6.9253,6.9253,0
03/10/2015 14:15:00,6.93,6.93,6.91,6.91,923
03/10/2015 14:30:00,6.9,6.907,6.9,6.9,475
03/10/2015 14:45:00,6.91,6.94,6.905,6.93,9681
03/10/2015 15:00:00,6.93,6.9404,6.93,6.94,2500
03/10/2015 15:15:00,6.94,7.03,6.939,7.03,2745
03/10/2015 15:30:00,7.01,7.03,7.01,7.02,503
03/10/2015 15:45:00,7.01,7.02,7.01,7.01,625
03/10/2015 16:00:00,7.01,7.01,7.0,7.0,11308
03/11/2015 09:45:00,6.97,6.99,6.73,6.73,8543
03/11/2015 10:00:00,6.69,6.73,6.51,6.6,43112
03/11/2015 10:15:00,6.61,6.68,6.59,6.67,4932
03/11/2015 10:30:00,6.67,6.67,6.6,6.6,1094
03/11/2015 10:45:00,6.57,6.57,6.5,6.51,8800
03/11/2015 11:00:00,6.555,6.68,6.536,6.67,6907
03/11/2015 11:15:00,6.709,6.709,6.709,6.709,200
03/11/2015 11:30:00,6.7097,6.77,6.7097,6.71,501
03/11/2015 11:45:00,6.779,6.779,6.73,6.73,762
03/11/2015 12:00:00,6.75,6.75,6.73,6.73,1450
03/11/2015 12:15:00,6.7099,6.7099,6.65,6.65,2800
03/11/2015 12:30:00,6.689,6.689,6.63,6.66,1665
03/11/2015 12:45:00,6.66,6.66,6.63,6.63,835
03/11/2015 13:00:00,6.65,6.7,6.65,6.69,1009
03/11/2015 13:15:00,6.71,6.71,6.71,6.71,8
03/11/2015 13:30:00,6.7198,6.7198,6.7198,6.7198,75
03/11/2015 13:45:00,6.71,6.71,6.68,6.68,115
03/11/2015 14:00:00,6.68,6.68,6.68,6.68,0
03/11/2015 14:15:00,6.69,6.71,6.69,6.71,816
03/11/2015 14:30:00,6.73,6.73,6.69,6.71,1532
03/11/2015 14:45:00,6.71,6.79,6.62,6.74,17691
03/11/2015 15:00:00,6.76,6.77,6.65,6.65,8933
03/11/2015 15:15:00,6.6899,6.6899,6.63,6.67,1142
03/11/2015 15:30:00,6.69,6.7,6.69,6.69,715
03/11/2015 15:45:00,6.69,6.69,6.68,6.69,3131
03/11/2015 16:00:00,6.68,6.72,6.62,6.71,17510
03/12/2015 09:45:00,6.79,6.79,6.695,6.75,2224
03/12/2015 10:00:00,6.75,6.95,6.75,6.93,7546
03/12/2015 10:15:00,6.96,6.96,6.93,6.95,1708
03/12/2015 10:30:00,6.93,6.935,6.82,6.82,6920
03/12/2015 10:45:00,6.82,6.83,6.75,6.82,2908
03/12/2015 11:00:00,6.8199,6.85,6.77,6.817,2811
03/12/2015 11:15:00,6.84,6.873,6.8,6.87,1408
03/12/2015 11:30:00,6.87,6.9,6.87,6.9,1413
03/12/2015 11:45:00,6.9199,6.9199,6.86,6.86,400
03/12/2015 12:00:00,6.86,6.91,6.86,6.91,300
03/12/2015 12:15:00,6.86,6.9,6.82,6.82,5626
03/12/2015 12:30:00,6.83,6.88,6.83,6.88,865
03/12/2015 12:45:00,6.89,6.9,6.89,6.892,300
03/12/2015 13:00:00,6.89,6.9,6.89,6.9,400
03/12/2015 13:15:00,6.91,6.94,6.87,6.94,1090
03/12/2015 13:30:00,6.925,6.925,6.91,6.91,300
03/12/2015 13:45:00,6.91,6.95,6.91,6.93,603
03/12/2015 14:00:00,6.97,6.99,6.94,6.94,418
03/12/2015 14:15:00,6.94,6.97,6.93,6.95,400
03/12/2015 14:30:00,6.95,6.965,6.95,6.95,300
03/12/2015 14:45:00,6.95,6.98,6.95,6.98,600
03/12/2015 15:00:00,6.98,6.99,6.97,6.98,2840
03/12/2015 15:15:00,6.99,7.0,6.96,6.99,1305
03/12/2015 15:30:00,6.99,7.0,6.98,7.0,4561
03/12/2015 15:45:00,7.01,7.01,6.99,7.0,3547
03/12/2015 16:00:00,6.995,7.08,6.9901,7.08,20378
03/13/2015 09:45:00,7.02,7.08,6.97,7.0,4695
03/13/2015 10:00:00,6.98,7.0,6.98,6.98,870
03/13/2015 10:15:00,6.98,7.03,6.98,7.0,1328
03/13/2015 10:30:00,6.98,7.03,6.98,6.98,2100
03/13/2015 10:45:00,6.98,7.05,6.98,7.03,2704
03/13/2015 11:00:00,7.0,7.05,6.98,6.98,2400
03/13/2015 11:15:00,6.98,6.99,6.98,6.98,3283
03/13/2015 11:30:00,7.0,7.0,6.85,6.85,6762
03/13/2015 11:45:00,6.89,6.89,6.85,6.88,1001
03/13/2015 12:00:00,6.85,6.86,6.75,6.75,7842
03/13/2015 12:15:00,6.73,6.86,6.71,6.81,4113
03/13/2015 12:30:00,6.82,6.83,6.76,6.83,1510
03/13/2015 12:45:00,6.84,6.84,6.81,6.82,2200
03/13/2015 13:00:00,6.82,6.95,6.82,6.95,1315
03/13/2015 13:15:00,6.94,6.95,6.92,6.92,930
03/13/2015 13:30:00,6.92,6.98,6.92,6.98,800
03/13/2015 13:45:00,6.97,7.03,6.97,6.99,2099
03/13/2015 14:00:00,6.98,6.98,6.98,6.98,100
03/13/2015 14:15:00,6.97,7.0,6.88,6.91,5401
03/13/2015 14:30:00,6.91,6.93,6.91,6.93,400
03/13/2015 14:45:00,6.93,6.94,6.93,6.938,1240
03/13/2015 15:00:00,6.949,6.95,6.92,6.92,2600
03/13/2015 15:15:00,6.93,6.98,6.92,6.98,3178
03/13/2015 15:30:00,6.97,7.04,6.97,7.03,1233
03/13/2015 15:45:00,7.03,7.035,6.99,6.99,4404
03/13/2015 16:00:00,7.0,7.02,6.99,7.01,11262
03/16/2015 09:45:00,7.02,7.03,6.845,6.9,3546
03/16/2015 10:00:00,6.9,6.93,6.85,6.93,4104
03/16/2015 10:15:00,6.8954,6.93,6.89,6.93,741
03/16/2015 10:30:00,6.9,6.9,6.86,6.88,1815
03/16/2015 10:45:00,6.88,6.92,6.86,6.885,2204
03/16/2015 11:00:00,6.8999,6.9,6.88,6.89,954
03/16/2015 11:15:00,6.9,6.9,6.88,6.9,1103
03/16/2015 11:30:00,6.88,6.93,6.88,6.89,1608
03/16/2015 11:45:00,6.92,6.92,6.88,6.9,858
03/16/2015 12:00:00,6.89,6.91,6.85,6.9,2435
03/16/2015 12:15:00,6.86,6.93,6.86,6.92,4507
03/16/2015 12:30:00,6.915,6.93,6.91,6.93,1711
03/16/2015 12:45:00,6.92,6.935,6.92,6.935,1978
03/16/2015 13:00:00,6.95,7.01,6.9401,7.01,4630
03/16/2015 13:15:00,6.99,7.01,6.95,6.97,2867
03/16/2015 13:30:00,6.975,7.01,6.975,7.01,505
03/16/2015 13:45:00,7.01,7.05,7.01,7.05,1549
03/16/2015 14:00:00,7.0,7.08,7.0,7.05,907
03/16/2015 14:15:00,7.02,7.04,6.98,7.02,811
03/16/2015 14:30:00,7.05,7.06,7.05,7.05,600
03/16/2015 14:45:00,7.05,7.07,7.01,7.04,1309
03/16/2015 15:00:00,7.04,7.06,7.02,7.06,1478
03/16/2015 15:15:00,7.06,7.08,7.03,7.08,990
03/16/2015 15:30:00,7.06,7.08,7.01,7.0425,2493
03/16/2015 15:45:00,7.05,7.05,7.0,7.03,2474
03/16/2015 16:00:00,7.03,7.11,7.02,7.08,9354
03/17/2015 09:45:00,7.06,7.06,7.01,7.03,2370
03/17/2015 10:00:00,6.99,6.99,6.92,6.92,564
03/17/2015 10:15:00,6.9,6.92,6.86,6.92,1108
03/17/2015 10:30:00,6.97,6.9801,6.9699,6.9801,755
03/17/2015 10:45:00,6.98,7.01,6.98,7.01,1292
03/17/2015 11:00:00,6.975,7.01,6.97,7.01,908
03/17/2015 11:15:00,7.04,7.04,7.008,7.03,4814
03/17/2015 11:30:00,7.01,7.01,6.99,7.0,1907
03/17/2015 11:45:00,7.05,7.05,7.05,7.05,100
03/17/2015 12:00:00,7.01,7.01,7.0,7.0,938
03/17/2015 12:15:00,6.99,6.99,6.97,6.97,705
03/17/2015 12:30:00,6.93,6.93,6.9,6.91,400
03/17/2015 12:45:00,6.9,6.9,6.9,6.9,400
03/17/2015 13:00:00,6.9,6.93,6.88,6.88,1210
03/17/2015 13:15:00,6.88,6.88,6.88,6.88,600
03/17/2015 13:30:00,6.88,6.88,6.88,6.88,900
03/17/2015 13:45:00,6.88,6.88,6.86,6.86,472
03/17/2015 14:00:00,6.86,6.92,6.86,6.92,2343
03/17/2015 14:15:00,6.94,6.94,6.93,6.94,302
03/17/2015 14:30:00,6.93,6.94,6.93,6.94,331
03/17/2015 14:45:00,6.94,6.94,6.93,6.93,364
03/17/2015 15:00:00,6.95,6.95,6.93,6.93,600
03/17/2015 15:15:00,6.95,7.0,6.94,7.0,1185
03/17/2015 15:30:00,7.01,7.04,7.01,7.03,600
03/17/2015 15:45:00,7.03,7.05,7.02,7.03,650
03/17/2015 16:00:00,7.01,7.06,7.01,7.04,4030
03/18/2015 09:45:00,6.98,7.03,6.93,6.93,1352
03/18/2015 10:00:00,6.9,6.9,6.8646,6.8646,590
03/18/2015 10:15:00,6.89,6.9,6.89,6.9,100
03/18/2015 10:30:00,6.92,6.93,6.9,6.91,2413
03/18/2015 10:45:00,6.91,6.94,6.9,6.94,2790
03/18/2015 11:00:00,6.94,6.94,6.911,6.94,503
03/18/2015 11:15:00,6.91,6.93,6.9,6.91,874
03/18/2015 11:30:00,6.91,6.94,6.7904,6.82,18629
03/18/2015 11:45:00,6.82,6.87,6.82,6.85,3007
03/18/2015 12:00:00,6.87,6.87,6.77,6.8,5798
03/18/2015 12:15:00,6.81,6.82,6.81,6.81,619
03/18/2015 12:30:00,6.78,6.7991,6.77,6.77,1100
03/18/2015 12:45:00,6.77,6.793,6.77,6.77,700
03/18/2015 13:00:00,6.77,6.79,6.77,6.79,1100
03/18/2015 13:15:00,6.8,6.8299,6.79,6.8299,2208
03/18/2015 13:30:00,6.83,6.83,6.81,6.81,301
03/18/2015 13:45:00,6.8,6.819,6.8,6.8,800
03/18/2015 14:00:00,6.82,6.83,6.82,6.83,951
03/18/2015 14:15:00,6.91,6.94,6.89,6.94,900
03/18/2015 14:30:00,6.96,7.0,6.93,7.0,2113
03/18/2015 14:45:00,7.0226,7.03,6.89,6.9,5967
03/18/2015 15:00:00,6.91,6.92,6.9,6.92,1034
03/18/2015 15:15:00,6.92,6.95,6.84,6.94,4371
03/18/2015 15:30:00,6.95,6.95,6.87,6.915,4005
03/18/2015 15:45:00,6.96,6.98,6.9,6.95,12141
03/18/2015 16:00:00,6.96,6.96,6.93,6.95,4429
03/19/2015 09:45:00,6.9,6.99,6.9,6.986,1333
03/19/2015 10:00:00,7.01,7.0299,6.97,6.97,778
03/19/2015 10:15:00,6.97,6.98,6.97,6.97,869
03/19/2015 10:30:00,6.95,6.98,6.95,6.98,5772
03/19/2015 10:45:00,6.98,6.99,6.96,6.96,1163
03/19/2015 11:00:00,6.93,6.97,6.93,6.9591,662
03/19/2015 11:15:00,6.97,6.97,6.95,6.95,675
03/19/2015 11:30:00,6.94,6.94,6.94,6.94,5
03/19/2015 11:45:00,6.94,6.95,6.93,6.93,664
03/19/2015 12:00:00,6.93,6.93,6.91,6.92,814
03/19/2015 12:15:00,6.94,6.94,6.92,6.92,300
03/19/2015 12:30:00,6.92,6.93,6.92,6.93,1000
03/19/2015 12:45:00,6.92,6.94,6.9,6.9,1362
03/19/2015 13:00:00,6.9,6.9,6.9,6.9,0
03/19/2015 13:15:00,6.89,6.89,6.89,6.89,200
03/19/2015 13:30:00,6.87,6.89,6.8201,6.89,1806
03/19/2015 13:45:00,6.89,6.89,6.89,6.89,8
03/19/2015 14:00:00,6.88,6.89,6.88,6.89,600
03/19/2015 14:15:00,6.89,6.89,6.8852,6.8852,450
03/19/2015 14:30:00,6.9,6.9,6.85,6.88,2531
03/19/2015 14:45:00,6.88,6.88,6.81,6.84,5550
03/19/2015 15:00:00,6.84,6.86,6.84,6.85,610
03/19/2015 15:15:00,6.85,6.85,6.85,6.85,247
03/19/2015 15:30:00,6.86,6.91,6.85,6.89,11717
03/19/2015 15:45:00,6.89,6.9,6.85,6.89,8665
03/19/2015 16:00:00,6.9,6.93,6.89,6.91,6417
03/20/2015 09:45:00,6.95,7.0,6.9025,7.0,29288
03/20/2015 10:00:00,6.96,7.0,6.96,7.0,1065
03/20/2015 10:15:00,6.98,7.15,6.98,7.15,11171
03/20/2015 10:30:00,7.16,7.32,7.15,7.31,3214
03/20/2015 10:45:00,7.26,7.26,7.16,7.19,2330
03/20/2015 11:00:00,7.15,7.19,7.14,7.15,2065
03/20/2015 11:15:00,7.14,7.14,7.08,7.0818,704
03/20/2015 11:30:00,7.07,7.07,7.01,7.02,1748
03/20/2015 11:45:00,7.027,7.07,7.02,7.064,1945
03/20/2015 12:00:00,7.08,7.09,7.08,7.08,300
03/20/2015 12:15:00,7.11,7.11,7.05,7.05,1090
03/20/2015 12:30:00,7.06,7.08,7.04,7.074,1000
03/20/2015 12:45:00,7.08,7.1,7.03,7.04,700
03/20/2015 13:00:00,7.04,7.12,7.04,7.12,2200
03/20/2015 13:15:00,7.13,7.13,7.1,7.11,1138
03/20/2015 13:30:00,7.1396,7.15,7.1396,7.15,250
03/20/2015 13:45:00,7.15,7.16,7.13,7.15,708
03/20/2015 14:00:00,7.16,7.16,7.15,7.16,209
03/20/2015 14:15:00,7.16,7.1601,7.14,7.14,1792
03/20/2015 14:30:00,7.13,7.13,7.07,7.07,1500
03/20/2015 14:45:00,7.07,7.15,7.07,7.15,2289
03/20/2015 15:00:00,7.15,7.2,7.15,7.17,1306
03/20/2015 15:15:00,7.18,7.18,7.15,7.1584,3896
03/20/2015 15:30:00,7.16,7.19,7.15,7.18,5598
03/20/2015 15:45:00,7.18,7.32,7.17,7.28,13343
03/20/2015 16:00:00,7.28,7.4,7.23,7.26,92588
03/23/2015 09:45:00,7.28,7.46,7.28,7.46,6364
03/23/2015 10:00:00,7.48,7.48,7.31,7.35,3941
03/23/2015 10:15:00,7.4,7.55,7.34,7.53,8435
03/23/2015 10:30:00,7.54,7.598,7.53,7.58,10407
03/23/2015 10:45:00,7.6066,7.67,7.59,7.66,1196
03/23/2015 11:00:00,7.6072,7.615,7.48,7.48,5600
03/23/2015 11:15:00,7.48,7.56,7.48,7.555,1783
03/23/2015 11:30:00,7.54,7.55,7.53,7.545,2007
03/23/2015 11:45:00,7.5301,7.5599,7.53,7.5509,3234
03/23/2015 12:00:00,7.56,7.6,7.55,7.56,2017
03/23/2015 12:15:00,7.57,7.67,7.56,7.61,5852
03/23/2015 12:30:00,7.58,7.58,7.58,7.58,200
03/23/2015 12:45:00,7.58,7.61,7.57,7.57,4423
03/23/2015 13:00:00,7.561,7.59,7.56,7.59,652
03/23/2015 13:15:00,7.6,7.6,7.58,7.59,2946
03/23/2015 13:30:00,7.58,7.58,7.56,7.56,4963
03/23/2015 13:45:00,7.56,7.57,7.56,7.57,929
03/23/2015 14:00:00,7.6,7.61,7.6,7.61,300
03/23/2015 14:15:00,7.5845,7.61,7.58,7.5899,1073
03/23/2015 14:30:00,7.59,7.62,7.58,7.6,812
03/23/2015 14:45:00,7.58,7.61,7.58,7.6,1632
03/23/2015 15:00:00,7.58,7.6,7.575,7.6,500
03/23/2015 15:15:00,7.595,7.62,7.59,7.62,4064
03/23/2015 15:30:00,7.61,7.665,7.61,7.65,1898
03/23/2015 15:45:00,7.64,7.67,7.63,7.65,2637
03/23/2015 16:00:00,7.66,7.71,7.66,7.69,24096
03/24/2015 09:45:00,7.67,7.77,7.59,7.66,7175
03/24/2015 10:00:00,7.64,7.71,7.5289,7.57,2201
03/24/2015 10:15:00,7.59,7.73,7.58,7.67,1250
03/24/2015 10:30:00,7.73,7.73,7.63,7.71,600
03/24/2015 10:45:00,7.67,7.71,7.64,7.65,1216
03/24/2015 11:00:00,7.63,7.65,7.61,7.61,800
03/24/2015 11:15:00,7.6498,7.72,7.62,7.72,6274
03/24/2015 11:30:00,7.72,7.73,7.64,7.72,2303
03/24/2015 11:45:00,7.77,7.8,7.76,7.8,1098
03/24/2015 12:00:00,7.77,7.8,7.77,7.8,601
03/24/2015 12:15:00,7.8,7.84,7.7702,7.825,1614
03/24/2015 12:30:00,7.83,7.83,7.8,7.8199,2590
03/24/2015 12:45:00,7.77,7.79,7.77,7.79,285
03/24/2015 13:00:00,7.8,7.81,7.79,7.79,4908
03/24/2015 13:15:00,7.78,7.79,7.71,7.74,1081
03/24/2015 13:30:00,7.77,7.77,7.74,7.74,852
03/24/2015 13:45:00,7.73,7.73,7.7,7.7,6608
03/24/2015 14:00:00,7.6601,7.7,7.655,7.6999,3420
03/24/2015 14:15:00,7.68,7.7,7.68,7.7,1069
03/24/2015 14:30:00,7.7,7.71,7.7,7.7,1144
03/24/2015 14:45:00,7.71,7.71,7.705,7.705,3812
03/24/2015 15:00:00,7.71,7.71,7.7,7.705,3100
03/24/2015 15:15:00,7.71,7.72,7.705,7.715,6413
03/24/2015 15:30:00,7.715,7.72,7.71,7.72,1704
03/24/2015 15:45:00,7.71,7.715,7.68,7.7101,7327
03/24/2015 16:00:00,7.71,7.715,7.63,7.67,22797
03/25/2015 09:45:00,7.6,7.64,7.55,7.55,2906
03/25/2015 10:00:00,7.53,7.59,7.51,7.52,1209
03/25/2015 10:15:00,7.52,7.52,7.46,7.46,1329
03/25/2015 10:30:00,7.46,7.5299,7.42,7.49,2162
03/25/2015 10:45:00,7.49,7.49,7.4,7.4,2870
03/25/2015 11:00:00,7.4,7.43,7.35,7.38,2924
03/25/2015 11:15:00,7.36,7.36,7.31,7.34,1275
03/25/2015 11:30:00,7.35,7.36,7.3,7.34,1656
03/25/2015 11:45:00,7.331,7.331,7.28,7.28,1015
03/25/2015 12:00:00,7.29,7.35,7.29,7.31,1259
03/25/2015 12:15:00,7.31,7.35,7.29,7.335,1004
03/25/2015 12:30:00,7.36,7.36,7.34,7.34,573
03/25/2015 12:45:00,7.35,7.37,7.33,7.34,838
03/25/2015 13:00:00,7.35,7.36,7.35,7.36,702
03/25/2015 13:15:00,7.36,7.36,7.32,7.33,1139
03/25/2015 13:30:00,7.31,7.3123,7.29,7.29,946
03/25/2015 13:45:00,7.28,7.31,7.28,7.28,819
03/25/2015 14:00:00,7.28,7.2802,7.22,7.22,2278
03/25/2015 14:15:00,7.23,7.28,7.23,7.25,1255
03/25/2015 14:30:00,7.27,7.31,7.25,7.29,1709
03/25/2015 14:45:00,7.28,7.28,7.24,7.24,641
03/25/2015 15:00:00,7.24,7.27,7.24,7.26,1428
03/25/2015 15:15:00,7.26,7.26,7.22,7.23,976
03/25/2015 15:30:00,7.23,7.23,7.19,7.19,2446
03/25/2015 15:45:00,7.19,7.19,7.1301,7.18,4882
03/25/2015 16:00:00,7.18,7.22,7.11,7.17,10722
03/26/2015 09:45:00,7.22,7.29,7.09,7.29,2528
03/26/2015 10:00:00,7.31,7.36,7.31,7.33,617
03/26/2015 10:15:00,7.345,7.345,7.2101,7.26,6160
03/26/2015 10:30:00,7.25,7.32,7.25,7.32,416
03/26/2015 10:45:00,7.32,7.39,7.3081,7.39,1252
03/26/2015 11:00:00,7.39,7.4,7.39,7.39,438
03/26/2015 11:15:00,7.39,7.4286,7.389,7.4286,2256
03/26/2015 11:30:00,7.41,7.46,7.41,7.4499,1068
03/26/2015 11:45:00,7.4101,7.46,7.41,7.46,2992
03/26/2015 12:00:00,7.44,7.49,7.43,7.48,1010
03/26/2015 12:15:00,7.48,7.51,7.48,7.5,912
03/26/2015 12:30:00,7.52,7.52,7.47,7.47,936
03/26/2015 12:45:00,7.49,7.49,7.46,7.46,300
03/26/2015 13:00:00,7.483,7.51,7.47,7.5,902
03/26/2015 13:15:00,7.51,7.53,7.5,7.51,3145
03/26/2015 13:30:00,7.53,7.54,7.53,7.53,422
03/26/2015 13:45:00,7.55,7.55,7.52,7.53,612
03/26/2015 14:00:00,7.52,7.54,7.52,7.54,873
03/26/2015 14:15:00,7.53,7.54,7.52,7.54,3200
03/26/2015 14:30:00,7.535,7.535,7.52,7.53,1614
03/26/2015 14:45:00,7.53,7.5496,7.52,7.5496,707
03/26/2015 15:00:00,7.5299,7.5299,7.5,7.51,1298
03/26/2015 15:15:00,7.51,7.56,7.51,7.51,2767
03/26/2015 15:30:00,7.52,7.52,7.51,7.51,800
03/26/2015 15:45:00,7.51,7.55,7.51,7.54,3191
03/26/2015 16:00:00,7.53,7.54,7.51,7.52,6708
03/27/2015 09:45:00,7.54,7.6,7.49,7.56,3652
03/27/2015 10:00:00,7.5238,7.54,7.5238,7.53,2000
03/27/2015 10:15:00,7.52,7.52,7.44,7.46,6117
03/27/2015 10:30:00,7.46,7.46,7.42,7.43,1501
03/27/2015 10:45:00,7.41,7.5,7.405,7.47,1031
03/27/2015 11:00:00,7.52,7.52,7.52,7.52,540
03/27/2015 11:15:00,7.65,7.69,7.65,7.69,1100
03/27/2015 11:30:00,7.69,7.69,7.66,7.6601,851
03/27/2015 11:45:00,7.68,7.68,7.66,7.66,610
03/27/2015 12:00:00,7.65,7.69,7.65,7.66,777
03/27/2015 12:15:00,7.66,7.71,7.66,7.696,816
03/27/2015 12:30:00,7.7,7.74,7.7,7.71,1834
03/27/2015 12:45:00,7.69,7.69,7.64,7.65,3914
03/27/2015 13:00:00,7.64,7.64,7.64,7.64,100
03/27/2015 13:15:00,7.62,7.65,7.62,7.62,218
03/27/2015 13:30:00,7.645,7.68,7.645,7.67,865
03/27/2015 13:45:00,7.68,7.68,7.68,7.68,100
03/27/2015 14:00:00,7.68,7.68,7.61,7.61,947
03/27/2015 14:15:00,7.61,7.6125,7.59,7.59,1073
03/27/2015 14:30:00,7.6,7.6,7.52,7.54,856
03/27/2015 14:45:00,7.52,7.52,7.52,7.52,200
03/27/2015 15:00:00,7.52,7.56,7.52,7.56,411
03/27/2015 15:15:00,7.59,7.59,7.58,7.58,689
03/27/2015 15:30:00,7.6,7.6,7.57,7.59,706
03/27/2015 15:45:00,7.58,7.6,7.58,7.58,1840
03/27/2015 16:00:00,7.58,7.59,7.51,7.53,17564
03/30/2015 09:45:00,7.52,7.64,7.5,7.62,2336
03/30/2015 10:00:00,7.63,7.63,7.51,7.52,4034
03/30/2015 10:15:00,7.51,7.61,7.51,7.61,853
03/30/2015 10:30:00,7.66,7.66,7.53,7.54,3561
03/30/2015 10:45:00,7.6,7.6497,7.59,7.6497,722
03/30/2015 11:00:00,7.625,7.6962,7.625,7.6962,1510
03/30/2015 11:15:00,7.675,7.675,7.59,7.59,7100
03/30/2015 11:30:00,7.605,7.605,7.58,7.58,400
03/30/2015 11:45:00,7.58,7.58,7.57,7.57,1575
03/30/2015 12:00:00,7.57,7.61,7.57,7.6,302
03/30/2015 12:15:00,7.6,7.615,7.57,7.615,1200
03/30/2015 12:30:00,7.61,7.68,7.61,7.67,18300
03/30/2015 12:45:00,7.675,7.68,7.67,7.68,2185
03/30/2015 13:00:00,7.68,7.7,7.68,7.7,1510
03/30/2015 13:15:00,7.71,7.75,7.69,7.69,7126
03/30/2015 13:30:00,7.695,7.695,7.65,7.68,1000
03/30/2015 13:45:00,7.68,7.68,7.68,7.68,0
03/30/2015 14:00:00,7.68,7.71,7.67,7.7,2736
03/30/2015 14:15:00,7.71,7.72,7.7,7.7,2030
03/30/2015 14:30:00,7.71,7.71,7.68,7.7,6122
03/30/2015 14:45:00,7.7,7.79,7.7,7.79,510
03/30/2015 15:00:00,7.79,7.83,7.77,7.82,1021
03/30/2015 15:15:00,7.83,7.83,7.73,7.8,3460
03/30/2015 15:30:00,7.79,7.79,7.71,7.71,2529
03/30/2015 15:45:00,7.705,7.78,7.6801,7.77,2452
03/30/2015 16:00:00,7.75,7.75,7.69,7.73,16328
03/31/2015 09:45:00,7.66,7.66,7.51,7.53,1933
03/31/2015 10:00:00,7.5301,7.56,7.51,7.55,1512
03/31/2015 10:15:00,7.53,7.6,7.53,7.6,227
03/31/2015 10:30:00,7.55,7.58,7.53,7.53,757
03/31/2015 10:45:00,7.5545,7.5545,7.52,7.52,1200
03/31/2015 11:00:00,7.52,7.53,7.51,7.51,400
03/31/2015 11:15:00,7.56,7.56,7.5,7.5,1647
03/31/2015 11:30:00,7.51,7.51,7.4,7.4,4259
03/31/2015 11:45:00,7.38,7.395,7.34,7.395,400
03/31/2015 12:00:00,7.3897,7.3897,7.34,7.34,624
03/31/2015 12:15:00,7.344,7.38,7.33,7.36,863
03/31/2015 12:30:00,7.34,7.35,7.29,7.3,5694
03/31/2015 12:45:00,7.28,7.39,7.21,7.3,18092
03/31/2015 13:00:00,7.3,7.31,7.3,7.3,2624
03/31/2015 13:15:00,7.3,7.3,7.3,7.3,400
03/31/2015 13:30:00,7.3,7.3,7.29,7.3,2329
03/31/2015 13:45:00,7.31,7.38,7.31,7.38,900
03/31/2015 14:00:00,7.38,7.38,7.38,7.38,0
03/31/2015 14:15:00,7.35,7.36,7.3401,7.3401,440
03/31/2015 14:30:00,7.34,7.37,7.34,7.37,411
03/31/2015 14:45:00,7.38,7.39,7.38,7.38,760
03/31/2015 15:00:00,7.3801,7.43,7.3801,7.43,1100
03/31/2015 15:15:00,7.41,7.41,7.38,7.38,643
03/31/2015 15:30:00,7.38,7.4,7.37,7.4,926
03/31/2015 15:45:00,7.4,7.4,7.4,7.4,847
03/31/2015 16:00:00,7.4,7.43,7.38,7.4,10025
