12/01/2014 09:45:00,2.7,2.76,2.4139,2.49,87288
12/01/2014 10:00:00,2.475,2.527,2.46,2.52,23059
12/01/2014 10:15:00,2.525,2.57,2.46,2.49,21987
12/01/2014 10:30:00,2.49,2.54,2.46,2.47,18597
12/01/2014 10:45:00,2.47,2.48,2.46,2.4605,6761
12/01/2014 11:00:00,2.46,2.48,2.46,2.46,10344
12/01/2014 11:15:00,2.47,2.49,2.46,2.49,3806
12/01/2014 11:30:00,2.5,2.5085,2.49,2.49,10700
12/01/2014 11:45:00,2.495,2.5,2.49,2.49,3003
12/01/2014 12:00:00,2.495,2.5,2.49,2.49,7431
12/01/2014 12:15:00,2.49,2.5,2.48,2.48,9900
12/01/2014 12:30:00,2.48,2.49,2.48,2.48,700
12/01/2014 12:45:00,2.49,2.49,2.48,2.485,1000
12/01/2014 13:00:00,2.485,2.485,2.46,2.47,11568
12/01/2014 13:15:00,2.465,2.465,2.465,2.465,900
12/01/2014 13:30:00,2.465,2.47,2.46,2.47,2700
12/01/2014 13:45:00,2.465,2.47,2.45,2.45,7606
12/01/2014 14:00:00,2.455,2.46,2.45,2.45,1600
12/01/2014 14:15:00,2.45,2.46,2.42,2.42,7879
12/01/2014 14:30:00,2.4299,2.43,2.42,2.42,6100
12/01/2014 14:45:00,2.4285,2.43,2.38,2.38,30600
12/01/2014 15:00:00,2.39,2.43,2.37,2.38,18872
12/01/2014 15:15:00,2.37,2.375,2.3201,2.33,8925
12/01/2014 15:30:00,2.34,2.39,2.338,2.36,15918
12/01/2014 15:45:00,2.3699,2.4,2.36,2.37,26530
12/01/2014 16:00:00,2.37,2.38,2.36,2.375,15510
12/02/2014 09:45:00,2.37,2.4638,2.36,2.4201,18860
12/02/2014 10:00:00,2.44,2.5,2.42,2.495,13915
12/02/2014 10:15:00,2.45,2.5,2.44,2.495,5200
12/02/2014 10:30:00,2.49,2.5,2.46,2.47,30136
12/02/2014 10:45:00,2.4601,2.4601,2.43,2.45,12174
12/02/2014 11:00:00,2.445,2.46,2.43,2.432,8688
12/02/2014 11:15:00,2.459,2.48,2.459,2.4799,8750
12/02/2014 11:30:00,2.48,2.49,2.46,2.49,5551
12/02/2014 11:45:00,2.5,2.54,2.495,2.52,38900
12/02/2014 12:00:00,2.52,2.52,2.52,2.52,500
12/02/2014 12:15:00,2.52,2.52,2.48,2.48,4668
12/02/2014 12:30:00,2.48,2.48,2.48,2.48,0
12/02/2014 12:45:00,2.48,2.48,2.48,2.48,200
12/02/2014 13:00:00,2.4828,2.4828,2.48,2.48,3086
12/02/2014 13:15:00,2.4816,2.49,2.48,2.48,1700
12/02/2014 13:30:00,2.48,2.4801,2.48,2.4801,2300
12/02/2014 13:45:00,2.4816,2.49,2.48,2.49,650
12/02/2014 14:00:00,2.4816,2.49,2.48,2.49,1214
12/02/2014 14:15:00,2.49,2.49,2.48,2.49,3460
12/02/2014 14:30:00,2.4816,2.49,2.48,2.485,2600
12/02/2014 14:45:00,2.485,2.54,2.485,2.51,26240
12/02/2014 15:00:00,2.51,2.53,2.5,2.52,7950
12/02/2014 15:15:00,2.52,2.52,2.5,2.5061,927
12/02/2014 15:30:00,2.51,2.51,2.49,2.49,1799
12/02/2014 15:45:00,2.49,2.51,2.487,2.51,9669
12/02/2014 16:00:00,2.5,2.52,2.5,2.51,4511
12/03/2014 09:45:00,2.5,2.5,2.47,2.48,9340
12/03/2014 10:00:00,2.49,2.5074,2.46,2.49,5346
12/03/2014 10:15:00,2.49,2.49,2.4852,2.4852,1800
12/03/2014 10:30:00,2.5,2.51,2.5,2.51,600
12/03/2014 10:45:00,2.49,2.51,2.49,2.51,1447
12/03/2014 11:00:00,2.51,2.51,2.5,2.51,1514
12/03/2014 11:15:00,2.51,2.51,2.501,2.51,3672
12/03/2014 11:30:00,2.51,2.51,2.49,2.495,14259
12/03/2014 11:45:00,2.495,2.5,2.49,2.5,407
12/03/2014 12:00:00,2.4926,2.51,2.4926,2.51,3040
12/03/2014 12:15:00,2.51,2.51,2.5001,2.51,2000
12/03/2014 12:30:00,2.51,2.51,2.505,2.51,1396
12/03/2014 12:45:00,2.51,2.51,2.5,2.51,4000
12/03/2014 13:00:00,2.51,2.51,2.5,2.51,6300
12/03/2014 13:15:00,2.51,2.51,2.505,2.51,1724
12/03/2014 13:30:00,2.51,2.53,2.505,2.53,13700
12/03/2014 13:45:00,2.53,2.54,2.53,2.53,600
12/03/2014 14:00:00,2.5432,2.56,2.54,2.55,900
12/03/2014 14:15:00,2.5516,2.6,2.5516,2.59,8610
12/03/2014 14:30:00,2.59,2.6,2.5716,2.5716,3648
12/03/2014 14:45:00,2.575,2.58,2.5716,2.58,856
12/03/2014 15:00:00,2.58,2.6,2.57,2.59,3100
12/03/2014 15:15:00,2.5732,2.59,2.5732,2.59,756
12/03/2014 15:30:00,2.58,2.59,2.56,2.57,10023
12/03/2014 15:45:00,2.57,2.58,2.57,2.58,2056
12/03/2014 16:00:00,2.57,2.57,2.51,2.52,19049
12/04/2014 09:45:00,2.5,2.58,2.5,2.57,6051
12/04/2014 10:00:00,2.57,2.57,2.57,2.57,20
12/04/2014 10:15:00,2.585,2.59,2.57,2.59,432
12/04/2014 10:30:00,2.57,2.59,2.57,2.57,2608
12/04/2014 10:45:00,2.585,2.6,2.58,2.58,782
12/04/2014 11:00:00,2.58,2.58,2.56,2.58,600
12/04/2014 11:15:00,2.57,2.57,2.51,2.545,30662
12/04/2014 11:30:00,2.532,2.54,2.532,2.54,210
12/04/2014 11:45:00,2.54,2.545,2.53,2.54,800
12/04/2014 12:00:00,2.55,2.55,2.55,2.55,200
12/04/2014 12:15:00,2.5599,2.5599,2.55,2.55,2600
12/04/2014 12:30:00,2.55,2.56,2.545,2.545,400
12/04/2014 12:45:00,2.55,2.56,2.55,2.56,1800
12/04/2014 13:00:00,2.56,2.56,2.5,2.545,26800
12/04/2014 13:15:00,2.55,2.5699,2.55,2.5699,1219
12/04/2014 13:30:00,2.555,2.5699,2.51,2.53,5583
12/04/2014 13:45:00,2.5201,2.53,2.51,2.52,6640
12/04/2014 14:00:00,2.515,2.53,2.515,2.53,1100
12/04/2014 14:15:00,2.53,2.53,2.53,2.53,200
12/04/2014 14:30:00,2.525,2.525,2.52,2.525,3100
12/04/2014 14:45:00,2.525,2.53,2.52,2.52,800
12/04/2014 15:00:00,2.5243,2.53,2.52,2.53,1399
12/04/2014 15:15:00,2.525,2.525,2.525,2.525,100
12/04/2014 15:30:00,2.525,2.53,2.52,2.53,2556
12/04/2014 15:45:00,2.53,2.56,2.5,2.52,30337
12/04/2014 16:00:00,2.52,2.54,2.5,2.52,32373
12/05/2014 09:45:00,2.5,2.59,2.5,2.55,12711
12/05/2014 10:00:00,2.5893,2.5893,2.56,2.57,1323
12/05/2014 10:15:00,2.6,2.6,2.6,2.6,13
12/05/2014 10:30:00,2.6,2.6,2.6,2.6,0
12/05/2014 10:45:00,2.58,2.62,2.58,2.62,5394
12/05/2014 11:00:00,2.61,2.63,2.61,2.615,400
12/05/2014 11:15:00,2.61,2.6101,2.6,2.6001,5947
12/05/2014 11:30:00,2.6,2.61,2.6,2.6,7000
12/05/2014 11:45:00,2.605,2.61,2.605,2.61,573
12/05/2014 12:00:00,2.61,2.61,2.6,2.605,3300
12/05/2014 12:15:00,2.605,2.605,2.605,2.605,0
12/05/2014 12:30:00,2.61,2.62,2.6,2.61,16345
12/05/2014 12:45:00,2.615,2.615,2.61,2.615,1100
12/05/2014 13:00:00,2.615,2.62,2.61,2.61,900
12/05/2014 13:15:00,2.615,2.615,2.6,2.605,10200
12/05/2014 13:30:00,2.61,2.63,2.6,2.625,14478
12/05/2014 13:45:00,2.6257,2.6272,2.62,2.6201,4071
12/05/2014 14:00:00,2.62,2.64,2.62,2.64,10711
12/05/2014 14:15:00,2.65,2.65,2.6,2.6,11197
12/05/2014 14:30:00,2.61,2.61,2.6,2.605,920
12/05/2014 14:45:00,2.6013,2.617,2.6,2.61,7880
12/05/2014 15:00:00,2.615,2.62,2.58,2.5816,19414
12/05/2014 15:15:00,2.585,2.6,2.58,2.6,1846
12/05/2014 15:30:00,2.5832,2.6,2.58,2.59,2057
12/05/2014 15:45:00,2.59,2.5999,2.582,2.582,4900
12/05/2014 16:00:00,2.59,2.6,2.58,2.59,5550
12/08/2014 09:45:00,2.61,2.65,2.5544,2.63,8328
12/08/2014 10:00:00,2.62,2.62,2.61,2.62,203
12/08/2014 10:15:00,2.63,2.64,2.6168,2.62,785
12/08/2014 10:30:00,2.64,2.64,2.63,2.64,400
12/08/2014 10:45:00,2.64,2.64,2.62,2.6399,1308
12/08/2014 11:00:00,2.62,2.64,2.62,2.63,4527
12/08/2014 11:15:00,2.63,2.64,2.62,2.63,2982
12/08/2014 11:30:00,2.62,2.63,2.6,2.61,2500
12/08/2014 11:45:00,2.61,2.62,2.6,2.6,3036
12/08/2014 12:00:00,2.61,2.62,2.56,2.56,21875
12/08/2014 12:15:00,2.53,2.56,2.53,2.54,2800
12/08/2014 12:30:00,2.54,2.55,2.54,2.54,1914
12/08/2014 12:45:00,2.54,2.55,2.54,2.545,900
12/08/2014 13:00:00,2.54,2.55,2.54,2.54,5100
12/08/2014 13:15:00,2.545,2.55,2.54,2.54,1600
12/08/2014 13:30:00,2.54,2.56,2.54,2.54,15835
12/08/2014 13:45:00,2.54,2.55,2.54,2.54,2656
12/08/2014 14:00:00,2.54,2.55,2.54,2.55,11100
12/08/2014 14:15:00,2.55,2.55,2.54,2.54,4138
12/08/2014 14:30:00,2.52,2.528,2.51,2.52,1400
12/08/2014 14:45:00,2.52,2.52,2.51,2.51,2504
12/08/2014 15:00:00,2.5,2.51,2.5,2.5,1000
12/08/2014 15:15:00,2.51,2.51,2.5,2.5,3680
12/08/2014 15:30:00,2.505,2.53,2.5,2.53,8300
12/08/2014 15:45:00,2.53,2.53,2.52,2.52,3644
12/08/2014 16:00:00,2.52,2.53,2.49,2.51,12392
12/09/2014 09:45:00,2.5,2.54,2.49,2.49,11237
12/09/2014 10:00:00,2.51,2.52,2.5,2.5,1008
12/09/2014 10:15:00,2.51,2.52,2.51,2.52,22
12/09/2014 10:30:00,2.52,2.52,2.52,2.52,0
12/09/2014 10:45:00,2.53,2.53,2.53,2.53,200
12/09/2014 11:00:00,2.52,2.53,2.45,2.5,37798
12/09/2014 11:15:00,2.52,2.52,2.5,2.51,1024
12/09/2014 11:30:00,2.51,2.51,2.4799,2.4799,7869
12/09/2014 11:45:00,2.4799,2.48,2.47,2.47,1203
12/09/2014 12:00:00,2.48,2.48,2.475,2.48,400
12/09/2014 12:15:00,2.47,2.48,2.47,2.475,600
12/09/2014 12:30:00,2.48,2.48,2.47,2.48,25355
12/09/2014 12:45:00,2.475,2.5,2.475,2.48,2880
12/09/2014 13:00:00,2.49,2.5299,2.49,2.5299,1033
12/09/2014 13:15:00,2.52,2.53,2.52,2.53,4181
12/09/2014 13:30:00,2.53,2.55,2.51,2.5201,12563
12/09/2014 13:45:00,2.53,2.55,2.53,2.54,7274
12/09/2014 14:00:00,2.555,2.57,2.55,2.56,7003
12/09/2014 14:15:00,2.565,2.57,2.55,2.56,5506
12/09/2014 14:30:00,2.56,2.58,2.55,2.57,4080
12/09/2014 14:45:00,2.57,2.5968,2.57,2.5968,2554
12/09/2014 15:00:00,2.6,2.6,2.58,2.6,6345
12/09/2014 15:15:00,2.61,2.62,2.61,2.62,2275
12/09/2014 15:30:00,2.62,2.65,2.615,2.645,1974
12/09/2014 15:45:00,2.645,2.67,2.645,2.65,6487
12/09/2014 16:00:00,2.65,2.65,2.62,2.63,18284
12/10/2014 09:45:00,2.64,2.65,2.63,2.63,820
12/10/2014 10:00:00,2.63,2.63,2.63,2.63,6
12/10/2014 10:15:00,2.61,2.62,2.61,2.62,223
12/10/2014 10:30:00,2.62,2.62,2.58,2.61,2675
12/10/2014 10:45:00,2.61,2.61,2.55,2.55,1400
12/10/2014 11:00:00,2.55,2.58,2.55,2.57,1100
12/10/2014 11:15:00,2.57,2.572,2.55,2.565,4767
12/10/2014 11:30:00,2.56,2.565,2.55,2.55,1932
12/10/2014 11:45:00,2.55,2.555,2.55,2.5544,2169
12/10/2014 12:00:00,2.54,2.56,2.54,2.56,122
12/10/2014 12:15:00,2.55,2.56,2.54,2.56,1100
12/10/2014 12:30:00,2.5525,2.56,2.55,2.55,859
12/10/2014 12:45:00,2.55,2.56,2.54,2.55,700
12/10/2014 13:00:00,2.56,2.56,2.54,2.55,2500
12/10/2014 13:15:00,2.55,2.55,2.53,2.53,2899
12/10/2014 13:30:00,2.5325,2.5325,2.52,2.53,5200
12/10/2014 13:45:00,2.52,2.53,2.51,2.52,2615
12/10/2014 14:00:00,2.52,2.52,2.52,2.52,1100
12/10/2014 14:15:00,2.52,2.52,2.5025,2.5025,700
12/10/2014 14:30:00,2.5025,2.52,2.48,2.485,5325
12/10/2014 14:45:00,2.485,2.49,2.48,2.485,1205
12/10/2014 15:00:00,2.47,2.48,2.47,2.48,200
12/10/2014 15:15:00,2.48,2.48,2.42,2.43,8134
12/10/2014 15:30:00,2.42,2.46,2.42,2.43,2850
12/10/2014 15:45:00,2.46,2.46,2.445,2.46,2101
12/10/2014 16:00:00,2.45,2.45,2.41,2.42,12045
12/11/2014 09:45:00,2.48,2.52,2.48,2.5,4895
12/11/2014 10:00:00,2.49,2.49,2.43,2.43,680
12/11/2014 10:15:00,2.44,2.49,2.44,2.46,2600
12/11/2014 10:30:00,2.46,2.46,2.46,2.46,100
12/11/2014 10:45:00,2.47,2.52,2.46,2.52,2373
12/11/2014 11:00:00,2.51,2.51,2.49,2.49,1183
12/11/2014 11:15:00,2.49,2.49,2.48,2.48,1473
12/11/2014 11:30:00,2.4874,2.52,2.48,2.5,8577
12/11/2014 11:45:00,2.5001,2.5001,2.5,2.5001,1512
12/11/2014 12:00:00,2.51,2.53,2.5,2.53,1361
12/11/2014 12:15:00,2.53,2.53,2.49,2.5,2133
12/11/2014 12:30:00,2.49,2.5,2.49,2.495,2806
12/11/2014 12:45:00,2.5,2.5,2.49,2.49,2207
12/11/2014 13:00:00,2.485,2.485,2.48,2.485,4623
12/11/2014 13:15:00,2.485,2.49,2.48,2.48,1434
12/11/2014 13:30:00,2.48,2.5,2.48,2.5,3374
12/11/2014 13:45:00,2.505,2.505,2.48,2.49,1188
12/11/2014 14:00:00,2.4801,2.485,2.48,2.48,5575
12/11/2014 14:15:00,2.485,2.49,2.48,2.485,4069
12/11/2014 14:30:00,2.48,2.49,2.48,2.48,3760
12/11/2014 14:45:00,2.485,2.49,2.43,2.43,13749
12/11/2014 15:00:00,2.42,2.43,2.42,2.425,1190
12/11/2014 15:15:00,2.425,2.44,2.4,2.4,45864
12/11/2014 15:30:00,2.4,2.42,2.4,2.41,76302
12/11/2014 15:45:00,2.4,2.41,2.4,2.4,3595
12/11/2014 16:00:00,2.4,2.41,2.38,2.38,16873
12/12/2014 09:45:00,2.37,2.46,2.37,2.39,6308
12/12/2014 10:00:00,2.38,2.39,2.37,2.37,10153
12/12/2014 10:15:00,2.37,2.38,2.37,2.3786,2599
12/12/2014 10:30:00,2.37,2.39,2.37,2.39,1100
12/12/2014 10:45:00,2.4,2.4,2.39,2.4,380
12/12/2014 11:00:00,2.38,2.41,2.38,2.41,1740
12/12/2014 11:15:00,2.41,2.41,2.41,2.41,100
12/12/2014 11:30:00,2.4,2.43,2.4,2.41,16204
12/12/2014 11:45:00,2.43,2.45,2.4,2.41,54989
12/12/2014 12:00:00,2.4,2.4199,2.4,2.41,203
12/12/2014 12:15:00,2.42,2.42,2.4,2.41,3570
12/12/2014 12:30:00,2.41,2.41,2.4,2.41,2900
12/12/2014 12:45:00,2.4,2.41,2.37,2.38,14286
12/12/2014 13:00:00,2.38,2.38,2.37,2.37,2800
12/12/2014 13:15:00,2.36,2.3672,2.32,2.32,9200
12/12/2014 13:30:00,2.33,2.34,2.3274,2.33,3600
12/12/2014 13:45:00,2.3316,2.348,2.3316,2.348,650
12/12/2014 14:00:00,2.3348,2.36,2.3348,2.355,1100
12/12/2014 14:15:00,2.36,2.36,2.35,2.355,1725
12/12/2014 14:30:00,2.351,2.355,2.35,2.35,1300
12/12/2014 14:45:00,2.3562,2.36,2.34,2.3599,4100
12/12/2014 15:00:00,2.34,2.36,2.33,2.34,1700
12/12/2014 15:15:00,2.3316,2.34,2.33,2.335,3260
12/12/2014 15:30:00,2.33,2.34,2.33,2.335,1300
12/12/2014 15:45:00,2.3315,2.34,2.291,2.31,13047
12/12/2014 16:00:00,2.305,2.305,2.26,2.26,18402
12/15/2014 09:45:00,2.29,2.3399,2.27,2.31,4219
12/15/2014 10:00:00,2.32,2.335,2.32,2.32,1184
12/15/2014 10:15:00,2.32,2.33,2.31,2.32,5800
12/15/2014 10:30:00,2.325,2.33,2.32,2.33,4301
12/15/2014 10:45:00,2.325,2.33,2.3,2.32,23461
12/15/2014 11:00:00,2.3199,2.35,2.27,2.31,12813
12/15/2014 11:15:00,2.31,2.31,2.28,2.28,6900
12/15/2014 11:30:00,2.28,2.28,2.25,2.2501,7343
12/15/2014 11:45:00,2.25,2.26,2.24,2.24,8792
12/15/2014 12:00:00,2.24,2.26,2.21,2.21,7600
12/15/2014 12:15:00,2.21,2.25,2.21,2.24,11100
12/15/2014 12:30:00,2.25,2.2599,2.24,2.24,3300
12/15/2014 12:45:00,2.25,2.25,2.24,2.24,11309
12/15/2014 13:00:00,2.25,2.25,2.248,2.25,3800
12/15/2014 13:15:00,2.24,2.245,2.24,2.24,1942
12/15/2014 13:30:00,2.24,2.26,2.24,2.245,30200
12/15/2014 13:45:00,2.245,2.245,2.24,2.24,200
12/15/2014 14:00:00,2.245,2.245,2.2401,2.2435,1200
12/15/2014 14:15:00,2.2401,2.25,2.2401,2.25,800
12/15/2014 14:30:00,2.243,2.25,2.24,2.25,1617
12/15/2014 14:45:00,2.25,2.25,2.23,2.24,15506
12/15/2014 15:00:00,2.24,2.24,2.22,2.23,5100
12/15/2014 15:15:00,2.235,2.24,2.23,2.23,37985
12/15/2014 15:30:00,2.23,2.235,2.13,2.145,101596
12/15/2014 15:45:00,2.145,2.18,2.14,2.17,7041
12/15/2014 16:00:00,2.16,2.165,2.14,2.15,24375
12/16/2014 09:45:00,2.15,2.15,2.03,2.15,19997
12/16/2014 10:00:00,2.1499,2.19,2.14,2.17,39303
12/16/2014 10:15:00,2.17,2.175,2.1202,2.1202,26495
12/16/2014 10:30:00,2.1101,2.19,2.11,2.19,34513
12/16/2014 10:45:00,2.18,2.2022,2.17,2.18,28959
12/16/2014 11:00:00,2.175,2.21,2.16,2.17,29648
12/16/2014 11:15:00,2.17,2.18,2.15,2.15,9321
12/16/2014 11:30:00,2.14,2.2,2.14,2.1865,12316
12/16/2014 11:45:00,2.2,2.26,2.2,2.22,34728
12/16/2014 12:00:00,2.219,2.22,2.19,2.19,3850
12/16/2014 12:15:00,2.19,2.2,2.18,2.18,8787
12/16/2014 12:30:00,2.18,2.19,2.17,2.18,5750
12/16/2014 12:45:00,2.19,2.2,2.18,2.19,3400
12/16/2014 13:00:00,2.19,2.2,2.18,2.2,6200
12/16/2014 13:15:00,2.19,2.2,2.17,2.17,6127
12/16/2014 13:30:00,2.17,2.18,2.17,2.17,2457
12/16/2014 13:45:00,2.17,2.1899,2.16,2.16,12159
12/16/2014 14:00:00,2.16,2.16,2.16,2.16,9532
12/16/2014 14:15:00,2.15,2.18,2.15,2.18,2000
12/16/2014 14:30:00,2.17,2.175,2.17,2.17,1130
12/16/2014 14:45:00,2.17,2.18,2.17,2.17,1700
12/16/2014 15:00:00,2.17,2.175,2.17,2.17,1200
12/16/2014 15:15:00,2.17,2.17,2.16,2.17,2643
12/16/2014 15:30:00,2.16,2.17,2.15,2.15,3900
12/16/2014 15:45:00,2.15,2.17,2.14,2.15,7629
12/16/2014 16:00:00,2.14,2.15,2.139,2.14,24102
12/17/2014 09:45:00,2.08,2.2,2.08,2.1998,14814
12/17/2014 10:00:00,2.19,2.22,2.19,2.21,2417
12/17/2014 10:15:00,2.21,2.26,2.21,2.22,20015
12/17/2014 10:30:00,2.22,2.23,2.17,2.17,11020
12/17/2014 10:45:00,2.1872,2.2,2.17,2.18,5700
12/17/2014 11:00:00,2.18,2.2,2.18,2.19,1600
12/17/2014 11:15:00,2.1999,2.2,2.19,2.19,3535
12/17/2014 11:30:00,2.1901,2.22,2.19,2.22,12636
12/17/2014 11:45:00,2.22,2.24,2.21,2.24,6389
12/17/2014 12:00:00,2.24,2.25,2.24,2.24,4200
12/17/2014 12:15:00,2.26,2.26,2.24,2.255,1693
12/17/2014 12:30:00,2.26,2.26,2.25,2.255,2935
12/17/2014 12:45:00,2.26,2.29,2.25,2.29,11328
12/17/2014 13:00:00,2.29,2.3,2.29,2.3,1800
12/17/2014 13:15:00,2.29,2.3,2.29,2.3,5500
12/17/2014 13:30:00,2.295,2.3,2.26,2.28,33085
12/17/2014 13:45:00,2.28,2.3,2.26,2.26,70849
12/17/2014 14:00:00,2.25,2.25,2.23,2.25,2900
12/17/2014 14:15:00,2.26,2.28,2.25,2.25,12756
12/17/2014 14:30:00,2.27,2.29,2.27,2.27,2110
12/17/2014 14:45:00,2.29,2.3,2.24,2.28,20881
12/17/2014 15:00:00,2.29,2.29,2.27,2.271,5710
12/17/2014 15:15:00,2.25,2.26,2.23,2.26,6857
12/17/2014 15:30:00,2.26,2.27,2.25,2.27,9160
12/17/2014 15:45:00,2.27,2.29,2.26,2.26,39375
12/17/2014 16:00:00,2.26,2.29,2.26,2.28,22011
12/18/2014 09:45:00,2.3,2.36,2.27,2.3599,19843
12/18/2014 10:00:00,2.35,2.36,2.35,2.35,5740
12/18/2014 10:15:00,2.35,2.355,2.32,2.345,20598
12/18/2014 10:30:00,2.34,2.37,2.34,2.36,18745
12/18/2014 10:45:00,2.375,2.375,2.35,2.36,6946
12/18/2014 11:00:00,2.35,2.41,2.35,2.41,13005
12/18/2014 11:15:00,2.3886,2.39,2.33,2.33,6436
12/18/2014 11:30:00,2.34,2.35,2.33,2.33,3152
12/18/2014 11:45:00,2.33,2.33,2.31,2.31,8866
12/18/2014 12:00:00,2.315,2.315,2.3,2.31,6020
12/18/2014 12:15:00,2.3001,2.325,2.3,2.32,4300
12/18/2014 12:30:00,2.34,2.34,2.32,2.32,200
12/18/2014 12:45:00,2.32,2.33,2.32,2.33,700
12/18/2014 13:00:00,2.34,2.34,2.34,2.34,713
12/18/2014 13:15:00,2.34,2.3499,2.34,2.3499,4340
12/18/2014 13:30:00,2.34,2.3425,2.32,2.32,3008
12/18/2014 13:45:00,2.32,2.32,2.31,2.31,7500
12/18/2014 14:00:00,2.305,2.31,2.29,2.291,14450
12/18/2014 14:15:00,2.29,2.3,2.29,2.29,18741
12/18/2014 14:30:00,2.295,2.33,2.29,2.31,12900
12/18/2014 14:45:00,2.32,2.32,2.3001,2.3001,3200
12/18/2014 15:00:00,2.3,2.31,2.3,2.3,2970
12/18/2014 15:15:00,2.305,2.31,2.3,2.3,2018
12/18/2014 15:30:00,2.3,2.31,2.3,2.3,2710
12/18/2014 15:45:00,2.3,2.31,2.29,2.31,3237
12/18/2014 16:00:00,2.31,2.31,2.29,2.31,16927
12/19/2014 09:45:00,2.27,2.35,2.2501,2.2718,68221
12/19/2014 10:00:00,2.282,2.2999,2.25,2.27,5456
12/19/2014 10:15:00,2.2999,2.34,2.29,2.33,1221
12/19/2014 10:30:00,2.3227,2.36,2.32,2.35,6200
12/19/2014 10:45:00,2.35,2.361,2.35,2.36,2641
12/19/2014 11:00:00,2.38,2.38,2.36,2.36,600
12/19/2014 11:15:00,2.365,2.365,2.35,2.355,1800
12/19/2014 11:30:00,2.35,2.36,2.35,2.36,2912
12/19/2014 11:45:00,2.36,2.37,2.355,2.37,5020
12/19/2014 12:00:00,2.37,2.3732,2.36,2.365,7105
12/19/2014 12:15:00,2.37,2.37,2.365,2.37,600
12/19/2014 12:30:00,2.36,2.38,2.333,2.35,14946
12/19/2014 12:45:00,2.38,2.39,2.32,2.35,17911
12/19/2014 13:00:00,2.31,2.34,2.31,2.32,3251
12/19/2014 13:15:00,2.31,2.34,2.31,2.34,205
12/19/2014 13:30:00,2.31,2.33,2.31,2.31,10820
12/19/2014 13:45:00,2.32,2.33,2.31,2.31,8778
12/19/2014 14:00:00,2.31,2.315,2.31,2.31,11396
12/19/2014 14:15:00,2.31,2.33,2.31,2.31,6794
12/19/2014 14:30:00,2.31,2.33,2.2804,2.29,24918
12/19/2014 14:45:00,2.3,2.31,2.29,2.31,3500
12/19/2014 15:00:00,2.31,2.31,2.295,2.295,4800
12/19/2014 15:15:00,2.2901,2.31,2.29,2.3,7259
12/19/2014 15:30:00,2.3,2.305,2.29,2.29,6941
12/19/2014 15:45:00,2.2916,2.31,2.29,2.29,10162
12/19/2014 16:00:00,2.295,2.3,2.27,2.28,21365
12/22/2014 09:45:00,2.25,2.3,2.25,2.27,2611
12/22/2014 10:00:00,2.27,2.33,2.27,2.2835,29759
12/22/2014 10:15:00,2.29,2.33,2.28,2.3,10680
12/22/2014 10:30:00,2.31,2.32,2.2927,2.3,8120
12/22/2014 10:45:00,2.3,2.31,2.3,2.31,8858
12/22/2014 11:00:00,2.3,2.31,2.3,2.3,14369
12/22/2014 11:15:00,2.3,2.31,2.3,2.31,1500
12/22/2014 11:30:00,2.305,2.31,2.28,2.29,11172
12/22/2014 11:45:00,2.2801,2.29,2.25,2.25,21609
12/22/2014 12:00:00,2.27,2.27,2.22,2.22,6853
12/22/2014 12:15:00,2.22,2.24,2.22,2.22,5700
12/22/2014 12:30:00,2.22,2.24,2.22,2.23,2500
12/22/2014 12:45:00,2.23,2.24,2.22,2.22,2470
12/22/2014 13:00:00,2.23,2.23,2.21,2.21,2665
12/22/2014 13:15:00,2.21,2.22,2.21,2.22,5083
12/22/2014 13:30:00,2.22,2.22,2.21,2.22,3049
12/22/2014 13:45:00,2.2116,2.22,2.21,2.21,5100
12/22/2014 14:00:00,2.22,2.22,2.21,2.22,1200
12/22/2014 14:15:00,2.21,2.22,2.21,2.21,1300
12/22/2014 14:30:00,2.22,2.22,2.21,2.21,4205
12/22/2014 14:45:00,2.21,2.22,2.21,2.21,3300
12/22/2014 15:00:00,2.21,2.22,2.21,2.21,6035
12/22/2014 15:15:00,2.21,2.22,2.21,2.21,4024
12/22/2014 15:30:00,2.21,2.22,2.21,2.21,4200
12/22/2014 15:45:00,2.22,2.22,2.21,2.22,8949
12/22/2014 16:00:00,2.21,2.22,2.21,2.22,27933
12/23/2014 09:45:00,2.28,2.29,2.23,2.2888,16476
12/23/2014 10:00:00,2.29,2.295,2.28,2.29,3728
12/23/2014 10:15:00,2.3,2.325,2.295,2.32,9366
12/23/2014 10:30:00,2.32,2.32,2.28,2.2999,12058
12/23/2014 10:45:00,2.29,2.29,2.25,2.26,14474
12/23/2014 11:00:00,2.25,2.25,2.24,2.2499,3882
12/23/2014 11:15:00,2.245,2.25,2.24,2.24,7334
12/23/2014 11:30:00,2.245,2.25,2.24,2.24,7348
12/23/2014 11:45:00,2.24,2.25,2.22,2.22,7322
12/23/2014 12:00:00,2.22,2.23,2.19,2.2,18525
12/23/2014 12:15:00,2.19,2.19,2.18,2.18,7457
12/23/2014 12:30:00,2.18,2.18,2.175,2.175,1900
12/23/2014 12:45:00,2.17,2.189,2.15,2.17,8405
12/23/2014 13:00:00,2.18,2.18,2.17,2.17,4758
12/23/2014 13:15:00,2.17,2.18,2.17,2.17,2200
12/23/2014 13:30:00,2.17,2.18,2.16,2.17,16600
12/23/2014 13:45:00,2.16,2.17,2.16,2.17,7150
12/23/2014 14:00:00,2.17,2.17,2.16,2.1635,5900
12/23/2014 14:15:00,2.165,2.17,2.16,2.16,7777
12/23/2014 14:30:00,2.16,2.17,2.16,2.17,9000
12/23/2014 14:45:00,2.16,2.17,2.16,2.16,4120
12/23/2014 15:00:00,2.16,2.17,2.16,2.17,4300
12/23/2014 15:15:00,2.17,2.2,2.16,2.19,10313
12/23/2014 15:30:00,2.19,2.19,2.18,2.18,1368
12/23/2014 15:45:00,2.18,2.18,2.17,2.175,5935
12/23/2014 16:00:00,2.17,2.19,2.16,2.19,10231
12/24/2014 09:45:00,2.2,2.2404,2.17,2.24,19116
12/24/2014 10:00:00,2.22,2.26,2.22,2.24,2419
12/24/2014 10:15:00,2.251,2.259,2.24,2.24,8121
12/24/2014 10:30:00,2.25,2.25,2.22,2.23,26000
12/24/2014 10:45:00,2.23,2.235,2.23,2.23,1000
12/24/2014 11:00:00,2.23,2.235,2.23,2.23,800
12/24/2014 11:15:00,2.23,2.24,2.23,2.24,2076
12/24/2014 11:30:00,2.23,2.24,2.23,2.23,801
12/24/2014 11:45:00,2.23,2.23,2.18,2.18,6922
12/24/2014 12:00:00,2.18,2.19,2.1601,2.17,8996
12/24/2014 12:15:00,2.17,2.17,2.1301,2.1301,17122
12/24/2014 12:30:00,2.14,2.15,2.13,2.13,4601
12/24/2014 12:45:00,2.14,2.141,2.13,2.14,2004
12/24/2014 13:00:00,2.14,2.17,2.14,2.15,5053
12/24/2014 13:15:00,2.16,2.16,2.16,2.16,5421
12/24/2014 13:30:00,2.16,2.16,2.16,2.16,0
12/24/2014 13:45:00,2.16,2.16,2.16,2.16,0
12/24/2014 14:00:00,2.16,2.16,2.16,2.16,0
12/24/2014 14:15:00,2.16,2.16,2.16,2.16,0
12/24/2014 14:30:00,2.16,2.16,2.16,2.16,0
12/24/2014 14:45:00,2.16,2.16,2.16,2.16,0
12/24/2014 15:00:00,2.16,2.16,2.16,2.16,0
12/24/2014 15:15:00,2.16,2.16,2.16,2.16,0
12/24/2014 15:30:00,2.16,2.16,2.16,2.16,0
12/24/2014 15:45:00,2.16,2.16,2.16,2.16,0
12/24/2014 16:00:00,2.16,2.16,2.16,2.16,0
12/26/2014 09:45:00,2.19,2.19,2.12,2.19,6995
12/26/2014 10:00:00,2.19,2.26,2.19,2.255,9000
12/26/2014 10:15:00,2.25,2.3,2.25,2.3,10564
12/26/2014 10:30:00,2.31,2.36,2.29,2.35,54470
12/26/2014 10:45:00,2.35,2.39,2.35,2.39,2740
12/26/2014 11:00:00,2.37,2.38,2.35,2.36,17174
12/26/2014 11:15:00,2.3465,2.4,2.33,2.3799,13690
12/26/2014 11:30:00,2.361,2.39,2.361,2.37,10100
12/26/2014 11:45:00,2.37,2.38,2.37,2.3701,7000
12/26/2014 12:00:00,2.37,2.3701,2.36,2.36,1400
12/26/2014 12:15:00,2.36,2.37,2.34,2.34,2300
12/26/2014 12:30:00,2.3501,2.3501,2.3399,2.34,5410
12/26/2014 12:45:00,2.33,2.33,2.29,2.3125,3200
12/26/2014 13:00:00,2.325,2.37,2.3125,2.35,2500
12/26/2014 13:15:00,2.35,2.37,2.35,2.37,1100
12/26/2014 13:30:00,2.36,2.37,2.36,2.37,1900
12/26/2014 13:45:00,2.36,2.36,2.35,2.35,1709
12/26/2014 14:00:00,2.35,2.37,2.35,2.37,2100
12/26/2014 14:15:00,2.36,2.36,2.34,2.34,3010
12/26/2014 14:30:00,2.34,2.35,2.34,2.34,1500
12/26/2014 14:45:00,2.3401,2.35,2.34,2.34,2090
12/26/2014 15:00:00,2.35,2.36,2.31,2.31,6800
12/26/2014 15:15:00,2.313,2.32,2.3,2.3,12982
12/26/2014 15:30:00,2.3,2.31,2.29,2.29,10000
12/26/2014 15:45:00,2.2901,2.3,2.29,2.29,16817
12/26/2014 16:00:00,2.29,2.3,2.25,2.25,37446
12/29/2014 09:45:00,2.23,2.28,2.16,2.18,20182
12/29/2014 10:00:00,2.1999,2.205,2.133,2.16,33261
12/29/2014 10:15:00,2.16,2.19,2.16,2.19,26943
12/29/2014 10:30:00,2.2,2.2,2.19,2.19,18100
12/29/2014 10:45:00,2.19,2.19,2.16,2.17,18537
12/29/2014 11:00:00,2.17,2.17,2.15,2.15,23457
12/29/2014 11:15:00,2.16,2.16,2.08,2.105,35746
12/29/2014 11:30:00,2.105,2.16,2.105,2.13,11400
12/29/2014 11:45:00,2.14,2.15,2.12,2.12,23277
12/29/2014 12:00:00,2.11,2.12,2.1,2.12,600
12/29/2014 12:15:00,2.12,2.12,2.1,2.105,18400
12/29/2014 12:30:00,2.11,2.11,2.095,2.1,19483
12/29/2014 12:45:00,2.11,2.11,2.1,2.105,5293
12/29/2014 13:00:00,2.11,2.11,2.1,2.105,9077
12/29/2014 13:15:00,2.11,2.11,2.1,2.105,11493
12/29/2014 13:30:00,2.105,2.11,2.095,2.11,26169
12/29/2014 13:45:00,2.11,2.14,2.104,2.14,32426
12/29/2014 14:00:00,2.14,2.14,2.115,2.1299,9579
12/29/2014 14:15:00,2.12,2.13,2.09,2.09,11386
12/29/2014 14:30:00,2.09,2.14,2.08,2.14,37238
12/29/2014 14:45:00,2.1361,2.18,2.1361,2.165,12213
12/29/2014 15:00:00,2.17,2.17,2.16,2.16,12084
12/29/2014 15:15:00,2.1621,2.17,2.15,2.15,15735
12/29/2014 15:30:00,2.16,2.17,2.14,2.14,16479
12/29/2014 15:45:00,2.13,2.15,2.1,2.13,22837
12/29/2014 16:00:00,2.13,2.16,2.1205,2.14,37664
12/30/2014 09:45:00,2.13,2.2,2.1,2.16,23618
12/30/2014 10:00:00,2.15,2.17,2.08,2.08,43648
12/30/2014 10:15:00,2.09,2.09,2.06,2.07,18700
12/30/2014 10:30:00,2.06,2.07,2.04,2.04,20850
12/30/2014 10:45:00,2.04,2.04,1.98,1.99,38791
12/30/2014 11:00:00,1.985,1.99,1.95,1.95,20261
12/30/2014 11:15:00,1.95,1.98,1.95,1.97,23833
12/30/2014 11:30:00,1.97,1.98,1.94,1.94,38703
12/30/2014 11:45:00,1.94,1.99,1.92,1.97,39960
12/30/2014 12:00:00,1.98,2.04,1.97,2.0,27754
12/30/2014 12:15:00,2.01,2.01,1.99,2.0,6353
12/30/2014 12:30:00,2.01,2.055,2.0,2.04,35058
12/30/2014 12:45:00,2.04,2.04,2.03,2.03,8118
12/30/2014 13:00:00,2.03,2.03,1.99,2.02,17712
12/30/2014 13:15:00,2.01,2.06,2.01,2.04,17012
12/30/2014 13:30:00,2.04,2.12,2.04,2.07,24874
12/30/2014 13:45:00,2.06,2.07,2.035,2.035,10295
12/30/2014 14:00:00,2.03,2.04,2.03,2.03,9703
12/30/2014 14:15:00,2.03,2.04,2.03,2.03,16500
12/30/2014 14:30:00,2.04,2.04,2.03,2.03,12800
12/30/2014 14:45:00,2.03,2.1,2.03,2.095,18901
12/30/2014 15:00:00,2.095,2.1,2.07,2.07,11437
12/30/2014 15:15:00,2.075,2.08,2.05,2.05,17269
12/30/2014 15:30:00,2.055,2.08,2.05,2.08,20352
12/30/2014 15:45:00,2.09,2.15,2.09,2.1301,45318
12/30/2014 16:00:00,2.13,2.24,2.13,2.2,115352
12/31/2014 09:45:00,2.18,2.2,2.11,2.14,25467
12/31/2014 10:00:00,2.14,2.145,2.08,2.12,9806
12/31/2014 10:15:00,2.12,2.13,2.12,2.12,5857
12/31/2014 10:30:00,2.12,2.13,2.12,2.12,8801
12/31/2014 10:45:00,2.12,2.13,2.12,2.125,8943
12/31/2014 11:00:00,2.12,2.2,2.12,2.2,29542
12/31/2014 11:15:00,2.19,2.2,2.16,2.194,30443
12/31/2014 11:30:00,2.2,2.22,2.2,2.22,26102
12/31/2014 11:45:00,2.21,2.22,2.21,2.21,5746
12/31/2014 12:00:00,2.21,2.23,2.21,2.22,7124
12/31/2014 12:15:00,2.225,2.2268,2.21,2.22,4465
12/31/2014 12:30:00,2.21,2.22,2.2,2.2,3729
12/31/2014 12:45:00,2.2,2.2099,2.19,2.2,15850
12/31/2014 13:00:00,2.1916,2.2,2.19,2.195,4950
12/31/2014 13:15:00,2.19,2.2,2.19,2.2,2426
12/31/2014 13:30:00,2.19,2.2,2.19,2.19,3300
12/31/2014 13:45:00,2.2,2.2,2.17,2.17,11367
12/31/2014 14:00:00,2.16,2.16,2.15,2.1539,3400
12/31/2014 14:15:00,2.15,2.16,2.15,2.15,4631
12/31/2014 14:30:00,2.15,2.19,2.15,2.18,11408
12/31/2014 14:45:00,2.19,2.2,2.19,2.19,7475
12/31/2014 15:00:00,2.19,2.2,2.19,2.2,5600
12/31/2014 15:15:00,2.19,2.2,2.18,2.18,11418
12/31/2014 15:30:00,2.19,2.19,2.18,2.18,4086
12/31/2014 15:45:00,2.18,2.19,2.18,2.18,5418
12/31/2014 16:00:00,2.18,2.18,2.06,2.06,120648
01/02/2015 09:45:00,2.11,2.16,2.0701,2.14,21604
01/02/2015 10:00:00,2.16,2.18,2.15,2.16,3994
01/02/2015 10:15:00,2.15,2.1699,2.15,2.16,8979
01/02/2015 10:30:00,2.16,2.17,2.13,2.1499,3318
01/02/2015 10:45:00,2.14,2.15,2.1,2.1,7062
01/02/2015 11:00:00,2.085,2.14,2.08,2.14,6902
01/02/2015 11:15:00,2.1286,2.13,2.08,2.08,7945
01/02/2015 11:30:00,2.11,2.11,2.08,2.1099,4427
01/02/2015 11:45:00,2.1,2.11,2.1,2.11,3582
01/02/2015 12:00:00,2.1,2.14,2.1,2.14,2720
01/02/2015 12:15:00,2.14,2.145,2.135,2.14,2600
01/02/2015 12:30:00,2.145,2.145,2.13,2.1399,6200
01/02/2015 12:45:00,2.1373,2.14,2.13,2.13,1604
01/02/2015 13:00:00,2.1399,2.15,2.13,2.145,5710
01/02/2015 13:15:00,2.15,2.2,2.15,2.19,10175
01/02/2015 13:30:00,2.2,2.25,2.19,2.25,10735
01/02/2015 13:45:00,2.24,2.24,2.22,2.23,8602
01/02/2015 14:00:00,2.24,2.24,2.23,2.23,2600
01/02/2015 14:15:00,2.2399,2.24,2.2,2.2,13664
01/02/2015 14:30:00,2.2,2.21,2.19,2.19,4650
01/02/2015 14:45:00,2.19,2.19,2.17,2.17,8890
01/02/2015 15:00:00,2.17,2.175,2.16,2.16,5065
01/02/2015 15:15:00,2.16,2.17,2.15,2.15,4466
01/02/2015 15:30:00,2.155,2.16,2.15,2.15,3500
01/02/2015 15:45:00,2.15,2.18,2.15,2.16,5877
01/02/2015 16:00:00,2.16,2.18,2.16,2.17,20396
01/05/2015 09:45:00,2.2,2.2,2.17,2.2,14810
01/05/2015 10:00:00,2.2,2.24,2.2,2.2399,12450
01/05/2015 10:15:00,2.24,2.25,2.21,2.25,9319
01/05/2015 10:30:00,2.25,2.29,2.245,2.29,15869
01/05/2015 10:45:00,2.289,2.305,2.25,2.25,5640
01/05/2015 11:00:00,2.26,2.27,2.25,2.2577,2200
01/05/2015 11:15:00,2.255,2.26,2.239,2.25,5150
01/05/2015 11:30:00,2.25,2.28,2.24,2.28,2000
01/05/2015 11:45:00,2.285,2.29,2.27,2.28,10600
01/05/2015 12:00:00,2.27,2.28,2.25,2.26,1634
01/05/2015 12:15:00,2.26,2.26,2.25,2.26,2887
01/05/2015 12:30:00,2.25,2.26,2.25,2.25,1404
01/05/2015 12:45:00,2.25,2.27,2.24,2.27,5299
01/05/2015 13:00:00,2.27,2.27,2.25,2.26,3200
01/05/2015 13:15:00,2.25,2.25,2.23,2.24,10410
01/05/2015 13:30:00,2.24,2.24,2.21,2.22,4858
01/05/2015 13:45:00,2.23,2.23,2.225,2.225,500
01/05/2015 14:00:00,2.23,2.23,2.2225,2.2225,2100
01/05/2015 14:15:00,2.22,2.23,2.22,2.22,3450
01/05/2015 14:30:00,2.22,2.22,2.2,2.2,14999
01/05/2015 14:45:00,2.21,2.21,2.18,2.18,12290
01/05/2015 15:00:00,2.17,2.2,2.17,2.2,8841
01/05/2015 15:15:00,2.195,2.195,2.19,2.19,1600
01/05/2015 15:30:00,2.1925,2.195,2.18,2.18,8458
01/05/2015 15:45:00,2.18,2.185,2.17,2.17,5819
01/05/2015 16:00:00,2.17,2.175,2.15,2.15,31109
01/06/2015 09:45:00,2.18,2.23,2.15,2.1799,3515
01/06/2015 10:00:00,2.18,2.19,2.15,2.17,6433
01/06/2015 10:15:00,2.17,2.21,2.15,2.21,5686
01/06/2015 10:30:00,2.21,2.22,2.19,2.21,7721
01/06/2015 10:45:00,2.19,2.21,2.19,2.19,3893
01/06/2015 11:00:00,2.18,2.185,2.16,2.16,14895
01/06/2015 11:15:00,2.16,2.18,2.16,2.16,2633
01/06/2015 11:30:00,2.17,2.17,2.16,2.16,5663
01/06/2015 11:45:00,2.16,2.18,2.15,2.16,21883
01/06/2015 12:00:00,2.1598,2.17,2.15,2.15,1317
01/06/2015 12:15:00,2.15,2.16,2.12,2.14,4979
01/06/2015 12:30:00,2.12,2.12,2.1101,2.1101,644
01/06/2015 12:45:00,2.13,2.15,2.12,2.15,7200
01/06/2015 13:00:00,2.15,2.16,2.15,2.16,700
01/06/2015 13:15:00,2.16,2.16,2.15,2.15,1200
01/06/2015 13:30:00,2.16,2.16,2.12,2.14,2000
01/06/2015 13:45:00,2.15,2.15,2.12,2.12,1101
01/06/2015 14:00:00,2.14,2.14,2.14,2.14,200
01/06/2015 14:15:00,2.14,2.14,2.12,2.12,1200
01/06/2015 14:30:00,2.11,2.13,2.11,2.1201,2181
01/06/2015 14:45:00,2.13,2.15,2.12,2.15,1043
01/06/2015 15:00:00,2.15,2.16,2.145,2.15,3979
01/06/2015 15:15:00,2.14,2.14,2.12,2.12,6146
01/06/2015 15:30:00,2.13,2.14,2.11,2.11,14200
01/06/2015 15:45:00,2.11,2.13,2.11,2.12,1875
01/06/2015 16:00:00,2.12,2.13,2.11,2.11,10662
01/07/2015 09:45:00,2.12,2.2043,2.12,2.1499,2432
01/07/2015 10:00:00,2.16,2.16,2.15,2.15,965
01/07/2015 10:15:00,2.15,2.15,2.13,2.13,1680
01/07/2015 10:30:00,2.15,2.15,2.13,2.15,642
01/07/2015 10:45:00,2.14,2.14,2.12,2.12,4466
01/07/2015 11:00:00,2.13,2.13,2.12,2.12,342
01/07/2015 11:15:00,2.13,2.13,2.125,2.13,1569
01/07/2015 11:30:00,2.13,2.13,2.13,2.13,300
01/07/2015 11:45:00,2.13,2.14,2.13,2.14,600
01/07/2015 12:00:00,2.1399,2.14,2.1399,2.14,1246
01/07/2015 12:15:00,2.14,2.14,2.13,2.13,1200
01/07/2015 12:30:00,2.1301,2.14,2.13,2.14,1940
01/07/2015 12:45:00,2.14,2.14,2.14,2.14,400
01/07/2015 13:00:00,2.14,2.14,2.13,2.1382,410
01/07/2015 13:15:00,2.14,2.14,2.13,2.14,700
01/07/2015 13:30:00,2.13,2.14,2.13,2.1378,1500
01/07/2015 13:45:00,2.14,2.14,2.14,2.14,300
01/07/2015 14:00:00,2.14,2.14,2.12,2.12,2381
01/07/2015 14:15:00,2.1299,2.13,2.12,2.13,402
01/07/2015 14:30:00,2.12,2.13,2.12,2.13,2400
01/07/2015 14:45:00,2.13,2.13,2.12,2.13,965
01/07/2015 15:00:00,2.12,2.13,2.12,2.13,1300
01/07/2015 15:15:00,2.1238,2.13,2.12,2.13,3655
01/07/2015 15:30:00,2.13,2.13,2.12,2.13,1300
01/07/2015 15:45:00,2.12,2.14,2.12,2.14,2897
01/07/2015 16:00:00,2.14,2.14,2.13,2.13,7626
01/08/2015 09:45:00,2.19,2.19,2.14,2.15,1491
01/08/2015 10:00:00,2.15,2.15,2.14,2.15,1431
01/08/2015 10:15:00,2.15,2.15,2.12,2.12,3200
01/08/2015 10:30:00,2.12,2.13,2.11,2.12,4916
01/08/2015 10:45:00,2.11,2.12,2.11,2.11,6370
01/08/2015 11:00:00,2.11,2.12,2.11,2.11,3491
01/08/2015 11:15:00,2.11,2.12,2.11,2.11,2210
01/08/2015 11:30:00,2.11,2.12,2.11,2.11,3740
01/08/2015 11:45:00,2.1176,2.145,2.11,2.13,3922
01/08/2015 12:00:00,2.13,2.135,2.12,2.12,2105
01/08/2015 12:15:00,2.12,2.16,2.12,2.14,3894
01/08/2015 12:30:00,2.14,2.145,2.13,2.14,4406
01/08/2015 12:45:00,2.14,2.14,2.13,2.13,615
01/08/2015 13:00:00,2.13,2.14,2.13,2.14,1139
01/08/2015 13:15:00,2.13,2.15,2.13,2.14,2152
01/08/2015 13:30:00,2.14,2.145,2.13,2.13,2526
01/08/2015 13:45:00,2.13,2.1399,2.12,2.12,2912
01/08/2015 14:00:00,2.12,2.13,2.11,2.11,5516
01/08/2015 14:15:00,2.11,2.12,2.11,2.11,4601
01/08/2015 14:30:00,2.11,2.115,2.11,2.11,1536
01/08/2015 14:45:00,2.11,2.12,2.11,2.11,2336
01/08/2015 15:00:00,2.11,2.115,2.11,2.11,1449
01/08/2015 15:15:00,2.111,2.115,2.11,2.11,2434
01/08/2015 15:30:00,2.11,2.12,2.11,2.11,2801
01/08/2015 15:45:00,2.11,2.121,2.11,2.12,4699
01/08/2015 16:00:00,2.12,2.13,2.11,2.12,11327
01/09/2015 09:45:00,2.11,2.17,2.11,2.1499,1687
01/09/2015 10:00:00,2.1499,2.15,2.14,2.15,1202
01/09/2015 10:15:00,2.15,2.16,2.15,2.16,717
01/09/2015 10:30:00,2.14,2.14,2.11,2.11,7393
01/09/2015 10:45:00,2.12,2.12,2.11,2.12,162
01/09/2015 11:00:00,2.11,2.12,2.11,2.11,610
01/09/2015 11:15:00,2.11,2.12,2.11,2.11,815
01/09/2015 11:30:00,2.11,2.12,2.1,2.1,3480
01/09/2015 11:45:00,2.1,2.11,2.1,2.11,511
01/09/2015 12:00:00,2.1001,2.12,2.1,2.11,2950
01/09/2015 12:15:00,2.11,2.11,2.11,2.11,1411
01/09/2015 12:30:00,2.11,2.11,2.11,2.11,170
01/09/2015 12:45:00,2.11,2.11,2.11,2.11,10
01/09/2015 13:00:00,2.11,2.11,2.11,2.11,18
01/09/2015 13:15:00,2.1101,2.1101,2.11,2.11,162
01/09/2015 13:30:00,2.12,2.12,2.11,2.11,112
01/09/2015 13:45:00,2.11,2.1199,2.11,2.1199,713
01/09/2015 14:00:00,2.11,2.12,2.11,2.11,921
01/09/2015 14:15:00,2.115,2.12,2.11,2.11,1312
01/09/2015 14:30:00,2.1191,2.1191,2.1,2.1,2829
01/09/2015 14:45:00,2.1,2.11,2.1,2.1,3621
01/09/2015 15:00:00,2.1,2.105,2.1,2.1,926
01/09/2015 15:15:00,2.1,2.11,2.1,2.1,1652
01/09/2015 15:30:00,2.1,2.11,2.1,2.1,2318
01/09/2015 15:45:00,2.1,2.11,2.1,2.1,2329
01/09/2015 16:00:00,2.1,2.11,2.1,2.1,10173
01/12/2015 09:45:00,2.18,2.18,2.085,2.09,29880
01/12/2015 10:00:00,2.09,2.09,2.08,2.08,7052
01/12/2015 10:15:00,2.08,2.08,2.06,2.06,2710
01/12/2015 10:30:00,2.056,2.06,2.05,2.055,3730
01/12/2015 10:45:00,2.06,2.06,2.03,2.03,11190
01/12/2015 11:00:00,2.04,2.04,2.02,2.03,2000
01/12/2015 11:15:00,2.025,2.03,2.02,2.03,1400
01/12/2015 11:30:00,2.02,2.025,1.96,1.96,62749
01/12/2015 11:45:00,1.96,2.009,1.96,1.999,15596
01/12/2015 12:00:00,2.01,2.01,2.0,2.01,1200
01/12/2015 12:15:00,2.0,2.02,2.0,2.01,6649
01/12/2015 12:30:00,2.0199,2.04,2.01,2.04,5410
01/12/2015 12:45:00,2.035,2.05,2.035,2.04,600
01/12/2015 13:00:00,2.05,2.05,2.03,2.04,700
01/12/2015 13:15:00,2.04,2.06,2.0336,2.06,5900
01/12/2015 13:30:00,2.05,2.06,2.045,2.05,4600
01/12/2015 13:45:00,2.059,2.06,2.05,2.06,1000
01/12/2015 14:00:00,2.055,2.06,2.05,2.06,400
01/12/2015 14:15:00,2.055,2.06,2.05,2.055,1300
01/12/2015 14:30:00,2.06,2.06,2.05,2.0536,1150
01/12/2015 14:45:00,2.05,2.05,2.0332,2.04,1198
01/12/2015 15:00:00,2.045,2.05,2.04,2.05,300
01/12/2015 15:15:00,2.045,2.05,2.04,2.0401,1155
01/12/2015 15:30:00,2.04,2.05,2.04,2.05,827
01/12/2015 15:45:00,2.05,2.05,2.03,2.04,1524
01/12/2015 16:00:00,2.03,2.05,2.03,2.04,9067
01/13/2015 09:45:00,2.02,2.02,1.97,1.9754,8614
01/13/2015 10:00:00,1.98,2.0,1.97,2.0,4350
01/13/2015 10:15:00,1.99,2.01,1.99,2.0,4721
01/13/2015 10:30:00,1.99,2.0,1.99,2.0,8262
01/13/2015 10:45:00,2.0,2.0,1.99,2.0,2200
01/13/2015 11:00:00,1.995,2.0,1.99,2.0,750
01/13/2015 11:15:00,1.995,2.0,1.99,1.99,3329
01/13/2015 11:30:00,1.99,2.0,1.99,1.99,5603
01/13/2015 11:45:00,2.0,2.0,1.9907,2.0,1611
01/13/2015 12:00:00,1.995,2.0,1.995,2.0,664
01/13/2015 12:15:00,1.9999,2.0,1.99,2.0,32804
01/13/2015 12:30:00,1.99,1.99,1.98,1.98,2141
01/13/2015 12:45:00,1.98,1.98,1.98,1.98,300
01/13/2015 13:00:00,1.99,1.99,1.97,1.98,5500
01/13/2015 13:15:00,1.97,1.9735,1.97,1.9735,200
01/13/2015 13:30:00,1.97,1.97,1.96,1.9601,2110
01/13/2015 13:45:00,1.9699,1.97,1.96,1.96,1800
01/13/2015 14:00:00,1.96,1.965,1.93,1.93,24585
01/13/2015 14:15:00,1.93,1.93,1.88,1.88,29321
01/13/2015 14:30:00,1.89,1.92,1.87,1.91,23100
01/13/2015 14:45:00,1.915,1.923,1.91,1.9216,4291
01/13/2015 15:00:00,1.92,1.93,1.92,1.92,4159
01/13/2015 15:15:00,1.92,1.92,1.9,1.92,5979
01/13/2015 15:30:00,1.91,1.915,1.91,1.91,1300
01/13/2015 15:45:00,1.91,1.9199,1.9,1.915,12400
01/13/2015 16:00:00,1.91,1.93,1.91,1.92,13379
01/14/2015 09:45:00,1.89,1.89,1.87,1.88,2393
01/14/2015 10:00:00,1.88,1.895,1.88,1.89,2224
01/14/2015 10:15:00,1.88,1.89,1.88,1.88,601
01/14/2015 10:30:00,1.88,1.8808,1.88,1.88,209
01/14/2015 10:45:00,1.88,1.88,1.87,1.87,6133
01/14/2015 11:00:00,1.86,1.8799,1.86,1.8799,763
01/14/2015 11:15:00,1.8599,1.8799,1.85,1.8799,1420
01/14/2015 11:30:00,1.8601,1.8601,1.86,1.86,279
01/14/2015 11:45:00,1.86,1.8699,1.85,1.85,2067
01/14/2015 12:00:00,1.85,1.852,1.85,1.85,1450
01/14/2015 12:15:00,1.85,1.855,1.85,1.85,500
01/14/2015 12:30:00,1.85,1.855,1.85,1.85,600
01/14/2015 12:45:00,1.85,1.86,1.85,1.86,2514
01/14/2015 13:00:00,1.86,1.8616,1.86,1.86,748
01/14/2015 13:15:00,1.86,1.865,1.86,1.86,2300
01/14/2015 13:30:00,1.86,1.8638,1.86,1.86,1100
01/14/2015 13:45:00,1.8601,1.865,1.85,1.86,3036
01/14/2015 14:00:00,1.86,1.87,1.85,1.85,1900
01/14/2015 14:15:00,1.85,1.86,1.85,1.86,3108
01/14/2015 14:30:00,1.8601,1.88,1.86,1.87,3261
01/14/2015 14:45:00,1.875,1.88,1.87,1.87,3200
01/14/2015 15:00:00,1.87,1.875,1.87,1.87,734
01/14/2015 15:15:00,1.87,1.88,1.87,1.87,2095
01/14/2015 15:30:00,1.87,1.89,1.87,1.87,2412
01/14/2015 15:45:00,1.88,1.91,1.88,1.89,9772
01/14/2015 16:00:00,1.9,1.9,1.89,1.89,3044
01/15/2015 09:45:00,1.94,1.96,1.9,1.9,10622
01/15/2015 10:00:00,1.9,1.9099,1.9,1.9,5142
01/15/2015 10:15:00,1.9,1.9099,1.9,1.9,3422
01/15/2015 10:30:00,1.9,1.93,1.9,1.93,3156
01/15/2015 10:45:00,1.93,1.96,1.93,1.94,4881
01/15/2015 11:00:00,1.923,1.923,1.92,1.92,4537
01/15/2015 11:15:00,1.93,1.93,1.92,1.92,2490
01/15/2015 11:30:00,1.93,1.93,1.9242,1.93,2200
01/15/2015 11:45:00,1.9201,1.93,1.92,1.93,1400
01/15/2015 12:00:00,1.93,1.93,1.9299,1.9299,102
01/15/2015 12:15:00,1.93,1.93,1.92,1.9299,800
01/15/2015 12:30:00,1.93,1.93,1.92,1.92,900
01/15/2015 12:45:00,1.92,1.92,1.9,1.9,10151
01/15/2015 13:00:00,1.9,1.9,1.872,1.89,1214
01/15/2015 13:15:00,1.88,1.88,1.87,1.87,2257
01/15/2015 13:30:00,1.88,1.88,1.8716,1.8716,1300
01/15/2015 13:45:00,1.87,1.88,1.87,1.8716,608
01/15/2015 14:00:00,1.87,1.87,1.85,1.8616,4843
01/15/2015 14:15:00,1.861,1.87,1.861,1.8616,1200
01/15/2015 14:30:00,1.87,1.88,1.87,1.88,1517
01/15/2015 14:45:00,1.88,1.91,1.88,1.9,6181
01/15/2015 15:00:00,1.9,1.9,1.8916,1.9,466
01/15/2015 15:15:00,1.8916,1.9,1.89,1.8916,636
01/15/2015 15:30:00,1.9,1.9,1.8972,1.8972,1200
01/15/2015 15:45:00,1.9,1.9,1.89,1.89,3239
01/15/2015 16:00:00,1.88,1.89,1.87,1.88,6573
01/16/2015 09:45:00,1.88,1.88,1.85,1.86,13963
01/16/2015 10:00:00,1.86,1.8692,1.855,1.8599,1425
01/16/2015 10:15:00,1.86,1.86,1.85,1.85,6740
01/16/2015 10:30:00,1.85,1.8694,1.8399,1.8694,16873
01/16/2015 10:45:00,1.85,1.85,1.82,1.82,4538
01/16/2015 11:00:00,1.82,1.83,1.82,1.825,734
01/16/2015 11:15:00,1.82,1.83,1.82,1.82,7406
01/16/2015 11:30:00,1.82,1.83,1.81,1.8165,3654
01/16/2015 11:45:00,1.82,1.82,1.79,1.8,7087
01/16/2015 12:00:00,1.8,1.8007,1.78,1.785,12042
01/16/2015 12:15:00,1.785,1.79,1.78,1.79,9227
01/16/2015 12:30:00,1.78,1.78,1.76,1.76,1631
01/16/2015 12:45:00,1.7688,1.78,1.765,1.78,4357
01/16/2015 13:00:00,1.7701,1.78,1.77,1.77,2840
01/16/2015 13:15:00,1.77,1.78,1.77,1.77,4278
01/16/2015 13:30:00,1.77,1.77,1.76,1.765,9903
01/16/2015 13:45:00,1.765,1.77,1.7601,1.7601,4500
01/16/2015 14:00:00,1.76,1.77,1.76,1.7695,9800
01/16/2015 14:15:00,1.765,1.765,1.76,1.76,302
01/16/2015 14:30:00,1.76,1.77,1.76,1.77,1516
01/16/2015 14:45:00,1.76,1.77,1.76,1.77,3200
01/16/2015 15:00:00,1.7799,1.78,1.77,1.77,3700
01/16/2015 15:15:00,1.77,1.78,1.76,1.765,3850
01/16/2015 15:30:00,1.765,1.77,1.7616,1.77,3339
01/16/2015 15:45:00,1.77,1.78,1.76,1.765,10077
01/16/2015 16:00:00,1.77,1.78,1.76,1.76,19822
01/20/2015 09:45:00,1.78,1.78,1.69,1.69,57895
01/20/2015 10:00:00,1.6901,1.6901,1.64,1.67,23024
01/20/2015 10:15:00,1.67,1.7,1.67,1.6805,8740
01/20/2015 10:30:00,1.673,1.69,1.671,1.69,6368
01/20/2015 10:45:00,1.68,1.69,1.68,1.69,1130
01/20/2015 11:00:00,1.68,1.685,1.673,1.673,2892
01/20/2015 11:15:00,1.6799,1.68,1.67,1.68,3465
01/20/2015 11:30:00,1.6739,1.69,1.6739,1.685,1116
01/20/2015 11:45:00,1.68,1.6899,1.67,1.6749,9620
01/20/2015 12:00:00,1.67,1.68,1.67,1.6799,11324
01/20/2015 12:15:00,1.6799,1.6799,1.67,1.6701,3200
01/20/2015 12:30:00,1.67,1.67,1.67,1.67,100
01/20/2015 12:45:00,1.67,1.67,1.67,1.67,100
01/20/2015 13:00:00,1.67,1.68,1.67,1.6762,1713
01/20/2015 13:15:00,1.671,1.675,1.67,1.675,1200
01/20/2015 13:30:00,1.67,1.6795,1.65,1.66,14200
01/20/2015 13:45:00,1.6599,1.66,1.65,1.66,2100
01/20/2015 14:00:00,1.66,1.69,1.655,1.68,10243
01/20/2015 14:15:00,1.68,1.68,1.68,1.68,1400
01/20/2015 14:30:00,1.69,1.7,1.69,1.7,3432
01/20/2015 14:45:00,1.7,1.7,1.68,1.69,815
01/20/2015 15:00:00,1.7,1.74,1.7,1.7399,39124
01/20/2015 15:15:00,1.72,1.72,1.72,1.72,100
01/20/2015 15:30:00,1.729,1.73,1.72,1.72,925
01/20/2015 15:45:00,1.72,1.75,1.72,1.75,2700
01/20/2015 16:00:00,1.7456,1.76,1.7456,1.75,8880
01/21/2015 09:45:00,1.75,1.76,1.6,1.61,27688
01/21/2015 10:00:00,1.56,1.59,1.56,1.57,6856
01/21/2015 10:15:00,1.575,1.64,1.5701,1.62,18650
01/21/2015 10:30:00,1.625,1.66,1.62,1.66,18461
01/21/2015 10:45:00,1.65,1.67,1.65,1.67,2600
01/21/2015 11:00:00,1.67,1.67,1.6601,1.67,6700
01/21/2015 11:15:00,1.66,1.66,1.66,1.66,100
01/21/2015 11:30:00,1.66,1.665,1.6301,1.64,41401
01/21/2015 11:45:00,1.63,1.7,1.63,1.7,16962
01/21/2015 12:00:00,1.72,1.72,1.72,1.72,100
01/21/2015 12:15:00,1.72,1.72,1.72,1.72,100
01/21/2015 12:30:00,1.73,1.7398,1.73,1.73,2127
01/21/2015 12:45:00,1.72,1.73,1.72,1.7249,3650
01/21/2015 13:00:00,1.7299,1.73,1.7299,1.73,254
01/21/2015 13:15:00,1.7202,1.74,1.7201,1.74,2633
01/21/2015 13:30:00,1.73,1.73,1.73,1.73,100
01/21/2015 13:45:00,1.73,1.73,1.72,1.72,250
01/21/2015 14:00:00,1.71,1.71,1.69,1.699,2190
01/21/2015 14:15:00,1.691,1.692,1.67,1.68,6300
01/21/2015 14:30:00,1.683,1.69,1.683,1.69,800
01/21/2015 14:45:00,1.6899,1.69,1.68,1.69,2552
01/21/2015 15:00:00,1.685,1.6951,1.685,1.6951,3976
01/21/2015 15:15:00,1.69,1.69,1.69,1.69,100
01/21/2015 15:30:00,1.69,1.69,1.69,1.69,0
01/21/2015 15:45:00,1.69,1.71,1.69,1.7,10572
01/21/2015 16:00:00,1.71,1.71,1.7,1.71,6950
01/22/2015 09:45:00,1.78,1.78,1.78,1.78,8988
01/22/2015 10:00:00,1.775,1.78,1.69,1.7101,28399
01/22/2015 10:15:00,1.72,1.7599,1.71,1.7599,8010
01/22/2015 10:30:00,1.74,1.76,1.74,1.76,1543
01/22/2015 10:45:00,1.77,1.79,1.77,1.79,1643
01/22/2015 11:00:00,1.79,1.79,1.78,1.78,200
01/22/2015 11:15:00,1.777,1.785,1.77,1.785,1601
01/22/2015 11:30:00,1.78,1.79,1.77,1.79,6060
01/22/2015 11:45:00,1.8,1.8,1.78,1.79,300
01/22/2015 12:00:00,1.79,1.7901,1.78,1.78,6100
01/22/2015 12:15:00,1.79,1.84,1.78,1.83,6695
01/22/2015 12:30:00,1.8421,1.86,1.8421,1.85,1441
01/22/2015 12:45:00,1.84,1.85,1.84,1.85,4300
01/22/2015 13:00:00,1.84,1.84,1.84,1.84,100
01/22/2015 13:15:00,1.83,1.84,1.83,1.83,300
01/22/2015 13:30:00,1.8301,1.8418,1.8301,1.8383,300
01/22/2015 13:45:00,1.8301,1.8301,1.77,1.821,13750
01/22/2015 14:00:00,1.83,1.85,1.83,1.845,1139
01/22/2015 14:15:00,1.84,1.84,1.84,1.84,700
01/22/2015 14:30:00,1.8301,1.8599,1.8301,1.8599,1718
01/22/2015 14:45:00,1.8501,1.86,1.8501,1.86,200
01/22/2015 15:00:00,1.85,1.87,1.8315,1.85,6726
01/22/2015 15:15:00,1.84,1.88,1.84,1.88,10095
01/22/2015 15:30:00,1.88,1.88,1.87,1.88,1500
01/22/2015 15:45:00,1.88,1.88,1.87,1.8701,1067
01/22/2015 16:00:00,1.88,1.88,1.8601,1.87,14566
01/23/2015 09:45:00,1.87,1.87,1.83,1.85,3879
01/23/2015 10:00:00,1.845,1.86,1.845,1.85,22053
01/23/2015 10:15:00,1.84,1.88,1.84,1.84,21780
01/23/2015 10:30:00,1.8301,1.84,1.82,1.82,435
01/23/2015 10:45:00,1.8001,1.8001,1.8001,1.8001,70
01/23/2015 11:00:00,1.8,1.85,1.79,1.85,12205
01/23/2015 11:15:00,1.84,1.845,1.835,1.835,600
01/23/2015 11:30:00,1.835,1.835,1.835,1.835,0
01/23/2015 11:45:00,1.8325,1.8325,1.83,1.83,200
01/23/2015 12:00:00,1.835,1.835,1.835,1.835,100
01/23/2015 12:15:00,1.8301,1.8399,1.83,1.83,330
01/23/2015 12:30:00,1.83,1.83,1.83,1.83,100
01/23/2015 12:45:00,1.85,1.85,1.85,1.85,95
01/23/2015 13:00:00,1.84,1.84,1.84,1.84,25
01/23/2015 13:15:00,1.8468,1.85,1.84,1.84,1600
01/23/2015 13:30:00,1.84,1.845,1.83,1.83,1550
01/23/2015 13:45:00,1.82,1.82,1.82,1.82,100
01/23/2015 14:00:00,1.835,1.835,1.835,1.835,100
01/23/2015 14:15:00,1.8402,1.845,1.8402,1.845,1095
01/23/2015 14:30:00,1.85,1.85,1.85,1.85,300
01/23/2015 14:45:00,1.85,1.85,1.8499,1.8499,905
01/23/2015 15:00:00,1.8401,1.8401,1.84,1.84,112
01/23/2015 15:15:00,1.84,1.84,1.84,1.84,0
01/23/2015 15:30:00,1.85,1.85,1.845,1.85,1019
01/23/2015 15:45:00,1.84,1.84,1.84,1.84,117
01/23/2015 16:00:00,1.84,1.85,1.84,1.84,3749
01/26/2015 09:45:00,1.88,1.88,1.84,1.84,13415
01/26/2015 10:00:00,1.84,1.85,1.831,1.831,4500
01/26/2015 10:15:00,1.85,1.85,1.8452,1.8499,2900
01/26/2015 10:30:00,1.85,1.85,1.8499,1.85,1850
01/26/2015 10:45:00,1.85,1.85,1.8455,1.85,5481
01/26/2015 11:00:00,1.84,1.84,1.84,1.84,200
01/26/2015 11:15:00,1.85,1.85,1.84,1.84,5100
01/26/2015 11:30:00,1.84,1.84,1.83,1.83,700
01/26/2015 11:45:00,1.84,1.87,1.84,1.85,11087
01/26/2015 12:00:00,1.84,1.84,1.83,1.83,1990
01/26/2015 12:15:00,1.84,1.85,1.83,1.8399,13584
01/26/2015 12:30:00,1.83,1.837,1.82,1.82,5200
01/26/2015 12:45:00,1.82,1.83,1.82,1.83,1600
01/26/2015 13:00:00,1.84,1.84,1.84,1.84,1200
01/26/2015 13:15:00,1.85,1.85,1.84,1.8401,3424
01/26/2015 13:30:00,1.84,1.84,1.82,1.82,2900
01/26/2015 13:45:00,1.82,1.82,1.82,1.82,0
01/26/2015 14:00:00,1.83,1.83,1.83,1.83,100
01/26/2015 14:15:00,1.83,1.83,1.83,1.83,0
01/26/2015 14:30:00,1.85,1.85,1.83,1.83,2200
01/26/2015 14:45:00,1.85,1.85,1.85,1.85,300
01/26/2015 15:00:00,1.84,1.844,1.82,1.82,6500
01/26/2015 15:15:00,1.82,1.82,1.82,1.82,200
01/26/2015 15:30:00,1.83,1.84,1.83,1.83,720
01/26/2015 15:45:00,1.82,1.84,1.82,1.83,4145
01/26/2015 16:00:00,1.83,1.85,1.82,1.84,4470
01/27/2015 09:45:00,1.81,1.84,1.8,1.8296,867
01/27/2015 10:00:00,1.84,1.84,1.82,1.82,2213
01/27/2015 10:15:00,1.82,1.84,1.82,1.82,706
01/27/2015 10:30:00,1.8201,1.8201,1.82,1.82,900
01/27/2015 10:45:00,1.82,1.82,1.82,1.82,100
01/27/2015 11:00:00,1.82,1.82,1.8199,1.8199,251
01/27/2015 11:15:00,1.815,1.815,1.79,1.79,1262
01/27/2015 11:30:00,1.79,1.81,1.79,1.8,2000
01/27/2015 11:45:00,1.81,1.81,1.81,1.81,2
01/27/2015 12:00:00,1.82,1.84,1.8199,1.83,4234
01/27/2015 12:15:00,1.83,1.83,1.83,1.83,500
01/27/2015 12:30:00,1.84,1.84,1.83,1.83,500
01/27/2015 12:45:00,1.84,1.84,1.83,1.83,200
01/27/2015 13:00:00,1.83,1.83,1.83,1.83,100
01/27/2015 13:15:00,1.83,1.83,1.83,1.83,200
01/27/2015 13:30:00,1.83,1.83,1.83,1.83,0
01/27/2015 13:45:00,1.82,1.84,1.82,1.84,399
01/27/2015 14:00:00,1.84,1.84,1.83,1.83,200
01/27/2015 14:15:00,1.831,1.8354,1.81,1.82,7000
01/27/2015 14:30:00,1.82,1.82,1.81,1.8105,1802
01/27/2015 14:45:00,1.81,1.82,1.81,1.82,600
01/27/2015 15:00:00,1.81,1.81,1.81,1.81,100
01/27/2015 15:15:00,1.81,1.8105,1.81,1.81,2425
01/27/2015 15:30:00,1.81,1.81,1.8,1.8014,4493
01/27/2015 15:45:00,1.81,1.81,1.81,1.81,600
01/27/2015 16:00:00,1.81,1.82,1.81,1.81,1253
01/28/2015 09:45:00,1.78,1.84,1.76,1.78,15130
01/28/2015 10:00:00,1.7999,1.7999,1.76,1.78,2313
01/28/2015 10:15:00,1.77,1.7798,1.76,1.775,694
01/28/2015 10:30:00,1.77,1.7705,1.75,1.76,2308
01/28/2015 10:45:00,1.7599,1.7599,1.75,1.75,869
01/28/2015 11:00:00,1.755,1.76,1.731,1.75,6129
01/28/2015 11:15:00,1.75,1.7699,1.75,1.7699,606
01/28/2015 11:30:00,1.7699,1.7699,1.7699,1.7699,0
01/28/2015 11:45:00,1.765,1.765,1.74,1.74,2113
01/28/2015 12:00:00,1.74,1.74,1.74,1.74,600
01/28/2015 12:15:00,1.74,1.77,1.73,1.76,5013
01/28/2015 12:30:00,1.76,1.77,1.75,1.77,1850
01/28/2015 12:45:00,1.77,1.77,1.77,1.77,0
01/28/2015 13:00:00,1.7501,1.7501,1.7501,1.7501,90
01/28/2015 13:15:00,1.75,1.76,1.75,1.76,2500
01/28/2015 13:30:00,1.735,1.7399,1.73,1.7355,2200
01/28/2015 13:45:00,1.735,1.735,1.73,1.73,200
01/28/2015 14:00:00,1.73,1.74,1.73,1.7399,847
01/28/2015 14:15:00,1.735,1.735,1.73,1.73,3310
01/28/2015 14:30:00,1.735,1.74,1.73,1.74,700
01/28/2015 14:45:00,1.73,1.74,1.73,1.74,350
01/28/2015 15:00:00,1.74,1.74,1.72,1.72,11701
01/28/2015 15:15:00,1.715,1.715,1.71,1.71,2500
01/28/2015 15:30:00,1.7,1.71,1.69,1.69,4064
01/28/2015 15:45:00,1.69,1.7,1.69,1.69,6537
01/28/2015 16:00:00,1.69,1.69,1.68,1.68,8382
01/29/2015 09:45:00,1.67,1.75,1.66,1.6799,3520
01/29/2015 10:00:00,1.67,1.68,1.66,1.68,7886
01/29/2015 10:15:00,1.69,1.6999,1.69,1.6999,700
01/29/2015 10:30:00,1.68,1.69,1.68,1.69,1101
01/29/2015 10:45:00,1.69,1.6901,1.67,1.67,27598
01/29/2015 11:00:00,1.67,1.6712,1.67,1.67,3400
01/29/2015 11:15:00,1.675,1.68,1.675,1.675,3900
01/29/2015 11:30:00,1.675,1.675,1.67,1.67,871
01/29/2015 11:45:00,1.68,1.68,1.67,1.6775,2200
01/29/2015 12:00:00,1.68,1.68,1.67,1.68,3466
01/29/2015 12:15:00,1.68,1.68,1.67,1.67,2400
01/29/2015 12:30:00,1.675,1.675,1.67,1.67,303
01/29/2015 12:45:00,1.6739,1.68,1.67,1.67,3040
01/29/2015 13:00:00,1.68,1.68,1.67,1.6775,1500
01/29/2015 13:15:00,1.6716,1.6799,1.67,1.675,1800
01/29/2015 13:30:00,1.675,1.68,1.67,1.68,6000
01/29/2015 13:45:00,1.68,1.68,1.675,1.68,2344
01/29/2015 14:00:00,1.68,1.68,1.675,1.68,4400
01/29/2015 14:15:00,1.68,1.68,1.67,1.67,7400
01/29/2015 14:30:00,1.6716,1.68,1.67,1.67,1600
01/29/2015 14:45:00,1.67,1.67,1.67,1.67,200
01/29/2015 15:00:00,1.6716,1.68,1.67,1.67,1074
01/29/2015 15:15:00,1.673,1.68,1.67,1.67,1868
01/29/2015 15:30:00,1.6716,1.69,1.67,1.69,2315
01/29/2015 15:45:00,1.69,1.7,1.69,1.7,1700
01/29/2015 16:00:00,1.7,1.73,1.7,1.72,13073
01/30/2015 09:45:00,1.69,1.8,1.69,1.73,3827
01/30/2015 10:00:00,1.73,1.73,1.72,1.73,809
01/30/2015 10:15:00,1.73,1.73,1.7,1.71,2712
01/30/2015 10:30:00,1.7203,1.73,1.72,1.73,3023
01/30/2015 10:45:00,1.72,1.73,1.72,1.73,1906
01/30/2015 11:00:00,1.7299,1.73,1.7299,1.73,101
01/30/2015 11:15:00,1.73,1.73,1.73,1.73,100
01/30/2015 11:30:00,1.73,1.73,1.72,1.73,800
01/30/2015 11:45:00,1.73,1.73,1.73,1.73,708
01/30/2015 12:00:00,1.73,1.73,1.73,1.73,100
01/30/2015 12:15:00,1.73,1.73,1.73,1.73,100
01/30/2015 12:30:00,1.73,1.73,1.73,1.73,601
01/30/2015 12:45:00,1.73,1.7474,1.73,1.7474,1784
01/30/2015 13:00:00,1.7476,1.75,1.7476,1.75,388
01/30/2015 13:15:00,1.745,1.745,1.745,1.745,200
01/30/2015 13:30:00,1.74,1.745,1.73,1.73,1411
01/30/2015 13:45:00,1.736,1.7499,1.7315,1.7499,553
01/30/2015 14:00:00,1.75,1.75,1.7461,1.7461,2000
01/30/2015 14:15:00,1.75,1.75,1.75,1.75,300
01/30/2015 14:30:00,1.75,1.75,1.75,1.75,100
01/30/2015 14:45:00,1.75,1.75,1.7402,1.7402,6803
01/30/2015 15:00:00,1.75,1.75,1.74,1.75,800
01/30/2015 15:15:00,1.75,1.75,1.75,1.75,800
01/30/2015 15:30:00,1.74,1.75,1.74,1.75,1661
01/30/2015 15:45:00,1.75,1.75,1.74,1.7401,1870
01/30/2015 16:00:00,1.75,1.75,1.72,1.72,22979
02/02/2015 09:45:00,1.71,1.78,1.7086,1.78,8539
02/02/2015 10:00:00,1.7501,1.79,1.75,1.77,408
02/02/2015 10:15:00,1.78,1.78,1.75,1.7699,1361
02/02/2015 10:30:00,1.7699,1.77,1.75,1.77,3310
02/02/2015 10:45:00,1.77,1.775,1.74,1.7499,6233
02/02/2015 11:00:00,1.745,1.745,1.73,1.73,1600
02/02/2015 11:15:00,1.735,1.75,1.735,1.745,820
02/02/2015 11:30:00,1.745,1.75,1.745,1.75,6300
02/02/2015 11:45:00,1.75,1.79,1.75,1.76,15686
02/02/2015 12:00:00,1.7823,1.7899,1.77,1.775,3700
02/02/2015 12:15:00,1.77,1.78,1.77,1.77,2282
02/02/2015 12:30:00,1.775,1.79,1.775,1.79,800
02/02/2015 12:45:00,1.77,1.7925,1.77,1.7925,2501
02/02/2015 13:00:00,1.79,1.8,1.79,1.8,1400
02/02/2015 13:15:00,1.8,1.8,1.8,1.8,100
02/02/2015 13:30:00,1.795,1.795,1.78,1.79,1500
02/02/2015 13:45:00,1.779,1.779,1.76,1.76,1168
02/02/2015 14:00:00,1.76,1.7695,1.74,1.74,9407
02/02/2015 14:15:00,1.74,1.74,1.73,1.73,1730
02/02/2015 14:30:00,1.73,1.744,1.73,1.73,3207
02/02/2015 14:45:00,1.73,1.75,1.73,1.73,7850
02/02/2015 15:00:00,1.73,1.73,1.73,1.73,1900
02/02/2015 15:15:00,1.73,1.7325,1.71,1.72,3713
02/02/2015 15:30:00,1.74,1.74,1.74,1.74,140
02/02/2015 15:45:00,1.74,1.74,1.72,1.74,571
02/02/2015 16:00:00,1.72,1.75,1.72,1.75,533
02/03/2015 09:45:00,1.78,1.8,1.77,1.8,1909
02/03/2015 10:00:00,1.82,1.84,1.8,1.84,29516
02/03/2015 10:15:00,1.85,1.88,1.85,1.88,6839
02/03/2015 10:30:00,1.888,1.89,1.88,1.89,3997
02/03/2015 10:45:00,1.88,1.88,1.87,1.8701,9000
02/03/2015 11:00:00,1.87,1.8799,1.85,1.86,10241
02/03/2015 11:15:00,1.862,1.87,1.84,1.84,10206
02/03/2015 11:30:00,1.84,1.85,1.83,1.83,19334
02/03/2015 11:45:00,1.8599,1.8599,1.83,1.8599,5200
02/03/2015 12:00:00,1.8597,1.8597,1.83,1.83,7547
02/03/2015 12:15:00,1.8302,1.8302,1.8302,1.8302,500
02/03/2015 12:30:00,1.8567,1.86,1.83,1.86,3667
02/03/2015 12:45:00,1.83,1.8484,1.83,1.8484,3100
02/03/2015 13:00:00,1.8301,1.85,1.83,1.84,4892
02/03/2015 13:15:00,1.8584,1.8584,1.84,1.84,600
02/03/2015 13:30:00,1.879,1.879,1.878,1.879,500
02/03/2015 13:45:00,1.8772,1.88,1.8601,1.88,7587
02/03/2015 14:00:00,1.88,1.88,1.87,1.87,1800
02/03/2015 14:15:00,1.88,1.88,1.8665,1.8665,3133
02/03/2015 14:30:00,1.86,1.87,1.86,1.8691,1700
02/03/2015 14:45:00,1.868,1.88,1.868,1.88,16200
02/03/2015 15:00:00,1.87,1.874,1.86,1.87,10042
02/03/2015 15:15:00,1.87,1.88,1.86,1.87,3863
02/03/2015 15:30:00,1.87,1.88,1.87,1.88,597
02/03/2015 15:45:00,1.88,1.88,1.87,1.88,608
02/03/2015 16:00:00,1.87,1.88,1.87,1.88,8313
02/04/2015 09:45:00,1.9,1.9,1.84,1.8665,19611
02/04/2015 10:00:00,1.8699,1.87,1.8401,1.8401,7105
02/04/2015 10:15:00,1.87,1.89,1.86,1.881,6819
02/04/2015 10:30:00,1.8756,1.89,1.86,1.89,1200
02/04/2015 10:45:00,1.89,1.89,1.87,1.87,500
02/04/2015 11:00:00,1.89,1.89,1.89,1.89,400
02/04/2015 11:15:00,1.91,1.91,1.89,1.8978,2064
02/04/2015 11:30:00,1.892,1.9,1.892,1.892,264
02/04/2015 11:45:00,1.89,1.891,1.88,1.88,11846
02/04/2015 12:00:00,1.88,1.8899,1.88,1.8899,3300
02/04/2015 12:15:00,1.88,1.88,1.88,1.88,650
02/04/2015 12:30:00,1.885,1.895,1.88,1.89,5795
02/04/2015 12:45:00,1.88,1.88,1.88,1.88,200
02/04/2015 13:00:00,1.88,1.88,1.88,1.88,100
02/04/2015 13:15:00,1.88,1.89,1.88,1.89,600
02/04/2015 13:30:00,1.88,1.88,1.88,1.88,200
02/04/2015 13:45:00,1.88,1.88,1.87,1.87,3183
02/04/2015 14:00:00,1.87,1.87,1.86,1.86,421
02/04/2015 14:15:00,1.86,1.86,1.85,1.85,1144
02/04/2015 14:30:00,1.84,1.85,1.81,1.8262,3257
02/04/2015 14:45:00,1.8,1.82,1.8,1.82,7512
02/04/2015 15:00:00,1.82,1.83,1.82,1.83,820
02/04/2015 15:15:00,1.825,1.825,1.82,1.82,1600
02/04/2015 15:30:00,1.83,1.83,1.82,1.82,361
02/04/2015 15:45:00,1.8201,1.8299,1.82,1.825,3008
02/04/2015 16:00:00,1.82,1.84,1.82,1.84,8179
02/05/2015 09:45:00,1.83,1.8699,1.8201,1.8699,537
02/05/2015 10:00:00,1.8799,1.8799,1.8799,1.8799,200
02/05/2015 10:15:00,1.87,1.91,1.87,1.91,2200
02/05/2015 10:30:00,1.88,1.9001,1.88,1.9001,1582
02/05/2015 10:45:00,1.9,1.9,1.89,1.89,300
02/05/2015 11:00:00,1.89,1.89,1.86,1.88,12558
02/05/2015 11:15:00,1.88,1.88,1.88,1.88,0
02/05/2015 11:30:00,1.87,1.87,1.87,1.87,100
02/05/2015 11:45:00,1.86,1.87,1.86,1.86,600
02/05/2015 12:00:00,1.86,1.8799,1.86,1.8799,2125
02/05/2015 12:15:00,1.8799,1.8799,1.8799,1.8799,0
02/05/2015 12:30:00,1.875,1.875,1.87,1.87,400
02/05/2015 12:45:00,1.88,1.88,1.88,1.88,200
02/05/2015 13:00:00,1.87,1.87,1.87,1.87,200
02/05/2015 13:15:00,1.87,1.88,1.87,1.87,473
02/05/2015 13:30:00,1.89,1.9,1.89,1.893,8041
02/05/2015 13:45:00,1.893,1.893,1.893,1.893,0
02/05/2015 14:00:00,1.893,1.893,1.893,1.893,0
02/05/2015 14:15:00,1.89,1.895,1.8529,1.87,3900
02/05/2015 14:30:00,1.88,1.88,1.8601,1.88,450
02/05/2015 14:45:00,1.88,1.88,1.88,1.88,0
02/05/2015 15:00:00,1.875,1.875,1.87,1.874,650
02/05/2015 15:15:00,1.89,1.89,1.878,1.878,541
02/05/2015 15:30:00,1.88,1.88,1.88,1.88,100
02/05/2015 15:45:00,1.89,1.92,1.89,1.92,3087
02/05/2015 16:00:00,1.92,1.92,1.9,1.91,6614
02/06/2015 09:45:00,1.91,1.92,1.9,1.92,1852
02/06/2015 10:00:00,1.92,1.92,1.92,1.92,0
02/06/2015 10:15:00,1.92,1.96,1.92,1.94,7366
02/06/2015 10:30:00,1.92,1.94,1.91,1.926,11956
02/06/2015 10:45:00,1.91,1.93,1.91,1.91,2600
02/06/2015 11:00:00,1.91,1.93,1.91,1.91,5300
02/06/2015 11:15:00,1.9299,1.93,1.91,1.91,14476
02/06/2015 11:30:00,1.91,1.93,1.91,1.93,726
02/06/2015 11:45:00,1.91,1.92,1.91,1.92,2700
02/06/2015 12:00:00,1.915,1.93,1.91,1.93,5500
02/06/2015 12:15:00,1.9249,1.93,1.9,1.9,1648
02/06/2015 12:30:00,1.9175,1.93,1.8935,1.92,4500
02/06/2015 12:45:00,1.91,1.91,1.9,1.91,3300
02/06/2015 13:00:00,1.92,1.92,1.9,1.9,600
02/06/2015 13:15:00,1.9,1.9094,1.9,1.9,564
02/06/2015 13:30:00,1.9,1.92,1.9,1.92,695
02/06/2015 13:45:00,1.92,1.92,1.92,1.92,0
02/06/2015 14:00:00,1.9,1.92,1.89,1.91,12860
02/06/2015 14:15:00,1.9,1.9,1.88,1.9,924
02/06/2015 14:30:00,1.8885,1.9,1.88,1.9,4100
02/06/2015 14:45:00,1.9,1.91,1.89,1.91,3065
02/06/2015 15:00:00,1.89,1.9,1.89,1.9,400
02/06/2015 15:15:00,1.88,1.9,1.88,1.9,2300
02/06/2015 15:30:00,1.89,1.91,1.88,1.91,3976
02/06/2015 15:45:00,1.91,1.91,1.89,1.89,301
02/06/2015 16:00:00,1.9,1.91,1.89,1.91,2760
02/09/2015 09:45:00,1.86,1.86,1.81,1.82,7921
02/09/2015 10:00:00,1.83,1.835,1.81,1.82,2305
02/09/2015 10:15:00,1.82,1.84,1.82,1.84,2051
02/09/2015 10:30:00,1.84,1.845,1.84,1.84,1606
02/09/2015 10:45:00,1.84,1.86,1.82,1.82,7973
02/09/2015 11:00:00,1.8399,1.84,1.78,1.8,15310
02/09/2015 11:15:00,1.8099,1.81,1.8001,1.8001,1522
02/09/2015 11:30:00,1.81,1.81,1.79,1.792,3300
02/09/2015 11:45:00,1.79,1.795,1.78,1.7899,8800
02/09/2015 12:00:00,1.79,1.79,1.7801,1.7801,151
02/09/2015 12:15:00,1.78,1.78,1.78,1.78,100
02/09/2015 12:30:00,1.785,1.79,1.78,1.78,4405
02/09/2015 12:45:00,1.78,1.79,1.78,1.78,2900
02/09/2015 13:00:00,1.78,1.78,1.78,1.78,200
02/09/2015 13:15:00,1.79,1.79,1.78,1.78,6100
02/09/2015 13:30:00,1.78,1.785,1.78,1.78,1900
02/09/2015 13:45:00,1.78,1.785,1.78,1.78,1602
02/09/2015 14:00:00,1.78,1.78,1.78,1.78,2000
02/09/2015 14:15:00,1.78,1.79,1.78,1.789,13900
02/09/2015 14:30:00,1.78,1.78,1.78,1.78,1309
02/09/2015 14:45:00,1.78,1.79,1.78,1.78,4100
02/09/2015 15:00:00,1.7899,1.7899,1.78,1.7801,7350
02/09/2015 15:15:00,1.78,1.79,1.78,1.79,3336
02/09/2015 15:30:00,1.79,1.79,1.78,1.785,5394
02/09/2015 15:45:00,1.79,1.79,1.78,1.78,17767
02/09/2015 16:00:00,1.79,1.79,1.78,1.78,46778
02/10/2015 09:45:00,1.78,1.78,1.75,1.75,3960
02/10/2015 10:00:00,1.75,1.76,1.75,1.75,6500
02/10/2015 10:15:00,1.755,1.76,1.745,1.755,11285
02/10/2015 10:30:00,1.75,1.755,1.73,1.735,5851
02/10/2015 10:45:00,1.74,1.76,1.73,1.76,13815
02/10/2015 11:00:00,1.76,1.77,1.75,1.77,2601
02/10/2015 11:15:00,1.77,1.77,1.77,1.77,22
02/10/2015 11:30:00,1.76,1.77,1.76,1.77,10600
02/10/2015 11:45:00,1.76,1.779,1.75,1.77,14000
02/10/2015 12:00:00,1.75,1.78,1.75,1.75,300
02/10/2015 12:15:00,1.765,1.765,1.765,1.765,100
02/10/2015 12:30:00,1.78,1.78,1.78,1.78,6005
02/10/2015 12:45:00,1.78,1.8,1.78,1.78,5500
02/10/2015 13:00:00,1.775,1.78,1.77,1.77,2000
02/10/2015 13:15:00,1.77,1.78,1.75,1.75,16140
02/10/2015 13:30:00,1.75,1.75,1.74,1.74,200
02/10/2015 13:45:00,1.75,1.75,1.75,1.75,38
02/10/2015 14:00:00,1.73,1.7367,1.73,1.7301,1190
02/10/2015 14:15:00,1.74,1.74,1.73,1.73,2160
02/10/2015 14:30:00,1.75,1.75,1.75,1.75,100
02/10/2015 14:45:00,1.75,1.755,1.75,1.755,1300
02/10/2015 15:00:00,1.755,1.77,1.755,1.77,207
02/10/2015 15:15:00,1.7535,1.77,1.74,1.77,2600
02/10/2015 15:30:00,1.77,1.77,1.743,1.77,700
02/10/2015 15:45:00,1.77,1.77,1.74,1.77,2610
02/10/2015 16:00:00,1.77,1.8,1.77,1.79,13703
02/11/2015 09:45:00,1.76,1.85,1.72,1.8,2416
02/11/2015 10:00:00,1.81,1.82,1.79,1.81,629
02/11/2015 10:15:00,1.8,1.82,1.775,1.775,1260
02/11/2015 10:30:00,1.78,1.78,1.76,1.76,1300
02/11/2015 10:45:00,1.76,1.77,1.75,1.76,1745
02/11/2015 11:00:00,1.76,1.77,1.76,1.77,311
02/11/2015 11:15:00,1.75,1.77,1.75,1.77,202
02/11/2015 11:30:00,1.77,1.77,1.77,1.77,300
02/11/2015 11:45:00,1.77,1.77,1.77,1.77,300
02/11/2015 12:00:00,1.77,1.77,1.754,1.77,1317
02/11/2015 12:15:00,1.77,1.77,1.76,1.765,2000
02/11/2015 12:30:00,1.765,1.77,1.76,1.76,589
02/11/2015 12:45:00,1.77,1.77,1.76,1.76,643
02/11/2015 13:00:00,1.76,1.77,1.76,1.77,300
02/11/2015 13:15:00,1.77,1.77,1.76,1.76,950
02/11/2015 13:30:00,1.77,1.77,1.77,1.77,100
02/11/2015 13:45:00,1.7501,1.77,1.7501,1.77,700
02/11/2015 14:00:00,1.77,1.77,1.76,1.76,1318
02/11/2015 14:15:00,1.754,1.77,1.754,1.77,900
02/11/2015 14:30:00,1.77,1.77,1.76,1.76,1007
02/11/2015 14:45:00,1.76,1.76,1.755,1.76,900
02/11/2015 15:00:00,1.76,1.77,1.76,1.77,500
02/11/2015 15:15:00,1.7645,1.7645,1.76,1.76,1110
02/11/2015 15:30:00,1.76,1.76,1.76,1.76,100
02/11/2015 15:45:00,1.76,1.76,1.75,1.76,910
02/11/2015 16:00:00,1.76,1.76,1.74,1.75,14103
02/12/2015 09:45:00,1.76,1.76,1.7395,1.75,3830
02/12/2015 10:00:00,1.74,1.76,1.74,1.76,2315
02/12/2015 10:15:00,1.755,1.755,1.755,1.755,200
02/12/2015 10:30:00,1.76,1.76,1.76,1.76,700
02/12/2015 10:45:00,1.75,1.76,1.75,1.76,1292
02/12/2015 11:00:00,1.75,1.76,1.75,1.76,1200
02/12/2015 11:15:00,1.755,1.76,1.74,1.76,1819
02/12/2015 11:30:00,1.755,1.7599,1.75,1.755,4000
02/12/2015 11:45:00,1.7599,1.76,1.75,1.76,640
02/12/2015 12:00:00,1.755,1.76,1.74,1.75,5164
02/12/2015 12:15:00,1.7599,1.76,1.75,1.7599,585
02/12/2015 12:30:00,1.75,1.7599,1.74,1.7599,1989
02/12/2015 12:45:00,1.7599,1.76,1.75,1.76,298
02/12/2015 13:00:00,1.7599,1.7599,1.74,1.7599,1737
02/12/2015 13:15:00,1.75,1.76,1.74,1.74,410
02/12/2015 13:30:00,1.7599,1.76,1.75,1.7599,147
02/12/2015 13:45:00,1.7599,1.7599,1.74,1.7599,240
02/12/2015 14:00:00,1.7599,1.76,1.74,1.76,3780
02/12/2015 14:15:00,1.77,1.7869,1.755,1.7869,8340
02/12/2015 14:30:00,1.77,1.79,1.76,1.7899,6300
02/12/2015 14:45:00,1.78,1.79,1.78,1.7899,630
02/12/2015 15:00:00,1.78,1.79,1.78,1.785,878
02/12/2015 15:15:00,1.785,1.7899,1.78,1.7899,741
02/12/2015 15:30:00,1.79,1.7999,1.78,1.78,1750
02/12/2015 15:45:00,1.7999,1.8,1.78,1.79,2521
02/12/2015 16:00:00,1.79,1.81,1.79,1.81,16241
02/13/2015 09:45:00,1.8,2.4,1.8,2.24,354340
02/13/2015 10:00:00,2.24,2.24,2.13,2.15,110550
02/13/2015 10:15:00,2.14,2.16,2.0801,2.1,68345
02/13/2015 10:30:00,2.0901,2.1,2.05,2.0544,34570
02/13/2015 10:45:00,2.0613,2.07,2.0201,2.04,59807
02/13/2015 11:00:00,2.013,2.05,2.0101,2.0499,16792
02/13/2015 11:15:00,2.044,2.05,2.02,2.03,29100
02/13/2015 11:30:00,2.05,2.05,2.02,2.0499,6673
02/13/2015 11:45:00,2.045,2.07,2.02,2.04,27000
02/13/2015 12:00:00,2.05,2.0588,2.03,2.03,30060
02/13/2015 12:15:00,2.0301,2.04,2.03,2.04,6804
02/13/2015 12:30:00,2.0499,2.05,2.03,2.0499,4815
02/13/2015 12:45:00,2.03,2.07,2.03,2.065,23653
02/13/2015 13:00:00,2.07,2.07,2.05,2.05,7082
02/13/2015 13:15:00,2.06,2.07,2.05,2.06,16250
02/13/2015 13:30:00,2.06,2.07,2.05,2.06,9380
02/13/2015 13:45:00,2.06,2.06,2.05,2.06,2773
02/13/2015 14:00:00,2.0501,2.06,2.03,2.05,10459
02/13/2015 14:15:00,2.0567,2.0567,2.05,2.0567,1800
02/13/2015 14:30:00,2.053,2.1,2.05,2.08,23189
02/13/2015 14:45:00,2.08,2.12,2.04,2.0799,69890
02/13/2015 15:00:00,2.0799,2.0799,2.06,2.06,2200
02/13/2015 15:15:00,2.06,2.15,2.06,2.125,19050
02/13/2015 15:30:00,2.11,2.12,2.0556,2.0701,40158
02/13/2015 15:45:00,2.08,2.08,2.07,2.08,15594
02/13/2015 16:00:00,2.08,2.1,2.06,2.08,44025
02/17/2015 09:45:00,2.11,2.13,2.03,2.04,42439
02/17/2015 10:00:00,2.0201,2.0699,2.02,2.03,16753
02/17/2015 10:15:00,2.02,2.041,1.95,1.965,89962
02/17/2015 10:30:00,1.963,1.9762,1.95,1.96,14796
02/17/2015 10:45:00,1.9686,2.0,1.95,2.0,13302
02/17/2015 11:00:00,1.99,1.99,1.98,1.98,6954
02/17/2015 11:15:00,1.98,1.99,1.95,1.95,4919
02/17/2015 11:30:00,1.974,1.975,1.97,1.97,769
02/17/2015 11:45:00,1.9701,1.975,1.97,1.97,950
02/17/2015 12:00:00,1.97,1.98,1.97,1.97,10994
02/17/2015 12:15:00,1.97,1.9899,1.97,1.97,5932
02/17/2015 12:30:00,1.97,1.97,1.97,1.97,400
02/17/2015 12:45:00,1.97,1.99,1.97,1.99,6256
02/17/2015 13:00:00,1.98,1.9999,1.98,1.98,3905
02/17/2015 13:15:00,1.999,1.999,1.98,1.98,2100
02/17/2015 13:30:00,2.0,2.0,1.98,1.98,300
02/17/2015 13:45:00,1.9999,2.0,1.98,1.98,19000
02/17/2015 14:00:00,1.98,1.98,1.98,1.98,230
02/17/2015 14:15:00,1.98,1.98,1.98,1.98,500
02/17/2015 14:30:00,1.9801,1.9801,1.98,1.98,300
02/17/2015 14:45:00,1.98,1.99,1.98,1.98,4777
02/17/2015 15:00:00,1.98,1.985,1.98,1.9814,800
02/17/2015 15:15:00,1.98,1.99,1.98,1.98,700
02/17/2015 15:30:00,1.98,1.98,1.98,1.98,540
02/17/2015 15:45:00,1.98,1.99,1.97,1.97,7493
02/17/2015 16:00:00,1.97,1.98,1.96,1.96,14629
02/18/2015 09:45:00,1.96,1.96,1.95,1.96,1900
02/18/2015 10:00:00,1.9718,1.99,1.9718,1.9888,4019
02/18/2015 10:15:00,1.97,1.9899,1.9646,1.9649,7384
02/18/2015 10:30:00,1.96,1.96,1.93,1.9301,2109
02/18/2015 10:45:00,1.94,1.96,1.93,1.96,6399
02/18/2015 11:00:00,1.96,1.96,1.95,1.9512,10110
02/18/2015 11:15:00,1.97,1.97,1.92,1.92,1825
02/18/2015 11:30:00,1.93,1.94,1.92,1.93,3850
02/18/2015 11:45:00,1.93,1.93,1.93,1.93,300
02/18/2015 12:00:00,1.92,1.92,1.92,1.92,100
02/18/2015 12:15:00,1.92,1.925,1.92,1.925,2130
02/18/2015 12:30:00,1.92,1.93,1.92,1.9201,2035
02/18/2015 12:45:00,1.92,1.925,1.92,1.92,1414
02/18/2015 13:00:00,1.92,1.929,1.92,1.92,6321
02/18/2015 13:15:00,1.91,1.928,1.91,1.928,2100
02/18/2015 13:30:00,1.92,1.92,1.91,1.91,201
02/18/2015 13:45:00,1.92,1.92,1.91,1.91,2612
02/18/2015 14:00:00,1.92,1.92,1.9101,1.92,756
02/18/2015 14:15:00,1.92,1.95,1.92,1.95,7292
02/18/2015 14:30:00,1.94,1.9466,1.93,1.93,2344
02/18/2015 14:45:00,1.93,1.94,1.93,1.9378,3200
02/18/2015 15:00:00,1.93,1.94,1.93,1.93,1600
02/18/2015 15:15:00,1.948,1.948,1.931,1.931,770
02/18/2015 15:30:00,1.93,1.945,1.93,1.945,11620
02/18/2015 15:45:00,1.945,1.95,1.94,1.94,8753
02/18/2015 16:00:00,1.95,1.95,1.93,1.95,7500
02/19/2015 09:45:00,1.96,1.98,1.95,1.95,2595
02/19/2015 10:00:00,1.94,2.0,1.94,1.9899,9513
02/19/2015 10:15:00,1.99,2.03,1.988,2.027,2130
02/19/2015 10:30:00,2.012,2.02,2.01,2.02,3450
02/19/2015 10:45:00,2.02,2.03,2.01,2.01,1027
02/19/2015 11:00:00,2.01,2.03,2.0,2.01,8019
02/19/2015 11:15:00,2.01,2.03,2.01,2.01,6701
02/19/2015 11:30:00,2.0199,2.0199,2.0,2.0,300
02/19/2015 11:45:00,1.99,2.0,1.99,1.99,600
02/19/2015 12:00:00,1.99,1.99,1.99,1.99,0
02/19/2015 12:15:00,2.02,2.02,2.0099,2.0099,870
02/19/2015 12:30:00,2.0099,2.019,2.008,2.008,1515
02/19/2015 12:45:00,1.99,2.0,1.99,2.0,265
02/19/2015 13:00:00,1.99,1.9999,1.99,1.99,431
02/19/2015 13:15:00,1.99,2.01,1.99,2.01,34430
02/19/2015 13:30:00,2.009,2.01,2.008,2.008,675
02/19/2015 13:45:00,1.99,2.0295,1.99,2.0295,11564
02/19/2015 14:00:00,2.02,2.0299,2.01,2.01,4688
02/19/2015 14:15:00,2.01,2.01,2.0,2.0,800
02/19/2015 14:30:00,2.0,2.0,1.99,1.99,215
02/19/2015 14:45:00,1.99,1.99,1.9701,1.9701,4600
02/19/2015 15:00:00,1.97,1.98,1.97,1.97,878
02/19/2015 15:15:00,1.98,1.99,1.98,1.99,300
02/19/2015 15:30:00,1.99,1.99,1.99,1.99,188
02/19/2015 15:45:00,1.9907,2.0,1.98,1.9815,3939
02/19/2015 16:00:00,1.98,1.99,1.96,1.96,28128
02/20/2015 09:45:00,1.98,1.98,1.93,1.94,18601
02/20/2015 10:00:00,1.94,2.03,1.94,2.0,3150
02/20/2015 10:15:00,2.0199,2.0199,2.0,2.0,5200
02/20/2015 10:30:00,2.0299,2.04,2.02,2.03,12100
02/20/2015 10:45:00,2.02,2.02,1.9901,2.01,3120
02/20/2015 11:00:00,1.9801,2.0,1.96,1.96,1541
02/20/2015 11:15:00,1.96,1.9813,1.96,1.97,1990
02/20/2015 11:30:00,1.96,1.9758,1.96,1.9758,1525
02/20/2015 11:45:00,1.96,1.9799,1.96,1.9799,600
02/20/2015 12:00:00,1.97,1.97,1.97,1.97,48
02/20/2015 12:15:00,1.98,1.98,1.9601,1.9665,1295
02/20/2015 12:30:00,1.965,1.967,1.963,1.963,2770
02/20/2015 12:45:00,1.97,1.97,1.97,1.97,204
02/20/2015 13:00:00,1.9799,1.98,1.9799,1.98,200
02/20/2015 13:15:00,1.98,1.98,1.96,1.96,3600
02/20/2015 13:30:00,1.9656,1.9656,1.96,1.96,1200
02/20/2015 13:45:00,1.96,1.96,1.96,1.96,140
02/20/2015 14:00:00,1.9671,1.97,1.9655,1.97,1500
02/20/2015 14:15:00,1.9659,1.98,1.965,1.98,6400
02/20/2015 14:30:00,1.97,1.9733,1.97,1.97,3300
02/20/2015 14:45:00,1.97,1.97,1.97,1.97,1500
02/20/2015 15:00:00,1.98,2.01,1.98,2.01,17310
02/20/2015 15:15:00,2.02,2.02,2.0,2.0,23715
02/20/2015 15:30:00,2.0,2.01,2.0,2.0,1300
02/20/2015 15:45:00,2.0,2.0001,2.0,2.0,1304
02/20/2015 16:00:00,2.0,2.01,2.0,2.0,14900
02/23/2015 09:45:00,2.0,2.01,1.98,2.01,4263
02/23/2015 10:00:00,2.01,2.01,2.0,2.009,2584
02/23/2015 10:15:00,2.0099,2.0099,1.99,1.9999,1124
02/23/2015 10:30:00,1.98,2.0,1.97,1.98,15693
02/23/2015 10:45:00,1.97,1.99,1.97,1.97,1127
02/23/2015 11:00:00,1.9734,2.0,1.9734,2.0,13314
02/23/2015 11:15:00,2.0,2.05,1.99,2.03,8591
02/23/2015 11:30:00,2.05,2.05,2.03,2.05,2885
02/23/2015 11:45:00,2.03,2.04,2.03,2.04,800
02/23/2015 12:00:00,2.04,2.05,2.04,2.05,1601
02/23/2015 12:15:00,2.05,2.05,2.03,2.0499,14000
02/23/2015 12:30:00,2.05,2.05,2.03,2.05,16600
02/23/2015 12:45:00,2.0534,2.0534,2.04,2.05,1541
02/23/2015 13:00:00,2.045,2.045,2.035,2.035,5531
02/23/2015 13:15:00,2.03,2.03,2.03,2.03,300
02/23/2015 13:30:00,2.05,2.05,2.02,2.03,9537
02/23/2015 13:45:00,2.04,2.04,2.02,2.0277,7800
02/23/2015 14:00:00,2.04,2.04,2.03,2.04,9016
02/23/2015 14:15:00,2.03,2.07,2.03,2.07,8000
02/23/2015 14:30:00,2.09,2.09,2.06,2.07,15477
02/23/2015 14:45:00,2.07,2.07,2.0577,2.07,2174
02/23/2015 15:00:00,2.07,2.07,2.04,2.06,5600
02/23/2015 15:15:00,2.07,2.07,2.04,2.04,2787
02/23/2015 15:30:00,2.05,2.05,2.03,2.05,2700
02/23/2015 15:45:00,2.05,2.05,2.03,2.04,2405
02/23/2015 16:00:00,2.05,2.05,2.0,2.03,28192
02/24/2015 09:45:00,2.01,2.04,2.01,2.0199,968
02/24/2015 10:00:00,2.02,2.02,2.0,2.0,6501
02/24/2015 10:15:00,2.001,2.001,1.9601,1.9601,43328
02/24/2015 10:30:00,1.97,1.97,1.9681,1.9681,2370
02/24/2015 10:45:00,1.99,2.01,1.98,1.997,20408
02/24/2015 11:00:00,1.99,1.99,1.99,1.99,100
02/24/2015 11:15:00,1.99,1.99,1.98,1.9899,14650
02/24/2015 11:30:00,1.99,1.99,1.99,1.99,400
02/24/2015 11:45:00,1.99,1.99,1.97,1.9758,1840
02/24/2015 12:00:00,1.975,1.975,1.931,1.95,35446
02/24/2015 12:15:00,1.94,1.96,1.94,1.96,1090
02/24/2015 12:30:00,1.96,1.96,1.95,1.96,3800
02/24/2015 12:45:00,1.96,1.97,1.95,1.97,11096
02/24/2015 13:00:00,1.97,1.97,1.9695,1.97,800
02/24/2015 13:15:00,1.96,1.97,1.96,1.97,300
02/24/2015 13:30:00,1.97,1.98,1.97,1.97,1970
02/24/2015 13:45:00,1.97,1.98,1.97,1.98,400
02/24/2015 14:00:00,1.98,1.99,1.9799,1.98,2710
02/24/2015 14:15:00,2.0,2.0,1.9815,2.0,3545
02/24/2015 14:30:00,2.0,2.0,2.0,2.0,167
02/24/2015 14:45:00,2.0,2.0,1.98,2.0,4300
02/24/2015 15:00:00,1.9954,2.0,1.99,1.99,5198
02/24/2015 15:15:00,1.98,1.99,1.98,1.99,4100
02/24/2015 15:30:00,1.985,1.985,1.96,1.96,6804
02/24/2015 15:45:00,1.98,1.99,1.97,1.99,23134
02/24/2015 16:00:00,1.99,1.99,1.95,1.96,44687
02/25/2015 09:45:00,2.11,2.11,1.98,2.04,47522
02/25/2015 10:00:00,2.04,2.1,2.04,2.1,6476
02/25/2015 10:15:00,2.1,2.19,2.1,2.19,26288
02/25/2015 10:30:00,2.18,2.2,2.18,2.195,31353
02/25/2015 10:45:00,2.19,2.31,2.1601,2.28,57319
02/25/2015 11:00:00,2.275,2.45,2.27,2.418,41184
02/25/2015 11:15:00,2.4,2.46,2.33,2.35,34221
02/25/2015 11:30:00,2.3301,2.35,2.3,2.33,25819
02/25/2015 11:45:00,2.349,2.35,2.31,2.3101,17498
02/25/2015 12:00:00,2.3163,2.34,2.31,2.33,8272
02/25/2015 12:15:00,2.34,2.35,2.3101,2.33,5250
02/25/2015 12:30:00,2.32,2.33,2.32,2.32,5336
02/25/2015 12:45:00,2.33,2.33,2.27,2.29,13319
02/25/2015 13:00:00,2.28,2.3,2.2701,2.2901,6303
02/25/2015 13:15:00,2.2901,2.32,2.281,2.2998,7396
02/25/2015 13:30:00,2.3,2.32,2.3,2.32,7380
02/25/2015 13:45:00,2.32,2.32,2.3,2.31,3210
02/25/2015 14:00:00,2.32,2.38,2.29,2.37,22069
02/25/2015 14:15:00,2.36,2.4,2.35,2.395,28863
02/25/2015 14:30:00,2.4,2.46,2.4,2.4256,19675
02/25/2015 14:45:00,2.449,2.45,2.4299,2.442,10725
02/25/2015 15:00:00,2.45,2.46,2.42,2.42,39843
02/25/2015 15:15:00,2.42,2.44,2.35,2.35,35490
02/25/2015 15:30:00,2.35,2.4,2.34,2.4,43714
02/25/2015 15:45:00,2.42,2.44,2.39,2.44,23949
02/25/2015 16:00:00,2.44,2.44,2.4,2.415,49525
02/26/2015 09:45:00,2.59,2.6,2.46,2.5,91307
02/26/2015 10:00:00,2.4999,2.54,2.4599,2.5245,25795
02/26/2015 10:15:00,2.535,2.6,2.5101,2.6,30164
02/26/2015 10:30:00,2.6,2.8599,2.6,2.7499,84644
02/26/2015 10:45:00,2.7499,2.7499,2.7,2.7,35558
02/26/2015 11:00:00,2.7,2.7799,2.7,2.7708,37889
02/26/2015 11:15:00,2.77,2.7716,2.7301,2.7301,7479
02/26/2015 11:30:00,2.73,2.78,2.73,2.76,6241
02/26/2015 11:45:00,2.7699,2.83,2.76,2.83,45059
02/26/2015 12:00:00,2.83,2.87,2.8,2.83,49345
02/26/2015 12:15:00,2.8444,2.8498,2.74,2.74,31707
02/26/2015 12:30:00,2.721,2.73,2.68,2.7,29189
02/26/2015 12:45:00,2.7,2.73,2.69,2.73,6146
02/26/2015 13:00:00,2.73,2.7499,2.72,2.72,9072
02/26/2015 13:15:00,2.7272,2.75,2.72,2.7499,7388
02/26/2015 13:30:00,2.7499,2.76,2.69,2.75,12853
02/26/2015 13:45:00,2.76,2.78,2.75,2.78,5250
02/26/2015 14:00:00,2.78,2.78,2.7676,2.7676,900
02/26/2015 14:15:00,2.78,2.8099,2.77,2.78,12100
02/26/2015 14:30:00,2.78,2.81,2.78,2.8,11950
02/26/2015 14:45:00,2.78,2.82,2.78,2.8,9475
02/26/2015 15:00:00,2.81,2.8244,2.79,2.79,27646
02/26/2015 15:15:00,2.79,2.79,2.76,2.76,26552
02/26/2015 15:30:00,2.76,2.78,2.75,2.77,12730
02/26/2015 15:45:00,2.77,2.83,2.77,2.83,11875
02/26/2015 16:00:00,2.8334,2.86,2.82,2.86,54827
02/27/2015 09:45:00,2.9,3.04,2.9,3.03,100308
02/27/2015 10:00:00,3.03,3.05,3.0,3.0451,37133
02/27/2015 10:15:00,3.05,3.11,3.03,3.03,68046
02/27/2015 10:30:00,3.03,3.03,2.91,2.9101,78488
02/27/2015 10:45:00,2.9115,2.97,2.85,2.905,162168
02/27/2015 11:00:00,2.92,2.92,2.8,2.84,110874
02/27/2015 11:15:00,2.86,2.88,2.8301,2.87,19772
02/27/2015 11:30:00,2.86,2.86,2.81,2.83,6760
02/27/2015 11:45:00,2.8001,2.84,2.77,2.77,30315
02/27/2015 12:00:00,2.77,2.78,2.69,2.78,30468
02/27/2015 12:15:00,2.79,2.8,2.74,2.74,4213
02/27/2015 12:30:00,2.75,2.79,2.73,2.77,7290
02/27/2015 12:45:00,2.75,2.78,2.75,2.78,1343
02/27/2015 13:00:00,2.8,2.8,2.72,2.75,13727
02/27/2015 13:15:00,2.75,2.79,2.75,2.77,3100
02/27/2015 13:30:00,2.77,2.8,2.72,2.76,6850
02/27/2015 13:45:00,2.767,2.79,2.74,2.78,6515
02/27/2015 14:00:00,2.74,2.795,2.74,2.78,2590
02/27/2015 14:15:00,2.78,2.79,2.7702,2.79,2150
02/27/2015 14:30:00,2.79,2.8,2.76,2.76,12225
02/27/2015 14:45:00,2.79,2.8,2.78,2.78,1700
02/27/2015 15:00:00,2.79,2.79,2.76,2.77,3916
02/27/2015 15:15:00,2.76,2.78,2.76,2.78,3700
02/27/2015 15:30:00,2.78,2.78,2.74,2.74,6482
02/27/2015 15:45:00,2.75,2.75,2.719,2.74,4722
02/27/2015 16:00:00,2.739,2.74,2.7,2.7,24007
03/02/2015 09:45:00,2.72,2.72,2.63,2.65,10091
03/02/2015 10:00:00,2.63,2.635,2.55,2.58,19742
03/02/2015 10:15:00,2.57,2.57,2.55,2.5601,24947
03/02/2015 10:30:00,2.5601,2.5699,2.54,2.54,24733
03/02/2015 10:45:00,2.54,2.54,2.52,2.53,14897
03/02/2015 11:00:00,2.53,2.6,2.5201,2.5401,11925
03/02/2015 11:15:00,2.559,2.56,2.52,2.52,10150
03/02/2015 11:30:00,2.52,2.57,2.52,2.57,3880
03/02/2015 11:45:00,2.55,2.59,2.55,2.59,12447
03/02/2015 12:00:00,2.59,2.6,2.58,2.59,13972
03/02/2015 12:15:00,2.58,2.6,2.55,2.5545,8500
03/02/2015 12:30:00,2.55,2.56,2.55,2.55,1700
03/02/2015 12:45:00,2.55,2.59,2.55,2.58,5275
03/02/2015 13:00:00,2.58,2.59,2.58,2.58,600
03/02/2015 13:15:00,2.58,2.59,2.58,2.58,1000
03/02/2015 13:30:00,2.56,2.56,2.55,2.55,1200
03/02/2015 13:45:00,2.55,2.5699,2.55,2.56,3975
03/02/2015 14:00:00,2.57,2.57,2.55,2.55,2702
03/02/2015 14:15:00,2.55,2.56,2.52,2.52,3931
03/02/2015 14:30:00,2.52,2.53,2.5,2.51,6250
03/02/2015 14:45:00,2.51,2.52,2.5,2.5,8783
03/02/2015 15:00:00,2.5,2.5,2.5,2.5,3662
03/02/2015 15:15:00,2.5,2.51,2.49,2.51,9129
03/02/2015 15:30:00,2.515,2.515,2.5,2.5,8530
03/02/2015 15:45:00,2.5016,2.52,2.5,2.51,19791
03/02/2015 16:00:00,2.51,2.54,2.5,2.53,14879
03/03/2015 09:45:00,2.48,2.55,2.48,2.48,15511
03/03/2015 10:00:00,2.49,2.51,2.46,2.47,37000
03/03/2015 10:15:00,2.46,2.47,2.45,2.45,20600
03/03/2015 10:30:00,2.45,2.48,2.45,2.46,19618
03/03/2015 10:45:00,2.46,2.46,2.45,2.45,4925
03/03/2015 11:00:00,2.45,2.47,2.45,2.45,5285
03/03/2015 11:15:00,2.46,2.46,2.43,2.43,23815
03/03/2015 11:30:00,2.431,2.44,2.43,2.4301,12385
03/03/2015 11:45:00,2.4301,2.44,2.43,2.43,1390
03/03/2015 12:00:00,2.44,2.446,2.44,2.446,1500
03/03/2015 12:15:00,2.44,2.46,2.44,2.44,400
03/03/2015 12:30:00,2.4544,2.49,2.44,2.49,2619
03/03/2015 12:45:00,2.49,2.491,2.48,2.48,2340
03/03/2015 13:00:00,2.48,2.48,2.45,2.45,5800
03/03/2015 13:15:00,2.46,2.52,2.45,2.51,35733
03/03/2015 13:30:00,2.51,2.51,2.5,2.51,1133
03/03/2015 13:45:00,2.5,2.5,2.5,2.5,16
03/03/2015 14:00:00,2.5,2.5,2.5,2.5,0
03/03/2015 14:15:00,2.5,2.51,2.49,2.49,2266
03/03/2015 14:30:00,2.51,2.52,2.5,2.52,7913
03/03/2015 14:45:00,2.5176,2.53,2.51,2.5199,7061
03/03/2015 15:00:00,2.5199,2.5199,2.5199,2.5199,0
03/03/2015 15:15:00,2.52,2.52,2.5,2.51,1900
03/03/2015 15:30:00,2.51,2.51,2.5,2.5016,4428
03/03/2015 15:45:00,2.51,2.53,2.505,2.52,7176
03/03/2015 16:00:00,2.5199,2.5199,2.45,2.45,16179
03/04/2015 09:45:00,2.41,2.5,2.4,2.4,13886
03/04/2015 10:00:00,2.4001,2.42,2.4,2.41,8627
03/04/2015 10:15:00,2.41,2.41,2.37,2.37,19715
03/04/2015 10:30:00,2.37,2.4,2.37,2.4,3120
03/04/2015 10:45:00,2.4,2.4,2.37,2.4,1785
03/04/2015 11:00:00,2.39,2.4,2.39,2.39,6247
03/04/2015 11:15:00,2.4,2.4,2.36,2.37,10013
03/04/2015 11:30:00,2.38,2.38,2.365,2.37,5265
03/04/2015 11:45:00,2.37,2.4,2.37,2.37,8515
03/04/2015 12:00:00,2.37,2.3899,2.36,2.375,8810
03/04/2015 12:15:00,2.36,2.38,2.36,2.38,600
03/04/2015 12:30:00,2.3701,2.38,2.3701,2.38,500
03/04/2015 12:45:00,2.38,2.39,2.38,2.39,4521
03/04/2015 13:00:00,2.39,2.39,2.39,2.39,300
03/04/2015 13:15:00,2.38,2.4,2.38,2.39,2000
03/04/2015 13:30:00,2.382,2.3839,2.38,2.38,2400
03/04/2015 13:45:00,2.4,2.4,2.38,2.39,2763
03/04/2015 14:00:00,2.4,2.4,2.38,2.3952,2200
03/04/2015 14:15:00,2.4,2.4,2.38,2.38,11477
03/04/2015 14:30:00,2.39,2.4,2.37,2.38,13353
03/04/2015 14:45:00,2.38,2.39,2.37,2.3875,8202
03/04/2015 15:00:00,2.4,2.4,2.3986,2.4,7767
03/04/2015 15:15:00,2.4,2.4,2.395,2.4,1500
03/04/2015 15:30:00,2.395,2.4,2.39,2.3916,35525
03/04/2015 15:45:00,2.4,2.4,2.39,2.4,2402
03/04/2015 16:00:00,2.39,2.4,2.36,2.39,42004
03/05/2015 09:45:00,2.35,2.4,2.35,2.4,24955
03/05/2015 10:00:00,2.4,2.45,2.39,2.45,7950
03/05/2015 10:15:00,2.45,2.45,2.44,2.45,5999
03/05/2015 10:30:00,2.45,2.45,2.38,2.405,9170
03/05/2015 10:45:00,2.4101,2.42,2.3801,2.39,4865
03/05/2015 11:00:00,2.4,2.42,2.3801,2.39,5183
03/05/2015 11:15:00,2.41,2.42,2.41,2.41,1002
03/05/2015 11:30:00,2.41,2.41,2.41,2.41,1100
03/05/2015 11:45:00,2.41,2.417,2.39,2.4164,5600
03/05/2015 12:00:00,2.4,2.4162,2.39,2.41,4830
03/05/2015 12:15:00,2.39,2.42,2.39,2.41,2950
03/05/2015 12:30:00,2.41,2.41,2.39,2.41,5290
03/05/2015 12:45:00,2.42,2.42,2.41,2.41,4200
03/05/2015 13:00:00,2.4,2.41,2.39,2.41,5190
03/05/2015 13:15:00,2.4,2.41,2.4,2.41,2400
03/05/2015 13:30:00,2.4,2.41,2.4,2.41,3000
03/05/2015 13:45:00,2.4,2.42,2.4,2.41,6090
03/05/2015 14:00:00,2.41,2.42,2.4,2.42,1800
03/05/2015 14:15:00,2.42,2.42,2.4,2.4,23790
03/05/2015 14:30:00,2.4,2.41,2.4,2.41,1712
03/05/2015 14:45:00,2.41,2.41,2.39,2.41,6190
03/05/2015 15:00:00,2.4,2.41,2.38,2.4,4590
03/05/2015 15:15:00,2.38,2.42,2.38,2.4,9676
03/05/2015 15:30:00,2.42,2.42,2.4,2.4,6808
03/05/2015 15:45:00,2.41,2.45,2.41,2.43,11396
03/05/2015 16:00:00,2.4101,2.47,2.4101,2.45,25170
03/06/2015 09:45:00,2.41,2.706,2.41,2.5399,7150
03/06/2015 10:00:00,2.5399,2.57,2.51,2.5401,11416
03/06/2015 10:15:00,2.56,2.59,2.53,2.57,10872
03/06/2015 10:30:00,2.57,2.59,2.561,2.59,5800
03/06/2015 10:45:00,2.57,2.6,2.57,2.58,12376
03/06/2015 11:00:00,2.59,2.59,2.57,2.57,2691
03/06/2015 11:15:00,2.59,2.59,2.58,2.59,800
03/06/2015 11:30:00,2.6,2.6,2.58,2.6,307
03/06/2015 11:45:00,2.599,2.6,2.55,2.58,10451
03/06/2015 12:00:00,2.58,2.58,2.56,2.57,3920
03/06/2015 12:15:00,2.57,2.58,2.57,2.58,2100
03/06/2015 12:30:00,2.56,2.57,2.56,2.57,1800
03/06/2015 12:45:00,2.57,2.57,2.57,2.57,1000
03/06/2015 13:00:00,2.56,2.58,2.56,2.5696,4381
03/06/2015 13:15:00,2.57,2.57,2.56,2.57,5500
03/06/2015 13:30:00,2.56,2.57,2.53,2.53,3900
03/06/2015 13:45:00,2.53,2.5699,2.53,2.5699,3932
03/06/2015 14:00:00,2.55,2.56,2.53,2.54,1446
03/06/2015 14:15:00,2.54,2.54,2.54,2.54,0
03/06/2015 14:30:00,2.55,2.55,2.54,2.55,1000
03/06/2015 14:45:00,2.55,2.55,2.54,2.54,1100
03/06/2015 15:00:00,2.5424,2.55,2.5298,2.54,3000
03/06/2015 15:15:00,2.53,2.53,2.5,2.5168,13086
03/06/2015 15:30:00,2.52,2.53,2.51,2.53,9500
03/06/2015 15:45:00,2.52,2.53,2.5,2.5,3100
03/06/2015 16:00:00,2.52,2.52,2.46,2.5,32917
03/09/2015 09:45:00,2.51,2.51,2.49,2.4908,12013
03/09/2015 10:00:00,2.505,2.53,2.5,2.53,1105
03/09/2015 10:15:00,2.5,2.55,2.5,2.54,8600
03/09/2015 10:30:00,2.545,2.545,2.49,2.4901,5823
03/09/2015 10:45:00,2.49,2.505,2.49,2.49,2390
03/09/2015 11:00:00,2.5,2.5,2.4901,2.4901,300
03/09/2015 11:15:00,2.49,2.4916,2.49,2.4901,1233
03/09/2015 11:30:00,2.49,2.495,2.49,2.49,2600
03/09/2015 11:45:00,2.5,2.5,2.4932,2.5,5700
03/09/2015 12:00:00,2.5,2.51,2.49,2.49,8790
03/09/2015 12:15:00,2.49,2.5,2.49,2.5,4953
03/09/2015 12:30:00,2.49,2.5,2.49,2.5,1600
03/09/2015 12:45:00,2.4906,2.5,2.49,2.5,1400
03/09/2015 13:00:00,2.5,2.5099,2.4912,2.4912,4540
03/09/2015 13:15:00,2.5,2.51,2.5,2.51,912
03/09/2015 13:30:00,2.49,2.49,2.49,2.49,1200
03/09/2015 13:45:00,2.49,2.49,2.49,2.49,1303
03/09/2015 14:00:00,2.5,2.51,2.49,2.49,1100
03/09/2015 14:15:00,2.49,2.5,2.49,2.5,800
03/09/2015 14:30:00,2.49,2.5,2.49,2.49,2197
03/09/2015 14:45:00,2.49,2.49,2.49,2.49,1600
03/09/2015 15:00:00,2.5,2.51,2.49,2.49,900
03/09/2015 15:15:00,2.49,2.56,2.49,2.538,44017
03/09/2015 15:30:00,2.52,2.54,2.51,2.51,1100
03/09/2015 15:45:00,2.53,2.54,2.53,2.53,2610
03/09/2015 16:00:00,2.53,2.54,2.5,2.51,12284
03/10/2015 09:45:00,2.48,2.51,2.4326,2.5,10683
03/10/2015 10:00:00,2.5,2.5,2.49,2.5,17981
03/10/2015 10:15:00,2.5,2.51,2.48,2.51,1319
03/10/2015 10:30:00,2.5,2.51,2.49,2.5,3080
03/10/2015 10:45:00,2.5,2.5,2.5,2.5,1200
03/10/2015 11:00:00,2.5,2.51,2.5,2.51,249
03/10/2015 11:15:00,2.51,2.51,2.51,2.51,36
03/10/2015 11:30:00,2.51,2.52,2.51,2.51,2856
03/10/2015 11:45:00,2.525,2.53,2.52,2.5299,10842
03/10/2015 12:00:00,2.52,2.5299,2.5199,2.52,11500
03/10/2015 12:15:00,2.51,2.5101,2.51,2.5101,600
03/10/2015 12:30:00,2.51,2.51,2.48,2.5,4827
03/10/2015 12:45:00,2.48,2.48,2.48,2.48,100
03/10/2015 13:00:00,2.49,2.49,2.48,2.49,1301
03/10/2015 13:15:00,2.49,2.4999,2.485,2.485,1800
03/10/2015 13:30:00,2.49,2.49,2.47,2.47,1300
03/10/2015 13:45:00,2.4655,2.4655,2.45,2.46,1621
03/10/2015 14:00:00,2.46,2.47,2.46,2.46,700
03/10/2015 14:15:00,2.46,2.47,2.45,2.47,1154
03/10/2015 14:30:00,2.47,2.47,2.46,2.46,1801
03/10/2015 14:45:00,2.46,2.47,2.46,2.47,600
03/10/2015 15:00:00,2.47,2.47,2.45,2.45,1872
03/10/2015 15:15:00,2.44,2.44,2.43,2.43,355
03/10/2015 15:30:00,2.43,2.52,2.43,2.505,15081
03/10/2015 15:45:00,2.5,2.51,2.5,2.51,7082
03/10/2015 16:00:00,2.5,2.5,2.44,2.44,9247
03/11/2015 09:45:00,2.5,2.5,2.4599,2.46,14000
03/11/2015 10:00:00,2.4601,2.4601,2.42,2.42,3250
03/11/2015 10:15:00,2.44,2.47,2.44,2.47,8055
03/11/2015 10:30:00,2.48,2.5,2.47,2.49,1495
03/11/2015 10:45:00,2.47,2.48,2.47,2.48,500
03/11/2015 11:00:00,2.46,2.5,2.46,2.5,9785
03/11/2015 11:15:00,2.5,2.57,2.5,2.5699,5350
03/11/2015 11:30:00,2.5516,2.58,2.55,2.57,1560
03/11/2015 11:45:00,2.57,2.57,2.5601,2.57,10300
03/11/2015 12:00:00,2.57,2.57,2.55,2.55,2800
03/11/2015 12:15:00,2.5574,2.56,2.5574,2.56,600
03/11/2015 12:30:00,2.5401,2.5599,2.5401,2.5599,2900
03/11/2015 12:45:00,2.55,2.55,2.52,2.54,1420
03/11/2015 13:00:00,2.54,2.54,2.5357,2.5357,205
03/11/2015 13:15:00,2.53,2.54,2.53,2.54,400
03/11/2015 13:30:00,2.54,2.54,2.54,2.54,400
03/11/2015 13:45:00,2.539,2.55,2.539,2.55,1300
03/11/2015 14:00:00,2.5303,2.55,2.5303,2.55,400
03/11/2015 14:15:00,2.55,2.55,2.55,2.55,400
03/11/2015 14:30:00,2.55,2.56,2.55,2.56,1315
03/11/2015 14:45:00,2.56,2.56,2.56,2.56,600
03/11/2015 15:00:00,2.5584,2.57,2.55,2.57,1926
03/11/2015 15:15:00,2.57,2.57,2.55,2.56,8057
03/11/2015 15:30:00,2.56,2.59,2.56,2.59,9758
03/11/2015 15:45:00,2.59,2.59,2.58,2.58,5158
03/11/2015 16:00:00,2.58,2.61,2.57,2.6,12449
03/12/2015 09:45:00,2.63,2.6752,2.63,2.6568,6964
03/12/2015 10:00:00,2.6595,2.67,2.64,2.65,2937
03/12/2015 10:15:00,2.66,2.68,2.65,2.65,616
03/12/2015 10:30:00,2.67,2.67,2.66,2.66,309
03/12/2015 10:45:00,2.669,2.67,2.65,2.6501,4714
03/12/2015 11:00:00,2.65,2.67,2.65,2.66,2076
03/12/2015 11:15:00,2.66,2.6699,2.6582,2.66,2750
03/12/2015 11:30:00,2.66,2.6688,2.65,2.655,5984
03/12/2015 11:45:00,2.65,2.655,2.65,2.65,5189
03/12/2015 12:00:00,2.65,2.6599,2.65,2.65,2000
03/12/2015 12:15:00,2.66,2.7,2.66,2.68,7894
03/12/2015 12:30:00,2.68,2.69,2.68,2.69,1500
03/12/2015 12:45:00,2.67,2.69,2.67,2.69,2219
03/12/2015 13:00:00,2.69,2.7,2.68,2.69,3795
03/12/2015 13:15:00,2.69,2.69,2.69,2.69,0
03/12/2015 13:30:00,2.67,2.67,2.67,2.67,100
03/12/2015 13:45:00,2.684,2.684,2.67,2.68,1650
03/12/2015 14:00:00,2.69,2.69,2.69,2.69,101
03/12/2015 14:15:00,2.68,2.6828,2.68,2.6828,470
03/12/2015 14:30:00,2.68,2.69,2.59,2.63,53151
03/12/2015 14:45:00,2.63,2.64,2.61,2.62,5495
03/12/2015 15:00:00,2.61,2.615,2.61,2.615,500
03/12/2015 15:15:00,2.6,2.62,2.6,2.605,900
03/12/2015 15:30:00,2.605,2.61,2.58,2.59,2330
03/12/2015 15:45:00,2.6,2.62,2.6,2.61,3295
03/12/2015 16:00:00,2.6,2.67,2.58,2.65,25652
03/13/2015 09:45:00,2.63,2.66,2.57,2.6,6466
03/13/2015 10:00:00,2.59,2.59,2.56,2.57,2147
03/13/2015 10:15:00,2.57,2.59,2.57,2.59,702
03/13/2015 10:30:00,2.59,2.59,2.53,2.53,1627
03/13/2015 10:45:00,2.56,2.56,2.56,2.56,1012
03/13/2015 11:00:00,2.58,2.58,2.55,2.58,4971
03/13/2015 11:15:00,2.58,2.58,2.58,2.58,500
03/13/2015 11:30:00,2.58,2.58,2.55,2.56,2271
03/13/2015 11:45:00,2.57,2.57,2.556,2.57,1700
03/13/2015 12:00:00,2.57,2.57,2.55,2.57,2100
03/13/2015 12:15:00,2.57,2.57,2.56,2.57,800
03/13/2015 12:30:00,2.57,2.57,2.56,2.56,1827
03/13/2015 12:45:00,2.57,2.57,2.57,2.57,201
03/13/2015 13:00:00,2.57,2.57,2.55,2.56,759
03/13/2015 13:15:00,2.57,2.57,2.57,2.57,200
03/13/2015 13:30:00,2.57,2.57,2.55,2.56,7436
03/13/2015 13:45:00,2.54,2.56,2.53,2.54,4065
03/13/2015 14:00:00,2.54,2.54,2.52,2.54,5040
03/13/2015 14:15:00,2.54,2.54,2.52,2.54,402
03/13/2015 14:30:00,2.54,2.56,2.54,2.56,1800
03/13/2015 14:45:00,2.56,2.57,2.56,2.57,929
03/13/2015 15:00:00,2.57,2.57,2.5456,2.55,1181
03/13/2015 15:15:00,2.56,2.56,2.53,2.53,500
03/13/2015 15:30:00,2.55,2.55,2.53,2.54,2092
03/13/2015 15:45:00,2.54,2.57,2.54,2.57,2342
03/13/2015 16:00:00,2.57,2.57,2.53,2.56,8759
03/16/2015 09:45:00,2.57,2.68,2.5,2.55,11715
03/16/2015 10:00:00,2.56,2.57,2.52,2.53,13868
03/16/2015 10:15:00,2.56,2.57,2.54,2.57,11100
03/16/2015 10:30:00,2.565,2.57,2.53,2.57,10787
03/16/2015 10:45:00,2.57,2.57,2.56,2.56,13895
03/16/2015 11:00:00,2.57,2.57,2.56,2.56,5150
03/16/2015 11:15:00,2.57,2.57,2.54,2.56,6139
03/16/2015 11:30:00,2.56,2.56,2.53,2.55,26976
03/16/2015 11:45:00,2.56,2.57,2.56,2.57,2100
03/16/2015 12:00:00,2.57,2.57,2.55,2.55,3033
03/16/2015 12:15:00,2.56,2.57,2.55,2.57,3285
03/16/2015 12:30:00,2.57,2.57,2.55,2.55,8320
03/16/2015 12:45:00,2.5599,2.57,2.55,2.56,7336
03/16/2015 13:00:00,2.56,2.56,2.55,2.55,233
03/16/2015 13:15:00,2.56,2.56,2.55,2.55,3510
03/16/2015 13:30:00,2.55,2.56,2.54,2.56,13883
03/16/2015 13:45:00,2.555,2.555,2.555,2.555,100
03/16/2015 14:00:00,2.56,2.56,2.5,2.5,4952
03/16/2015 14:15:00,2.51,2.5158,2.51,2.51,3300
03/16/2015 14:30:00,2.52,2.52,2.51,2.51,1700
03/16/2015 14:45:00,2.52,2.52,2.52,2.52,200
03/16/2015 15:00:00,2.5151,2.52,2.51,2.51,3017
03/16/2015 15:15:00,2.5199,2.52,2.51,2.51,700
03/16/2015 15:30:00,2.51,2.52,2.51,2.52,3200
03/16/2015 15:45:00,2.52,2.53,2.51,2.53,1622
03/16/2015 16:00:00,2.52,2.53,2.51,2.52,18301
03/17/2015 09:45:00,2.51,2.53,2.49,2.5,19824
03/17/2015 10:00:00,2.5,2.51,2.48,2.5,4863
03/17/2015 10:15:00,2.5,2.5,2.49,2.49,2900
03/17/2015 10:30:00,2.49,2.5,2.49,2.49,368
03/17/2015 10:45:00,2.51,2.51,2.4935,2.4935,5650
03/17/2015 11:00:00,2.49,2.5,2.46,2.46,4053
03/17/2015 11:15:00,2.45,2.46,2.43,2.44,15083
03/17/2015 11:30:00,2.43,2.44,2.42,2.4301,2004
03/17/2015 11:45:00,2.44,2.44,2.41,2.43,1625
03/17/2015 12:00:00,2.41,2.4268,2.41,2.4268,2188
03/17/2015 12:15:00,2.41,2.42,2.41,2.41,3107
03/17/2015 12:30:00,2.4101,2.4268,2.41,2.42,2734
03/17/2015 12:45:00,2.41,2.41,2.4,2.4,1533
03/17/2015 13:00:00,2.4136,2.42,2.4,2.41,490
03/17/2015 13:15:00,2.42,2.42,2.4,2.4,2700
03/17/2015 13:30:00,2.4001,2.41,2.38,2.4,11273
03/17/2015 13:45:00,2.39,2.42,2.39,2.41,14820
03/17/2015 14:00:00,2.42,2.42,2.41,2.41,6406
03/17/2015 14:15:00,2.42,2.45,2.42,2.45,4725
03/17/2015 14:30:00,2.44,2.46,2.42,2.425,4500
03/17/2015 14:45:00,2.43,2.47,2.43,2.4599,2536
03/17/2015 15:00:00,2.46,2.46,2.45,2.46,1000
03/17/2015 15:15:00,2.46,2.46,2.45,2.46,2026
03/17/2015 15:30:00,2.46,2.46,2.45,2.46,1700
03/17/2015 15:45:00,2.46,2.46,2.45,2.45,8100
03/17/2015 16:00:00,2.46,2.46,2.43,2.44,14617
03/18/2015 09:45:00,2.44,2.44,2.3801,2.385,7650
03/18/2015 10:00:00,2.41,2.41,2.4001,2.4001,3700
03/18/2015 10:15:00,2.43,2.465,2.42,2.45,2104
03/18/2015 10:30:00,2.455,2.455,2.4101,2.4101,2769
03/18/2015 10:45:00,2.44,2.45,2.44,2.4497,376
03/18/2015 11:00:00,2.45,2.45,2.45,2.45,600
03/18/2015 11:15:00,2.4525,2.455,2.414,2.449,4202
03/18/2015 11:30:00,2.455,2.455,2.45,2.455,600
03/18/2015 11:45:00,2.455,2.48,2.45,2.45,2200
03/18/2015 12:00:00,2.49,2.5,2.45,2.4925,3750
03/18/2015 12:15:00,2.5,2.5,2.48,2.48,1275
03/18/2015 12:30:00,2.48,2.5,2.4799,2.5,3698
03/18/2015 12:45:00,2.5,2.5,2.4852,2.5,1200
03/18/2015 13:00:00,2.5,2.52,2.48,2.4801,11530
03/18/2015 13:15:00,2.48,2.4899,2.47,2.4899,13003
03/18/2015 13:30:00,2.48,2.5,2.48,2.49,500
03/18/2015 13:45:00,2.5,2.5,2.4801,2.495,2900
03/18/2015 14:00:00,2.49,2.53,2.49,2.53,1850
03/18/2015 14:15:00,2.529,2.55,2.49,2.51,3873
03/18/2015 14:30:00,2.52,2.53,2.5,2.53,5632
03/18/2015 14:45:00,2.54,2.54,2.53,2.53,400
03/18/2015 15:00:00,2.53,2.54,2.53,2.54,300
03/18/2015 15:15:00,2.54,2.54,2.51,2.54,1685
03/18/2015 15:30:00,2.51,2.54,2.51,2.51,5986
03/18/2015 15:45:00,2.51,2.52,2.51,2.52,1600
03/18/2015 16:00:00,2.52,2.53,2.51,2.51,16771
03/19/2015 09:45:00,2.49,2.532,2.49,2.5,2852
03/19/2015 10:00:00,2.4896,2.5235,2.4896,2.51,5635
03/19/2015 10:15:00,2.5,2.521,2.46,2.49,4709
03/19/2015 10:30:00,2.51,2.51,2.51,2.51,400
03/19/2015 10:45:00,2.51,2.51,2.51,2.51,0
03/19/2015 11:00:00,2.5001,2.5001,2.5001,2.5001,2250
03/19/2015 11:15:00,2.5,2.5,2.5,2.5,200
03/19/2015 11:30:00,2.5,2.5,2.5,2.5,200
03/19/2015 11:45:00,2.49,2.49,2.45,2.48,11600
03/19/2015 12:00:00,2.46,2.48,2.43,2.43,26592
03/19/2015 12:15:00,2.4301,2.47,2.4301,2.456,4347
03/19/2015 12:30:00,2.45,2.46,2.43,2.46,4400
03/19/2015 12:45:00,2.46,2.48,2.45,2.48,1300
03/19/2015 13:00:00,2.48,2.49,2.48,2.49,400
03/19/2015 13:15:00,2.49,2.49,2.49,2.49,400
03/19/2015 13:30:00,2.5,2.55,2.5,2.51,12900
03/19/2015 13:45:00,2.51,2.51,2.5,2.5,1100
03/19/2015 14:00:00,2.5,2.51,2.5,2.5,900
03/19/2015 14:15:00,2.5,2.5,2.5,2.5,1000
03/19/2015 14:30:00,2.505,2.52,2.5,2.505,700
03/19/2015 14:45:00,2.5,2.5,2.5,2.5,600
03/19/2015 15:00:00,2.5,2.5,2.49,2.5,2000
03/19/2015 15:15:00,2.5,2.5,2.5,2.5,600
03/19/2015 15:30:00,2.5,2.5,2.49,2.49,1804
03/19/2015 15:45:00,2.5,2.5,2.46,2.4801,9318
03/19/2015 16:00:00,2.49,2.5,2.48,2.5,5647
03/20/2015 09:45:00,2.52,2.52,2.42,2.4601,39165
03/20/2015 10:00:00,2.49,2.507,2.48,2.5,2071
03/20/2015 10:15:00,2.51,2.52,2.4948,2.5,3562
03/20/2015 10:30:00,2.5,2.5001,2.45,2.46,11100
03/20/2015 10:45:00,2.4697,2.48,2.45,2.48,4282
03/20/2015 11:00:00,2.48,2.48,2.46,2.48,1531
03/20/2015 11:15:00,2.47,2.47,2.41,2.44,17245
03/20/2015 11:30:00,2.46,2.46,2.46,2.46,100
03/20/2015 11:45:00,2.46,2.49,2.44,2.46,2537
03/20/2015 12:00:00,2.49,2.49,2.4899,2.49,339
03/20/2015 12:15:00,2.48,2.49,2.46,2.48,1500
03/20/2015 12:30:00,2.48,2.48,2.46,2.48,746
03/20/2015 12:45:00,2.475,2.49,2.43,2.43,11362
03/20/2015 13:00:00,2.44,2.44,2.43,2.43,200
03/20/2015 13:15:00,2.42,2.44,2.42,2.43,3929
03/20/2015 13:30:00,2.43,2.43,2.43,2.43,300
03/20/2015 13:45:00,2.43,2.43,2.42,2.42,3100
03/20/2015 14:00:00,2.43,2.43,2.42,2.42,500
03/20/2015 14:15:00,2.42,2.43,2.41,2.41,9310
03/20/2015 14:30:00,2.4141,2.4141,2.4,2.4001,6200
03/20/2015 14:45:00,2.4001,2.4001,2.4001,2.4001,0
03/20/2015 15:00:00,2.42,2.43,2.42,2.43,1118
03/20/2015 15:15:00,2.43,2.43,2.4,2.42,4101
03/20/2015 15:30:00,2.41,2.41,2.37,2.37,4808
03/20/2015 15:45:00,2.37,2.4,2.37,2.39,3980
03/20/2015 16:00:00,2.38,2.39,2.33,2.34,39637
03/23/2015 09:45:00,2.26,2.465,2.25,2.25,56329
03/23/2015 10:00:00,2.2648,2.33,2.23,2.33,9424
03/23/2015 10:15:00,2.31,2.31,2.24,2.25,8762
03/23/2015 10:30:00,2.26,2.28,2.26,2.27,9700
03/23/2015 10:45:00,2.28,2.31,2.27,2.29,3700
03/23/2015 11:00:00,2.3,2.32,2.3,2.31,1100
03/23/2015 11:15:00,2.32,2.33,2.31,2.32,15526
03/23/2015 11:30:00,2.31,2.3101,2.31,2.31,9395
03/23/2015 11:45:00,2.32,2.33,2.32,2.33,600
03/23/2015 12:00:00,2.3101,2.33,2.29,2.29,9377
03/23/2015 12:15:00,2.3,2.3,2.3,2.3,600
03/23/2015 12:30:00,2.3,2.3,2.29,2.29,13166
03/23/2015 12:45:00,2.31,2.31,2.3,2.31,7400
03/23/2015 13:00:00,2.32,2.32,2.3,2.31,5909
03/23/2015 13:15:00,2.31,2.33,2.31,2.32,7279
03/23/2015 13:30:00,2.32,2.32,2.31,2.32,1300
03/23/2015 13:45:00,2.315,2.32,2.3,2.3,13990
03/23/2015 14:00:00,2.32,2.32,2.31,2.32,400
03/23/2015 14:15:00,2.32,2.32,2.31,2.31,800
03/23/2015 14:30:00,2.32,2.32,2.31,2.31,505
03/23/2015 14:45:00,2.32,2.32,2.31,2.31,600
03/23/2015 15:00:00,2.32,2.33,2.31,2.32,5358
03/23/2015 15:15:00,2.32,2.32,2.29,2.31,14639
03/23/2015 15:30:00,2.31,2.32,2.31,2.31,900
03/23/2015 15:45:00,2.31,2.33,2.31,2.33,800
03/23/2015 16:00:00,2.32,2.33,2.27,2.27,15883
03/24/2015 09:45:00,2.25,2.27,2.2242,2.2697,15388
03/24/2015 10:00:00,2.2888,2.3,2.2801,2.3,3065
03/24/2015 10:15:00,2.3,2.31,2.29,2.29,2273
03/24/2015 10:30:00,2.29,2.29,2.29,2.29,100
03/24/2015 10:45:00,2.3,2.3099,2.2883,2.2897,1122
03/24/2015 11:00:00,2.28,2.3199,2.26,2.3199,3876
03/24/2015 11:15:00,2.3182,2.3199,2.31,2.3101,937
03/24/2015 11:30:00,2.31,2.3258,2.31,2.31,3806
03/24/2015 11:45:00,2.33,2.33,2.31,2.31,1600
03/24/2015 12:00:00,2.31,2.32,2.31,2.32,2904
03/24/2015 12:15:00,2.33,2.33,2.325,2.33,1100
03/24/2015 12:30:00,2.33,2.33,2.32,2.32,1600
03/24/2015 12:45:00,2.32,2.35,2.32,2.35,8740
03/24/2015 13:00:00,2.36,2.36,2.36,2.36,100
03/24/2015 13:15:00,2.36,2.36,2.35,2.3501,1892
03/24/2015 13:30:00,2.3501,2.3501,2.3501,2.3501,0
03/24/2015 13:45:00,2.3501,2.3501,2.3501,2.3501,0
03/24/2015 14:00:00,2.35,2.35,2.35,2.35,200
03/24/2015 14:15:00,2.35,2.37,2.35,2.37,325
03/24/2015 14:30:00,2.3601,2.3601,2.35,2.35,1790
03/24/2015 14:45:00,2.35,2.35,2.31,2.32,6227
03/24/2015 15:00:00,2.3261,2.33,2.32,2.32,5700
03/24/2015 15:15:00,2.33,2.33,2.32,2.32,1200
03/24/2015 15:30:00,2.32,2.3205,2.31,2.32,6357
03/24/2015 15:45:00,2.32,2.33,2.3132,2.33,715
03/24/2015 16:00:00,2.34,2.34,2.33,2.33,3241
03/25/2015 09:45:00,2.34,2.52,2.32,2.34,17505
03/25/2015 10:00:00,2.3699,2.3699,2.33,2.35,4421
03/25/2015 10:15:00,2.32,2.34,2.311,2.34,2771
03/25/2015 10:30:00,2.3301,2.35,2.33,2.33,2764
03/25/2015 10:45:00,2.33,2.36,2.33,2.36,1118
03/25/2015 11:00:00,2.37,2.37,2.36,2.36,300
03/25/2015 11:15:00,2.36,2.36,2.3597,2.36,302
03/25/2015 11:30:00,2.36,2.36,2.356,2.36,345
03/25/2015 11:45:00,2.36,2.36,2.34,2.34,620
03/25/2015 12:00:00,2.36,2.36,2.35,2.36,600
03/25/2015 12:15:00,2.3597,2.36,2.3597,2.36,103
03/25/2015 12:30:00,2.36,2.36,2.35,2.35,723
03/25/2015 12:45:00,2.36,2.36,2.35,2.35,201
03/25/2015 13:00:00,2.36,2.36,2.3597,2.3597,101
03/25/2015 13:15:00,2.35,2.35,2.34,2.34,207
03/25/2015 13:30:00,2.35,2.36,2.34,2.35,12984
03/25/2015 13:45:00,2.35,2.36,2.35,2.36,2902
03/25/2015 14:00:00,2.3599,2.3599,2.3599,2.3599,847
03/25/2015 14:15:00,2.35,2.355,2.35,2.355,1100
03/25/2015 14:30:00,2.36,2.36,2.36,2.36,400
03/25/2015 14:45:00,2.36,2.3701,2.36,2.3701,1392
03/25/2015 15:00:00,2.39,2.39,2.39,2.39,300
03/25/2015 15:15:00,2.4,2.4,2.4,2.4,100
03/25/2015 15:30:00,2.39,2.39,2.37,2.37,1127
03/25/2015 15:45:00,2.36,2.36,2.35,2.35,900
03/25/2015 16:00:00,2.36,2.36,2.34,2.35,12132
03/26/2015 09:45:00,2.26,2.34,2.25,2.34,13188
03/26/2015 10:00:00,2.34,2.35,2.32,2.35,3633
03/26/2015 10:15:00,2.35,2.35,2.31,2.34,8081
03/26/2015 10:30:00,2.325,2.325,2.28,2.28,4596
03/26/2015 10:45:00,2.3,2.3,2.2635,2.28,10951
03/26/2015 11:00:00,2.29,2.31,2.28,2.28,9735
03/26/2015 11:15:00,2.28,2.28,2.27,2.28,1300
03/26/2015 11:30:00,2.27,2.28,2.25,2.25,25505
03/26/2015 11:45:00,2.25,2.2601,2.23,2.2601,15649
03/26/2015 12:00:00,2.265,2.265,2.265,2.265,100
03/26/2015 12:15:00,2.26,2.265,2.23,2.25,12600
03/26/2015 12:30:00,2.23,2.24,2.23,2.23,400
03/26/2015 12:45:00,2.23,2.23,2.22,2.22,611
03/26/2015 13:00:00,2.235,2.235,2.23,2.23,300
03/26/2015 13:15:00,2.23,2.23,2.22,2.23,700
03/26/2015 13:30:00,2.24,2.24,2.24,2.24,300
03/26/2015 13:45:00,2.24,2.24,2.23,2.24,13561
03/26/2015 14:00:00,2.24,2.24,2.23,2.24,10878
03/26/2015 14:15:00,2.24,2.24,2.23,2.23,8864
03/26/2015 14:30:00,2.24,2.24,2.22,2.24,7580
03/26/2015 14:45:00,2.24,2.27,2.24,2.27,4478
03/26/2015 15:00:00,2.27,2.27,2.27,2.27,0
03/26/2015 15:15:00,2.2699,2.2699,2.2699,2.2699,1500
03/26/2015 15:30:00,2.265,2.265,2.23,2.25,7262
03/26/2015 15:45:00,2.24,2.26,2.24,2.2596,4800
03/26/2015 16:00:00,2.25,2.33,2.25,2.32,8529
03/27/2015 09:45:00,2.3,2.34,2.3,2.312,1863
03/27/2015 10:00:00,2.3,2.31,2.28,2.28,6817
03/27/2015 10:15:00,2.3,2.3,2.3,2.3,100
03/27/2015 10:30:00,2.29,2.29,2.27,2.27,2876
03/27/2015 10:45:00,2.26,2.26,2.22,2.25,41866
03/27/2015 11:00:00,2.25,2.25,2.2401,2.25,5800
03/27/2015 11:15:00,2.25,2.2599,2.25,2.25,3400
03/27/2015 11:30:00,2.25,2.26,2.25,2.25,3450
03/27/2015 11:45:00,2.2551,2.2551,2.25,2.255,1550
03/27/2015 12:00:00,2.25,2.255,2.25,2.25,400
03/27/2015 12:15:00,2.25,2.26,2.25,2.251,9508
03/27/2015 12:30:00,2.25,2.25,2.25,2.25,100
03/27/2015 12:45:00,2.25,2.2559,2.25,2.2559,2700
03/27/2015 13:00:00,2.26,2.26,2.25,2.25,5690
03/27/2015 13:15:00,2.25,2.25,2.25,2.25,200
03/27/2015 13:30:00,2.25,2.25,2.25,2.25,100
03/27/2015 13:45:00,2.26,2.26,2.25,2.2541,2925
03/27/2015 14:00:00,2.25,2.2501,2.25,2.2501,1200
03/27/2015 14:15:00,2.25,2.26,2.25,2.25,3466
03/27/2015 14:30:00,2.26,2.26,2.25,2.25,112
03/27/2015 14:45:00,2.25,2.26,2.25,2.25,372
03/27/2015 15:00:00,2.25,2.25,2.25,2.25,1540
03/27/2015 15:15:00,2.25,2.255,2.25,2.255,300
03/27/2015 15:30:00,2.2502,2.26,2.25,2.25,2459
03/27/2015 15:45:00,2.25,2.25,2.25,2.25,1980
03/27/2015 16:00:00,2.25,2.27,2.25,2.26,6159
03/30/2015 09:45:00,2.26,2.48,2.23,2.26,5410
03/30/2015 10:00:00,2.28,2.29,2.25,2.2699,16638
03/30/2015 10:15:00,2.2599,2.26,2.23,2.24,23952
03/30/2015 10:30:00,2.24,2.24,2.23,2.24,3022
03/30/2015 10:45:00,2.25,2.26,2.245,2.26,880
03/30/2015 11:00:00,2.25,2.25,2.235,2.24,7100
03/30/2015 11:15:00,2.235,2.24,2.2301,2.2399,1300
03/30/2015 11:30:00,2.2383,2.24,2.2101,2.23,10940
03/30/2015 11:45:00,2.22,2.22,2.19,2.2,8750
03/30/2015 12:00:00,2.21,2.24,2.205,2.24,14353
03/30/2015 12:15:00,2.24,2.24,2.23,2.24,6100
03/30/2015 12:30:00,2.24,2.24,2.23,2.2301,4000
03/30/2015 12:45:00,2.24,2.24,2.23,2.2309,2701
03/30/2015 13:00:00,2.24,2.24,2.24,2.24,2800
03/30/2015 13:15:00,2.24,2.25,2.23,2.2372,14550
03/30/2015 13:30:00,2.2319,2.24,2.2319,2.24,4000
03/30/2015 13:45:00,2.24,2.256,2.24,2.256,3100
03/30/2015 14:00:00,2.26,2.2702,2.25,2.27,3170
03/30/2015 14:15:00,2.28,2.31,2.28,2.31,5950
03/30/2015 14:30:00,2.32,2.34,2.3183,2.33,4292
03/30/2015 14:45:00,2.311,2.37,2.311,2.34,3732
03/30/2015 15:00:00,2.34,2.3751,2.34,2.35,8412
03/30/2015 15:15:00,2.35,2.36,2.34,2.35,3791
03/30/2015 15:30:00,2.35,2.35,2.35,2.35,0
03/30/2015 15:45:00,2.355,2.36,2.35,2.36,408
03/30/2015 16:00:00,2.36,2.37,2.35,2.36,9888
03/31/2015 09:45:00,2.36,2.39,2.29,2.3499,2500
03/31/2015 10:00:00,2.36,2.36,2.3114,2.34,2015
03/31/2015 10:15:00,2.35,2.35,2.35,2.35,22
03/31/2015 10:30:00,2.3501,2.36,2.33,2.34,904
03/31/2015 10:45:00,2.35,2.35,2.35,2.35,198
03/31/2015 11:00:00,2.35,2.35,2.35,2.35,5598
03/31/2015 11:15:00,2.36,2.37,2.35,2.37,1810
03/31/2015 11:30:00,2.39,2.39,2.39,2.39,20
03/31/2015 11:45:00,2.37,2.37,2.37,2.37,300
03/31/2015 12:00:00,2.37,2.404,2.37,2.404,2135
03/31/2015 12:15:00,2.404,2.404,2.404,2.404,0
03/31/2015 12:30:00,2.4,2.4,2.37,2.37,403
03/31/2015 12:45:00,2.36,2.36,2.36,2.36,100
03/31/2015 13:00:00,2.36,2.36,2.36,2.36,0
03/31/2015 13:15:00,2.37,2.39,2.37,2.38,300
03/31/2015 13:30:00,2.3734,2.38,2.37,2.38,783
03/31/2015 13:45:00,2.372,2.38,2.372,2.38,600
03/31/2015 14:00:00,2.375,2.3799,2.37,2.37,683
03/31/2015 14:15:00,2.36,2.37,2.35,2.36,6747
03/31/2015 14:30:00,2.35,2.37,2.35,2.37,1590
03/31/2015 14:45:00,2.38,2.38,2.37,2.37,200
03/31/2015 15:00:00,2.39,2.4199,2.389,2.4,3745
03/31/2015 15:15:00,2.392,2.4,2.392,2.4,1260
03/31/2015 15:30:00,2.39,2.4,2.38,2.38,413
03/31/2015 15:45:00,2.39,2.41,2.3812,2.41,4440
03/31/2015 16:00:00,2.4,2.4,2.39,2.4,6775
