12/01/2014 09:45:00,5.7,5.98,5.7,5.97,104519
12/01/2014 10:00:00,5.9712,6.0,5.78,5.85,45859
12/01/2014 10:15:00,5.84,5.87,5.765,5.81,37081
12/01/2014 10:30:00,5.82,5.86,5.77,5.83,40018
12/01/2014 10:45:00,5.83,5.8317,5.71,5.74,50789
12/01/2014 11:00:00,5.75,5.76,5.71,5.72,59042
12/01/2014 11:15:00,5.72,5.75,5.7,5.73,55090
12/01/2014 11:30:00,5.73,5.85,5.73,5.81,50299
12/01/2014 11:45:00,5.8,5.82,5.77,5.79,24213
12/01/2014 12:00:00,5.79,5.79,5.72,5.73,20615
12/01/2014 12:15:00,5.73,5.78,5.73,5.755,19321
12/01/2014 12:30:00,5.77,5.81,5.73,5.73,28017
12/01/2014 12:45:00,5.73,5.74,5.72,5.73,40843
12/01/2014 13:00:00,5.735,5.785,5.725,5.78,31488
12/01/2014 13:15:00,5.78,5.835,5.775,5.805,16063
12/01/2014 13:30:00,5.805,5.835,5.8,5.8,15327
12/01/2014 13:45:00,5.805,5.805,5.73,5.74,19454
12/01/2014 14:00:00,5.745,5.8,5.745,5.76,22573
12/01/2014 14:15:00,5.76,5.77,5.715,5.73,18367
12/01/2014 14:30:00,5.73,5.77,5.715,5.77,21857
12/01/2014 14:45:00,5.78,5.85,5.77,5.84,39958
12/01/2014 15:00:00,5.84,5.86,5.82,5.855,27326
12/01/2014 15:15:00,5.86,5.885,5.85,5.88,28354
12/01/2014 15:30:00,5.89,5.95,5.88,5.94,69969
12/01/2014 15:45:00,5.95,5.98,5.945,5.97,80341
12/01/2014 16:00:00,5.97,5.99,5.92,5.96,173560
12/02/2014 09:45:00,5.84,5.98,5.8,5.88,103771
12/02/2014 10:00:00,5.88,5.91,5.78,5.88,108742
12/02/2014 10:15:00,5.881,6.09,5.88,6.08,66536
12/02/2014 10:30:00,6.06,6.09,5.99,6.05,32867
12/02/2014 10:45:00,6.05,6.1101,6.02,6.07,40029
12/02/2014 11:00:00,6.08,6.29,6.07,6.27,96457
12/02/2014 11:15:00,6.28,6.3,6.13,6.13,79904
12/02/2014 11:30:00,6.13,6.16,6.04,6.11,81541
12/02/2014 11:45:00,6.1,6.12,6.0,6.05,86636
12/02/2014 12:00:00,6.05,6.1,6.0,6.03,31473
12/02/2014 12:15:00,6.03,6.06,5.99,6.02,41060
12/02/2014 12:30:00,6.03,6.08,6.005,6.05,24062
12/02/2014 12:45:00,6.05,6.06,6.0,6.035,20821
12/02/2014 13:00:00,6.02,6.05,6.0,6.0216,30109
12/02/2014 13:15:00,6.02,6.03,5.99,5.99,75523
12/02/2014 13:30:00,5.989,6.03,5.97,6.03,53227
12/02/2014 13:45:00,6.02,6.02,6.0,6.02,21745
12/02/2014 14:00:00,6.02,6.03,5.93,5.93,40772
12/02/2014 14:15:00,5.94,5.96,5.9,5.91,29506
12/02/2014 14:30:00,5.91,5.93,5.89,5.91,74445
12/02/2014 14:45:00,5.91,5.94,5.9,5.9,41906
12/02/2014 15:00:00,5.91,5.93,5.9,5.9,63988
12/02/2014 15:15:00,5.9,5.935,5.88,5.88,55982
12/02/2014 15:30:00,5.88,5.89,5.87,5.87,14113
12/02/2014 15:45:00,5.88,5.89,5.77,5.8,157282
12/02/2014 16:00:00,5.81,5.81,5.75,5.77,230014
12/03/2014 09:45:00,5.81,6.01,5.81,5.97,39819
12/03/2014 10:00:00,5.97,6.136,5.96,6.13,43893
12/03/2014 10:15:00,6.12,6.18,6.02,6.08,125399
12/03/2014 10:30:00,6.08,6.13,6.03,6.08,82925
12/03/2014 10:45:00,6.09,6.09,6.03,6.04,60912
12/03/2014 11:00:00,6.03,6.1,6.02,6.09,37239
12/03/2014 11:15:00,6.09,6.17,6.06,6.15,58681
12/03/2014 11:30:00,6.15,6.155,6.0,6.0,103492
12/03/2014 11:45:00,6.01,6.055,5.97,5.97,39608
12/03/2014 12:00:00,5.97,6.04,5.955,5.96,36577
12/03/2014 12:15:00,5.97,6.04,5.97,5.97,30904
12/03/2014 12:30:00,5.98,6.005,5.93,5.99,45539
12/03/2014 12:45:00,5.98,5.985,5.91,5.93,36075
12/03/2014 13:00:00,5.92,5.96,5.9,5.93,34934
12/03/2014 13:15:00,5.93,5.985,5.915,5.95,42352
12/03/2014 13:30:00,5.94,5.95,5.91,5.915,23704
12/03/2014 13:45:00,5.92,5.93,5.86,5.88,26579
12/03/2014 14:00:00,5.89,5.89,5.825,5.86,46781
12/03/2014 14:15:00,5.86,5.89,5.83,5.88,33214
12/03/2014 14:30:00,5.87,5.91,5.84,5.9,43991
12/03/2014 14:45:00,5.9,5.93,5.87,5.93,37786
12/03/2014 15:00:00,5.93,5.94,5.89,5.94,25995
12/03/2014 15:15:00,5.94,5.965,5.925,5.965,45664
12/03/2014 15:30:00,5.965,5.97,5.93,5.96,43660
12/03/2014 15:45:00,5.955,6.0,5.95,5.99,67071
12/03/2014 16:00:00,5.98,6.02,5.96,6.01,170538
12/04/2014 09:45:00,5.93,5.94,5.7,5.7,79777
12/04/2014 10:00:00,5.72,5.8,5.68,5.76,36213
12/04/2014 10:15:00,5.78,5.84,5.7,5.71,50644
12/04/2014 10:30:00,5.72,5.77,5.63,5.63,83641
12/04/2014 10:45:00,5.64,5.65,5.56,5.61,48396
12/04/2014 11:00:00,5.6,5.635,5.58,5.62,32278
12/04/2014 11:15:00,5.625,5.715,5.62,5.71,31321
12/04/2014 11:30:00,5.71,5.72,5.67,5.715,15821
12/04/2014 11:45:00,5.71,5.79,5.705,5.72,56227
12/04/2014 12:00:00,5.72,5.79,5.72,5.765,12219
12/04/2014 12:15:00,5.77,5.78,5.74,5.77,22351
12/04/2014 12:30:00,5.77,5.78,5.75,5.75,17641
12/04/2014 12:45:00,5.76,5.8,5.76,5.79,25680
12/04/2014 13:00:00,5.795,5.83,5.78,5.825,15292
12/04/2014 13:15:00,5.82,5.87,5.82,5.83,22078
12/04/2014 13:30:00,5.835,5.84,5.82,5.825,12018
12/04/2014 13:45:00,5.82,5.835,5.8,5.815,17636
12/04/2014 14:00:00,5.82,5.84,5.82,5.83,15984
12/04/2014 14:15:00,5.83,5.865,5.83,5.85,31997
12/04/2014 14:30:00,5.845,5.87,5.84,5.845,33383
12/04/2014 14:45:00,5.84,5.85,5.83,5.85,13988
12/04/2014 15:00:00,5.84,5.85,5.83,5.83,11040
12/04/2014 15:15:00,5.835,5.84,5.79,5.79,27728
12/04/2014 15:30:00,5.795,5.8,5.75,5.77,46313
12/04/2014 15:45:00,5.765,5.785,5.75,5.75,44708
12/04/2014 16:00:00,5.75,5.77,5.75,5.77,84151
12/05/2014 09:45:00,5.75,5.834,5.68,5.7,39324
12/05/2014 10:00:00,5.72,5.85,5.72,5.85,60018
12/05/2014 10:15:00,5.85,5.89,5.71,5.75,35728
12/05/2014 10:30:00,5.75,5.75,5.695,5.695,44387
12/05/2014 10:45:00,5.7,5.7,5.615,5.65,45004
12/05/2014 11:00:00,5.65,5.65,5.58,5.6,28219
12/05/2014 11:15:00,5.6,5.61,5.56,5.6,28710
12/05/2014 11:30:00,5.6,5.72,5.6,5.71,25514
12/05/2014 11:45:00,5.71,5.745,5.71,5.73,16485
12/05/2014 12:00:00,5.735,5.82,5.73,5.77,20605
12/05/2014 12:15:00,5.77,5.81,5.73,5.8,31821
12/05/2014 12:30:00,5.79,5.85,5.77,5.79,19912
12/05/2014 12:45:00,5.789,5.85,5.785,5.85,18629
12/05/2014 13:00:00,5.85,5.85,5.79,5.811,21224
12/05/2014 13:15:00,5.81,5.835,5.8016,5.81,12342
12/05/2014 13:30:00,5.8,5.83,5.74,5.75,23829
12/05/2014 13:45:00,5.75,5.8,5.74,5.74,14626
12/05/2014 14:00:00,5.74,5.76,5.73,5.75,18604
12/05/2014 14:15:00,5.745,5.79,5.725,5.79,19731
12/05/2014 14:30:00,5.79,5.79,5.73,5.73,18268
12/05/2014 14:45:00,5.74,5.74,5.69,5.705,24660
12/05/2014 15:00:00,5.71,5.71,5.675,5.6916,20360
12/05/2014 15:15:00,5.69,5.73,5.685,5.73,20324
12/05/2014 15:30:00,5.72,5.74,5.71,5.735,16200
12/05/2014 15:45:00,5.735,5.75,5.72,5.73,47390
12/05/2014 16:00:00,5.735,5.76,5.69,5.75,176033
12/08/2014 09:45:00,5.68,5.71,5.46,5.47,91866
12/08/2014 10:00:00,5.47,5.66,5.41,5.62,79965
12/08/2014 10:15:00,5.63,5.63,5.5,5.5,46286
12/08/2014 10:30:00,5.5,5.6,5.5,5.6,23878
12/08/2014 10:45:00,5.61,5.61,5.45,5.45,28164
12/08/2014 11:00:00,5.46,5.46,5.41,5.41,23127
12/08/2014 11:15:00,5.415,5.459,5.39,5.4,29291
12/08/2014 11:30:00,5.4,5.42,5.39,5.41,14289
12/08/2014 11:45:00,5.41,5.43,5.37,5.37,20582
12/08/2014 12:00:00,5.37,5.38,5.31,5.36,57709
12/08/2014 12:15:00,5.36,5.46,5.35,5.38,48387
12/08/2014 12:30:00,5.38,5.42,5.35,5.35,27184
12/08/2014 12:45:00,5.35,5.4,5.35,5.3701,19680
12/08/2014 13:00:00,5.38,5.445,5.38,5.41,33824
12/08/2014 13:15:00,5.4,5.44,5.38,5.39,39466
12/08/2014 13:30:00,5.391,5.4,5.36,5.365,9170
12/08/2014 13:45:00,5.365,5.37,5.33,5.35,36676
12/08/2014 14:00:00,5.35,5.41,5.35,5.37,32983
12/08/2014 14:15:00,5.36,5.39,5.32,5.32,28730
12/08/2014 14:30:00,5.32,5.35,5.3,5.33,42659
12/08/2014 14:45:00,5.34,5.42,5.34,5.37,25645
12/08/2014 15:00:00,5.3782,5.39,5.36,5.375,17917
12/08/2014 15:15:00,5.37,5.375,5.31,5.32,20223
12/08/2014 15:30:00,5.33,5.405,5.33,5.33,101018
12/08/2014 15:45:00,5.33,5.35,5.31,5.35,44650
12/08/2014 16:00:00,5.35,5.35,5.32,5.33,119504
12/09/2014 09:45:00,5.32,5.53,5.29,5.49,51484
12/09/2014 10:00:00,5.49,5.62,5.44,5.5,47294
12/09/2014 10:15:00,5.51,5.64,5.51,5.62,51912
12/09/2014 10:30:00,5.61,5.64,5.41,5.43,32430
12/09/2014 10:45:00,5.45,5.51,5.44,5.451,49901
12/09/2014 11:00:00,5.45,5.49,5.41,5.475,59412
12/09/2014 11:15:00,5.47,5.53,5.44,5.49,33789
12/09/2014 11:30:00,5.49,5.49,5.36,5.37,40126
12/09/2014 11:45:00,5.37,5.44,5.32,5.4,32972
12/09/2014 12:00:00,5.4,5.46,5.38,5.46,53357
12/09/2014 12:15:00,5.46,5.49,5.42,5.43,17950
12/09/2014 12:30:00,5.43,5.44,5.4,5.4,15461
12/09/2014 12:45:00,5.4,5.47,5.39,5.45,48710
12/09/2014 13:00:00,5.44,5.47,5.44,5.46,49899
12/09/2014 13:15:00,5.46,5.5,5.42,5.496,35625
12/09/2014 13:30:00,5.5,5.51,5.46,5.46,25723
12/09/2014 13:45:00,5.46,5.57,5.46,5.55,21619
12/09/2014 14:00:00,5.54,5.56,5.53,5.55,22509
12/09/2014 14:15:00,5.55,5.58,5.52,5.56,68362
12/09/2014 14:30:00,5.56,5.63,5.56,5.625,39391
12/09/2014 14:45:00,5.63,5.63,5.59,5.6084,54828
12/09/2014 15:00:00,5.61,5.65,5.595,5.645,39347
12/09/2014 15:15:00,5.645,5.7,5.62,5.67,66995
12/09/2014 15:30:00,5.67,5.695,5.655,5.69,76632
12/09/2014 15:45:00,5.685,5.71,5.67,5.6702,80049
12/09/2014 16:00:00,5.68,5.7,5.66,5.7,206684
12/10/2014 09:45:00,5.41,5.41,5.1,5.11,150261
12/10/2014 10:00:00,5.105,5.11,4.92,4.99,129777
12/10/2014 10:15:00,4.99,4.99,4.85,4.87,123681
12/10/2014 10:30:00,4.88,4.98,4.87,4.9543,87072
12/10/2014 10:45:00,4.95,4.95,4.8,4.83,85757
12/10/2014 11:00:00,4.83,4.88,4.83,4.87,53047
12/10/2014 11:15:00,4.88,4.88,4.75,4.759,93712
12/10/2014 11:30:00,4.76,4.78,4.7,4.71,77709
12/10/2014 11:45:00,4.71,4.72,4.65,4.66,57046
12/10/2014 12:00:00,4.65,4.66,4.6,4.6,68518
12/10/2014 12:15:00,4.6,4.61,4.51,4.53,81904
12/10/2014 12:30:00,4.53,4.55,4.49,4.53,142131
12/10/2014 12:45:00,4.52,4.6,4.51,4.57,62300
12/10/2014 13:00:00,4.57,4.68,4.57,4.66,74699
12/10/2014 13:15:00,4.665,4.69,4.63,4.645,84267
12/10/2014 13:30:00,4.6499,4.68,4.64,4.67,45577
12/10/2014 13:45:00,4.675,4.7,4.65,4.69,55475
12/10/2014 14:00:00,4.69,4.695,4.64,4.66,118212
12/10/2014 14:15:00,4.66,4.66,4.59,4.61,62207
12/10/2014 14:30:00,4.606,4.66,4.6,4.6301,60668
12/10/2014 14:45:00,4.635,4.66,4.62,4.65,64312
12/10/2014 15:00:00,4.635,4.66,4.62,4.62,30095
12/10/2014 15:15:00,4.62,4.64,4.6,4.62,40652
12/10/2014 15:30:00,4.62,4.66,4.61,4.66,67929
12/10/2014 15:45:00,4.66,4.67,4.62,4.63,79514
12/10/2014 16:00:00,4.63,4.64,4.6,4.625,221638
12/11/2014 09:45:00,4.66,4.75,4.64,4.67,52758
12/11/2014 10:00:00,4.68,4.74,4.62,4.66,48324
12/11/2014 10:15:00,4.67,4.75,4.63,4.74,54536
12/11/2014 10:30:00,4.74,4.8,4.71,4.8,57075
12/11/2014 10:45:00,4.8,4.9,4.75,4.82,125728
12/11/2014 11:00:00,4.8,4.85,4.77,4.78,29969
12/11/2014 11:15:00,4.775,4.81,4.73,4.77,55888
12/11/2014 11:30:00,4.77,4.78,4.725,4.75,37207
12/11/2014 11:45:00,4.75,4.79,4.75,4.79,30714
12/11/2014 12:00:00,4.8,4.83,4.77,4.79,31897
12/11/2014 12:15:00,4.79,4.81,4.76,4.8,33694
12/11/2014 12:30:00,4.8,4.84,4.79,4.84,44205
12/11/2014 12:45:00,4.84,4.87,4.82,4.87,34023
12/11/2014 13:00:00,4.866,4.89,4.85,4.88,28533
12/11/2014 13:15:00,4.89,4.91,4.875,4.89,22811
12/11/2014 13:30:00,4.885,4.91,4.8801,4.905,28124
12/11/2014 13:45:00,4.91,4.91,4.79,4.795,34130
12/11/2014 14:00:00,4.8,4.8,4.74,4.74,31396
12/11/2014 14:15:00,4.74,4.77,4.73,4.735,33208
12/11/2014 14:30:00,4.735,4.74,4.66,4.665,55034
12/11/2014 14:45:00,4.665,4.67,4.63,4.645,51904
12/11/2014 15:00:00,4.64,4.64,4.55,4.57,85480
12/11/2014 15:15:00,4.57,4.61,4.53,4.56,100387
12/11/2014 15:30:00,4.565,4.62,4.565,4.61,57026
12/11/2014 15:45:00,4.61,4.61,4.55,4.55,51537
12/11/2014 16:00:00,4.55,4.57,4.54,4.57,148344
12/12/2014 09:45:00,4.54,4.54,4.42,4.47,91467
12/12/2014 10:00:00,4.47,4.49,4.38,4.4,46018
12/12/2014 10:15:00,4.41,4.46,4.37,4.43,78424
12/12/2014 10:30:00,4.43,4.536,4.4,4.5,67381
12/12/2014 10:45:00,4.5,4.54,4.45,4.46,59075
12/12/2014 11:00:00,4.46,4.47,4.42,4.42,47888
12/12/2014 11:15:00,4.42,4.46,4.39,4.45,45048
12/12/2014 11:30:00,4.45,4.5,4.4499,4.47,37870
12/12/2014 11:45:00,4.48,4.51,4.45,4.45,53605
12/12/2014 12:00:00,4.45,4.451,4.41,4.42,30402
12/12/2014 12:15:00,4.43,4.48,4.43,4.46,34340
12/12/2014 12:30:00,4.46,4.54,4.46,4.54,52583
12/12/2014 12:45:00,4.55,4.61,4.54,4.6,40526
12/12/2014 13:00:00,4.6,4.65,4.581,4.59,41121
12/12/2014 13:15:00,4.595,4.61,4.57,4.5963,40285
12/12/2014 13:30:00,4.62,4.63,4.57,4.59,21955
12/12/2014 13:45:00,4.58,4.6072,4.555,4.6,21870
12/12/2014 14:00:00,4.59,4.59,4.55,4.575,31312
12/12/2014 14:15:00,4.58,4.6,4.57,4.58,20039
12/12/2014 14:30:00,4.58,4.61,4.57,4.6,35320
12/12/2014 14:45:00,4.595,4.595,4.53,4.53,43234
12/12/2014 15:00:00,4.5301,4.59,4.5301,4.58,25248
12/12/2014 15:15:00,4.58,4.6,4.52,4.525,48792
12/12/2014 15:30:00,4.525,4.55,4.525,4.55,52493
12/12/2014 15:45:00,4.545,4.55,4.52,4.53,73993
12/12/2014 16:00:00,4.53,4.53,4.49,4.49,199136
12/15/2014 09:45:00,4.54,4.65,4.45,4.5,74754
12/15/2014 10:00:00,4.49,4.535,4.42,4.42,47642
12/15/2014 10:15:00,4.43,4.46,4.4,4.45,47841
12/15/2014 10:30:00,4.45,4.46,4.38,4.39,70369
12/15/2014 10:45:00,4.39,4.41,4.32,4.33,68590
12/15/2014 11:00:00,4.33,4.4,4.33,4.36,52269
12/15/2014 11:15:00,4.35,4.39,4.32,4.32,59142
12/15/2014 11:30:00,4.32,4.34,4.27,4.29,76035
12/15/2014 11:45:00,4.28,4.3,4.24,4.24,43317
12/15/2014 12:00:00,4.245,4.295,4.245,4.26,41704
12/15/2014 12:15:00,4.25,4.35,4.25,4.35,47120
12/15/2014 12:30:00,4.34,4.41,4.32,4.41,74176
12/15/2014 12:45:00,4.405,4.41,4.35,4.39,27076
12/15/2014 13:00:00,4.39,4.43,4.39,4.429,55492
12/15/2014 13:15:00,4.43,4.43,4.37,4.37,55465
12/15/2014 13:30:00,4.375,4.43,4.375,4.4,46172
12/15/2014 13:45:00,4.39,4.4,4.35,4.355,24057
12/15/2014 14:00:00,4.36,4.36,4.32,4.32,31326
12/15/2014 14:15:00,4.33,4.33,4.25,4.25,39058
12/15/2014 14:30:00,4.25,4.279,4.23,4.25,84815
12/15/2014 14:45:00,4.25,4.26,4.18,4.185,59197
12/15/2014 15:00:00,4.19,4.2,4.18,4.185,39789
12/15/2014 15:15:00,4.185,4.21,4.17,4.19,62887
12/15/2014 15:30:00,4.19,4.19,4.1,4.1,86799
12/15/2014 15:45:00,4.11,4.14,4.07,4.14,118111
12/15/2014 16:00:00,4.14,4.15,4.12,4.14,158161
12/16/2014 09:45:00,4.1,4.28,4.02,4.255,70388
12/16/2014 10:00:00,4.26,4.39,4.24,4.31,126524
12/16/2014 10:15:00,4.3,4.39,4.28,4.35,93342
12/16/2014 10:30:00,4.36,4.42,4.36,4.39,90824
12/16/2014 10:45:00,4.4,4.4,4.28,4.3,49909
12/16/2014 11:00:00,4.3,4.31,4.2899,4.3,79092
12/16/2014 11:15:00,4.3,4.415,4.29,4.4,64059
12/16/2014 11:30:00,4.41,4.53,4.39,4.49,108249
12/16/2014 11:45:00,4.495,4.5,4.42,4.45,63950
12/16/2014 12:00:00,4.45,4.45,4.37,4.37,34036
12/16/2014 12:15:00,4.38,4.39,4.33,4.33,45261
12/16/2014 12:30:00,4.33,4.37,4.315,4.35,50277
12/16/2014 12:45:00,4.35,4.41,4.345,4.37,29127
12/16/2014 13:00:00,4.37,4.37,4.33,4.34,63330
12/16/2014 13:15:00,4.34,4.35,4.27,4.28,52943
12/16/2014 13:30:00,4.29,4.31,4.24,4.245,38869
12/16/2014 13:45:00,4.24,4.24,4.17,4.2,69471
12/16/2014 14:00:00,4.2,4.21,4.16,4.2,57361
12/16/2014 14:15:00,4.2,4.27,4.19,4.27,67871
12/16/2014 14:30:00,4.27,4.27,4.19,4.2,58058
12/16/2014 14:45:00,4.195,4.22,4.175,4.195,60517
12/16/2014 15:00:00,4.2,4.2,4.17,4.175,24107
12/16/2014 15:15:00,4.175,4.2,4.145,4.2,97159
12/16/2014 15:30:00,4.2,4.2,4.16,4.19,69935
12/16/2014 15:45:00,4.19,4.21,4.16,4.19,75891
12/16/2014 16:00:00,4.19,4.22,4.18,4.2,269498
12/17/2014 09:45:00,4.23,4.39,4.21,4.375,31032
12/17/2014 10:00:00,4.38,4.5,4.36,4.48,55344
12/17/2014 10:15:00,4.485,4.6,4.47,4.58,92407
12/17/2014 10:30:00,4.58,4.59,4.47,4.47,42056
12/17/2014 10:45:00,4.47,4.58,4.44,4.565,67667
12/17/2014 11:00:00,4.56,4.65,4.551,4.63,96462
12/17/2014 11:15:00,4.63,4.77,4.63,4.76,60224
12/17/2014 11:30:00,4.7634,4.82,4.71,4.77,69905
12/17/2014 11:45:00,4.77,4.85,4.77,4.82,47117
12/17/2014 12:00:00,4.82,4.9,4.75,4.89,95894
12/17/2014 12:15:00,4.9,4.9001,4.72,4.74,70594
12/17/2014 12:30:00,4.74,4.74,4.69,4.71,40926
12/17/2014 12:45:00,4.71,4.73,4.7,4.72,24829
12/17/2014 13:00:00,4.71,4.76,4.71,4.74,17321
12/17/2014 13:15:00,4.74,4.8,4.74,4.78,14942
12/17/2014 13:30:00,4.78,4.83,4.78,4.83,20421
12/17/2014 13:45:00,4.83,4.85,4.72,4.72,23885
12/17/2014 14:00:00,4.72,4.75,4.71,4.74,25550
12/17/2014 14:15:00,4.76,4.8,4.73,4.76,50843
12/17/2014 14:30:00,4.76,4.77,4.68,4.68,67293
12/17/2014 14:45:00,4.69,4.7,4.58,4.5916,77883
12/17/2014 15:00:00,4.6,4.6,4.52,4.55,72774
12/17/2014 15:15:00,4.55,4.67,4.53,4.67,36673
12/17/2014 15:30:00,4.67,4.73,4.63,4.705,58915
12/17/2014 15:45:00,4.71,4.76,4.69,4.76,86804
12/17/2014 16:00:00,4.75,4.75,4.715,4.74,139180
12/18/2014 09:45:00,4.88,4.96,4.78,4.95,100047
12/18/2014 10:00:00,4.93,4.93,4.7857,4.83,41694
12/18/2014 10:15:00,4.83,4.9,4.74,4.74,60998
12/18/2014 10:30:00,4.74,4.8,4.68,4.74,46052
12/18/2014 10:45:00,4.745,4.745,4.6,4.61,84623
12/18/2014 11:00:00,4.605,4.65,4.58,4.6,72089
12/18/2014 11:15:00,4.6,4.6,4.51,4.59,37437
12/18/2014 11:30:00,4.58,4.64,4.58,4.6,30696
12/18/2014 11:45:00,4.61,4.63,4.59,4.59,50947
12/18/2014 12:00:00,4.58,4.6,4.52,4.52,38392
12/18/2014 12:15:00,4.52,4.6,4.48,4.57,45830
12/18/2014 12:30:00,4.57,4.62,4.525,4.62,22051
12/18/2014 12:45:00,4.62,4.64,4.6,4.64,29128
12/18/2014 13:00:00,4.64,4.64,4.6,4.62,25832
12/18/2014 13:15:00,4.62,4.62,4.57,4.59,36134
12/18/2014 13:30:00,4.6,4.61,4.58,4.59,14551
12/18/2014 13:45:00,4.59,4.6,4.56,4.58,12905
12/18/2014 14:00:00,4.58,4.58,4.525,4.525,19395
12/18/2014 14:15:00,4.52,4.52,4.47,4.48,51390
12/18/2014 14:30:00,4.48,4.49,4.42,4.425,30833
12/18/2014 14:45:00,4.44,4.51,4.44,4.51,22319
12/18/2014 15:00:00,4.51,4.61,4.5,4.6,43929
12/18/2014 15:15:00,4.62,4.62,4.57,4.6,40218
12/18/2014 15:30:00,4.6,4.62,4.56,4.59,47874
12/18/2014 15:45:00,4.6,4.62,4.57,4.59,57306
12/18/2014 16:00:00,4.6,4.62,4.59,4.6,114140
12/19/2014 09:45:00,4.63,4.71,4.57,4.68,142894
12/19/2014 10:00:00,4.67,4.84,4.67,4.81,47904
12/19/2014 10:15:00,4.82,4.825,4.69,4.7,47259
12/19/2014 10:30:00,4.7,4.71,4.65,4.7,56101
12/19/2014 10:45:00,4.7,4.72,4.67,4.7,26086
12/19/2014 11:00:00,4.7,4.74,4.69,4.73,35925
12/19/2014 11:15:00,4.73,4.74,4.7,4.71,45285
12/19/2014 11:30:00,4.72,4.73,4.7,4.71,17733
12/19/2014 11:45:00,4.72,4.765,4.71,4.75,26753
12/19/2014 12:00:00,4.75,4.76,4.7,4.7,42711
12/19/2014 12:15:00,4.71,4.73,4.69,4.71,20644
12/19/2014 12:30:00,4.71,4.725,4.7,4.7,24789
12/19/2014 12:45:00,4.6957,4.72,4.69,4.71,24133
12/19/2014 13:00:00,4.71,4.75,4.7,4.75,15932
12/19/2014 13:15:00,4.74,4.8,4.74,4.8,23739
12/19/2014 13:30:00,4.8,4.85,4.79,4.85,25190
12/19/2014 13:45:00,4.85,4.87,4.8416,4.85,32369
12/19/2014 14:00:00,4.85,4.86,4.84,4.84,17588
12/19/2014 14:15:00,4.84,4.85,4.82,4.83,22983
12/19/2014 14:30:00,4.825,4.84,4.82,4.84,21417
12/19/2014 14:45:00,4.85,4.9,4.85,4.9,34050
12/19/2014 15:00:00,4.89,4.93,4.89,4.93,24251
12/19/2014 15:15:00,4.93,4.955,4.9,4.93,55616
12/19/2014 15:30:00,4.93,4.95,4.91,4.95,44304
12/19/2014 15:45:00,4.95,5.03,4.95,5.01,136564
12/19/2014 16:00:00,5.01,5.045,4.975,5.03,233951
12/22/2014 09:45:00,4.95,5.09,4.83,4.95,67720
12/22/2014 10:00:00,4.95,5.088,4.93,5.08,76239
12/22/2014 10:15:00,5.08,5.11,5.02,5.05,68774
12/22/2014 10:30:00,5.04,5.12,5.02,5.09,37035
12/22/2014 10:45:00,5.08,5.08,4.98,5.04,30557
12/22/2014 11:00:00,5.04,5.06,4.96,5.01,31099
12/22/2014 11:15:00,5.01,5.01,4.96,4.96,30588
12/22/2014 11:30:00,4.96,4.98,4.91,4.92,48428
12/22/2014 11:45:00,4.91,4.915,4.86,4.87,30166
12/22/2014 12:00:00,4.875,4.92,4.875,4.91,21900
12/22/2014 12:15:00,4.905,4.92,4.88,4.92,15161
12/22/2014 12:30:00,4.91,4.94,4.91,4.91,36478
12/22/2014 12:45:00,4.91,4.92,4.89,4.9,20900
12/22/2014 13:00:00,4.9,4.92,4.89,4.89,22902
12/22/2014 13:15:00,4.9,4.9,4.865,4.89,23540
12/22/2014 13:30:00,4.89,4.9,4.855,4.855,24114
12/22/2014 13:45:00,4.85,4.86,4.84,4.86,14040
12/22/2014 14:00:00,4.87,4.91,4.86,4.91,21405
12/22/2014 14:15:00,4.91,4.97,4.91,4.97,24676
12/22/2014 14:30:00,4.98,4.985,4.94,4.96,19034
12/22/2014 14:45:00,4.96,4.98,4.94,4.9616,38630
12/22/2014 15:00:00,4.97,4.99,4.97,4.99,17173
12/22/2014 15:15:00,5.0,5.0,4.96,4.97,34515
12/22/2014 15:30:00,4.965,4.98,4.95,4.955,20034
12/22/2014 15:45:00,4.95,4.96,4.91,4.91,75794
12/22/2014 16:00:00,4.915,4.95,4.88,4.95,193724
12/23/2014 09:45:00,5.02,5.09,4.91,5.06,66089
12/23/2014 10:00:00,5.07,5.1,4.97,5.04,32091
12/23/2014 10:15:00,5.0352,5.07,4.97,5.0,52819
12/23/2014 10:30:00,4.99,5.06,4.985,5.04,51939
12/23/2014 10:45:00,5.03,5.06,5.005,5.06,38513
12/23/2014 11:00:00,5.06,5.07,5.0001,5.02,16532
12/23/2014 11:15:00,5.02,5.04,4.96,4.98,25547
12/23/2014 11:30:00,4.9601,5.03,4.96,5.01,15606
12/23/2014 11:45:00,5.02,5.02,4.96,4.96,24833
12/23/2014 12:00:00,4.97,4.97,4.93,4.94,11808
12/23/2014 12:15:00,4.95,4.98,4.95,4.96,21938
12/23/2014 12:30:00,4.9534,4.9832,4.95,4.96,9615
12/23/2014 12:45:00,4.969,4.989,4.95,4.97,13085
12/23/2014 13:00:00,4.96,4.97,4.95,4.965,10271
12/23/2014 13:15:00,4.96,4.965,4.92,4.92,10349
12/23/2014 13:30:00,4.92,4.975,4.92,4.97,28173
12/23/2014 13:45:00,4.965,4.97,4.9,4.9,27090
12/23/2014 14:00:00,4.91,4.91,4.89,4.89,7053
12/23/2014 14:15:00,4.895,4.92,4.88,4.92,19512
12/23/2014 14:30:00,4.91,4.92,4.9,4.92,16061
12/23/2014 14:45:00,4.92,4.97,4.9128,4.96,17071
12/23/2014 15:00:00,4.97,4.99,4.96,4.97,14853
12/23/2014 15:15:00,4.96,5.0,4.95,4.99,28436
12/23/2014 15:30:00,4.98,4.99,4.96,4.96,28269
12/23/2014 15:45:00,4.96,4.97,4.95,4.95,66100
12/23/2014 16:00:00,4.96,5.03,4.955,5.015,338318
12/24/2014 09:45:00,4.94,5.0,4.83,4.85,22713
12/24/2014 10:00:00,4.84,4.98,4.8,4.9,10131
12/24/2014 10:15:00,4.91,4.97,4.87,4.88,27451
12/24/2014 10:30:00,4.88,4.88,4.83,4.849,20023
12/24/2014 10:45:00,4.85,4.85,4.79,4.81,20689
12/24/2014 11:00:00,4.81,4.83,4.78,4.81,27957
12/24/2014 11:15:00,4.82,4.89,4.82,4.84,31355
12/24/2014 11:30:00,4.84,4.92,4.84,4.92,83555
12/24/2014 11:45:00,4.91,4.94,4.9,4.92,17009
12/24/2014 12:00:00,4.93,4.985,4.9,4.97,38465
12/24/2014 12:15:00,4.975,5.01,4.94,4.94,24964
12/24/2014 12:30:00,4.95,4.995,4.95,4.985,21486
12/24/2014 12:45:00,4.98,5.015,4.98,4.98,34108
12/24/2014 13:00:00,4.99,5.08,4.9875,5.08,132035
12/24/2014 13:15:00,5.07,5.07,5.07,5.07,28198
12/24/2014 13:30:00,5.07,5.07,5.07,5.07,0
12/24/2014 13:45:00,5.07,5.07,5.07,5.07,0
12/24/2014 14:00:00,5.07,5.07,5.07,5.07,0
12/24/2014 14:15:00,5.07,5.07,5.07,5.07,0
12/24/2014 14:30:00,5.07,5.07,5.07,5.07,0
12/24/2014 14:45:00,5.07,5.07,5.07,5.07,0
12/24/2014 15:00:00,5.07,5.07,5.07,5.07,0
12/24/2014 15:15:00,5.07,5.07,5.07,5.07,0
12/24/2014 15:30:00,5.07,5.07,5.07,5.07,0
12/24/2014 15:45:00,5.07,5.07,5.07,5.07,0
12/24/2014 16:00:00,5.07,5.07,5.07,5.07,0
12/26/2014 09:45:00,5.11,5.2,5.01,5.0399,60798
12/26/2014 10:00:00,5.04,5.06,4.95,4.99,33107
12/26/2014 10:15:00,4.99,5.015,4.94,5.0125,16322
12/26/2014 10:30:00,5.0,5.06,5.0,5.05,31231
12/26/2014 10:45:00,5.0557,5.1,5.0557,5.1,17648
12/26/2014 11:00:00,5.09,5.11,5.04,5.06,15501
12/26/2014 11:15:00,5.06,5.09,5.05,5.08,15361
12/26/2014 11:30:00,5.08,5.11,5.07,5.07,16531
12/26/2014 11:45:00,5.07,5.075,5.02,5.02,34992
12/26/2014 12:00:00,5.03,5.036,5.01,5.03,24234
12/26/2014 12:15:00,5.03,5.03,4.9,4.92,52155
12/26/2014 12:30:00,4.9172,4.919,4.88,4.88,28506
12/26/2014 12:45:00,4.89,4.89,4.85,4.86,31933
12/26/2014 13:00:00,4.86,4.86,4.83,4.83,24823
12/26/2014 13:15:00,4.835,4.838,4.79,4.81,37596
12/26/2014 13:30:00,4.81,4.81,4.8,4.81,18050
12/26/2014 13:45:00,4.81,4.81,4.78,4.81,59131
12/26/2014 14:00:00,4.805,4.82,4.8,4.815,13461
12/26/2014 14:15:00,4.81,4.815,4.78,4.785,30918
12/26/2014 14:30:00,4.79,4.8,4.78,4.78,27844
12/26/2014 14:45:00,4.78,4.83,4.78,4.83,31400
12/26/2014 15:00:00,4.8372,4.86,4.83,4.86,24025
12/26/2014 15:15:00,4.86,4.885,4.85,4.86,27241
12/26/2014 15:30:00,4.86,4.87,4.85,4.85,14233
12/26/2014 15:45:00,4.85,4.855,4.82,4.82,46496
12/26/2014 16:00:00,4.82,4.82,4.79,4.8,117124
12/29/2014 09:45:00,4.8,4.88,4.76,4.765,47004
12/29/2014 10:00:00,4.77,4.81,4.76,4.795,32409
12/29/2014 10:15:00,4.79,4.85,4.79,4.83,26255
12/29/2014 10:30:00,4.83,4.84,4.79,4.805,26650
12/29/2014 10:45:00,4.81,4.85,4.77,4.77,28316
12/29/2014 11:00:00,4.78,4.78,4.75,4.7501,12141
12/29/2014 11:15:00,4.75,4.76,4.7,4.7,26280
12/29/2014 11:30:00,4.7,4.7,4.69,4.69,9900
12/29/2014 11:45:00,4.69,4.7167,4.69,4.71,30079
12/29/2014 12:00:00,4.719,4.72,4.68,4.68,22732
12/29/2014 12:15:00,4.68,4.69,4.665,4.67,11804
12/29/2014 12:30:00,4.665,4.69,4.64,4.65,20031
12/29/2014 12:45:00,4.645,4.66,4.63,4.635,29168
12/29/2014 13:00:00,4.64,4.65,4.625,4.63,13810
12/29/2014 13:15:00,4.63,4.65,4.6,4.62,24010
12/29/2014 13:30:00,4.62,4.6501,4.62,4.64,12957
12/29/2014 13:45:00,4.63,4.6562,4.59,4.59,29198
12/29/2014 14:00:00,4.59,4.59,4.52,4.53,35996
12/29/2014 14:15:00,4.53,4.57,4.53,4.561,15512
12/29/2014 14:30:00,4.56,4.62,4.56,4.59,34212
12/29/2014 14:45:00,4.59,4.62,4.58,4.58,28270
12/29/2014 15:00:00,4.59,4.59,4.57,4.58,10195
12/29/2014 15:15:00,4.57,4.58,4.56,4.57,12084
12/29/2014 15:30:00,4.56,4.57,4.55,4.565,29413
12/29/2014 15:45:00,4.57,4.57,4.55,4.55,26298
12/29/2014 16:00:00,4.55,4.56,4.52,4.53,132928
12/30/2014 09:45:00,4.56,4.57,4.42,4.56,42089
12/30/2014 10:00:00,4.55,4.63,4.54,4.61,55333
12/30/2014 10:15:00,4.6,4.6087,4.48,4.49,46097
12/30/2014 10:30:00,4.49,4.53,4.49,4.5,34492
12/30/2014 10:45:00,4.5,4.59,4.495,4.59,37402
12/30/2014 11:00:00,4.59,4.65,4.57,4.63,40893
12/30/2014 11:15:00,4.6301,4.66,4.545,4.57,38459
12/30/2014 11:30:00,4.57,4.58,4.535,4.54,37838
12/30/2014 11:45:00,4.5401,4.59,4.5401,4.57,18215
12/30/2014 12:00:00,4.57,4.61,4.56,4.56,32310
12/30/2014 12:15:00,4.56,4.56,4.53,4.55,13620
12/30/2014 12:30:00,4.56,4.58,4.55,4.56,19537
12/30/2014 12:45:00,4.55,4.57,4.54,4.55,11324
12/30/2014 13:00:00,4.54,4.57,4.54,4.55,10199
12/30/2014 13:15:00,4.55,4.5601,4.54,4.56,20166
12/30/2014 13:30:00,4.56,4.56,4.525,4.53,9758
12/30/2014 13:45:00,4.53,4.55,4.53,4.55,14756
12/30/2014 14:00:00,4.56,4.574,4.555,4.56,15711
12/30/2014 14:15:00,4.56,4.6,4.56,4.6,29828
12/30/2014 14:30:00,4.6,4.6,4.58,4.59,20820
12/30/2014 14:45:00,4.59,4.6,4.57,4.575,9489
12/30/2014 15:00:00,4.57,4.58,4.57,4.575,6900
12/30/2014 15:15:00,4.58,4.59,4.57,4.575,25191
12/30/2014 15:30:00,4.58,4.59,4.57,4.59,12569
12/30/2014 15:45:00,4.59,4.59,4.57,4.58,33653
12/30/2014 16:00:00,4.58,4.59,4.55,4.55,88821
12/31/2014 09:45:00,4.55,4.55,4.4,4.43,40502
12/31/2014 10:00:00,4.46,4.49,4.4,4.4,19919
12/31/2014 10:15:00,4.42,4.51,4.42,4.49,18806
12/31/2014 10:30:00,4.49,4.55,4.48,4.521,29274
12/31/2014 10:45:00,4.54,4.57,4.49,4.5,18336
12/31/2014 11:00:00,4.501,4.52,4.47,4.47,17357
12/31/2014 11:15:00,4.47,4.52,4.46,4.5001,22448
12/31/2014 11:30:00,4.5,4.5,4.471,4.48,14414
12/31/2014 11:45:00,4.49,4.51,4.48,4.48,16063
12/31/2014 12:00:00,4.48,4.55,4.48,4.52,14135
12/31/2014 12:15:00,4.525,4.53,4.47,4.51,11200
12/31/2014 12:30:00,4.52,4.53,4.48,4.52,23392
12/31/2014 12:45:00,4.52,4.52,4.48,4.5,8730
12/31/2014 13:00:00,4.495,4.51,4.49,4.51,14375
12/31/2014 13:15:00,4.51,4.55,4.5,4.54,14715
12/31/2014 13:30:00,4.545,4.57,4.52,4.56,17822
12/31/2014 13:45:00,4.57,4.625,4.565,4.61,32430
12/31/2014 14:00:00,4.62,4.63,4.595,4.61,15776
12/31/2014 14:15:00,4.6,4.6099,4.55,4.55,17358
12/31/2014 14:30:00,4.55,4.61,4.54,4.605,24577
12/31/2014 14:45:00,4.62,4.63,4.58,4.61,28754
12/31/2014 15:00:00,4.61,4.61,4.57,4.57,10767
12/31/2014 15:15:00,4.57,4.5925,4.56,4.59,15375
12/31/2014 15:30:00,4.58,4.59,4.56,4.56,14756
12/31/2014 15:45:00,4.56,4.62,4.55,4.61,94189
12/31/2014 16:00:00,4.62,4.635,4.55,4.56,243650
01/02/2015 09:45:00,4.52,4.62,4.51,4.62,41327
01/02/2015 10:00:00,4.63,4.69,4.58,4.63,69381
01/02/2015 10:15:00,4.6,4.61,4.54,4.58,22235
01/02/2015 10:30:00,4.57,4.61,4.54,4.6,16405
01/02/2015 10:45:00,4.6,4.63,4.58,4.61,29553
01/02/2015 11:00:00,4.63,4.7,4.6,4.63,32112
01/02/2015 11:15:00,4.63,4.67,4.62,4.64,59698
01/02/2015 11:30:00,4.65,4.73,4.625,4.72,33923
01/02/2015 11:45:00,4.7197,4.77,4.67,4.67,17407
01/02/2015 12:00:00,4.671,4.71,4.645,4.695,20611
01/02/2015 12:15:00,4.7,4.715,4.665,4.677,28855
01/02/2015 12:30:00,4.67,4.69,4.66,4.67,16069
01/02/2015 12:45:00,4.67,4.68,4.64,4.64,22709
01/02/2015 13:00:00,4.65,4.65,4.57,4.58,47876
01/02/2015 13:15:00,4.59,4.625,4.59,4.61,19806
01/02/2015 13:30:00,4.61,4.66,4.61,4.63,7369
01/02/2015 13:45:00,4.63,4.65,4.61,4.62,13418
01/02/2015 14:00:00,4.62,4.62,4.58,4.58,14288
01/02/2015 14:15:00,4.58,4.595,4.5399,4.55,31692
01/02/2015 14:30:00,4.545,4.59,4.54,4.54,29027
01/02/2015 14:45:00,4.5401,4.61,4.52,4.61,12190
01/02/2015 15:00:00,4.61,4.61,4.59,4.61,8430
01/02/2015 15:15:00,4.61,4.61,4.56,4.565,25658
01/02/2015 15:30:00,4.5768,4.61,4.5768,4.59,23614
01/02/2015 15:45:00,4.59,4.62,4.58,4.58,51582
01/02/2015 16:00:00,4.59,4.63,4.585,4.61,87772
01/05/2015 09:45:00,4.57,4.57,4.41,4.51,27801
01/05/2015 10:00:00,4.51,4.59,4.5001,4.58,28742
01/05/2015 10:15:00,4.57,4.61,4.53,4.58,54858
01/05/2015 10:30:00,4.57,4.6,4.5,4.53,38194
01/05/2015 10:45:00,4.51,4.58,4.49,4.55,44874
01/05/2015 11:00:00,4.54,4.57,4.53,4.54,31166
01/05/2015 11:15:00,4.54,4.57,4.52,4.56,37004
01/05/2015 11:30:00,4.55,4.56,4.51,4.52,25182
01/05/2015 11:45:00,4.52,4.54,4.5,4.53,50746
01/05/2015 12:00:00,4.54,4.56,4.5,4.55,33480
01/05/2015 12:15:00,4.55,4.64,4.55,4.6001,47880
01/05/2015 12:30:00,4.6,4.62,4.58,4.61,24777
01/05/2015 12:45:00,4.6,4.63,4.5875,4.63,23140
01/05/2015 13:00:00,4.63,4.64,4.565,4.565,16965
01/05/2015 13:15:00,4.58,4.59,4.55,4.55,7220
01/05/2015 13:30:00,4.55,4.55,4.5,4.5,13868
01/05/2015 13:45:00,4.5,4.57,4.5,4.55,22306
01/05/2015 14:00:00,4.55,4.58,4.54,4.56,21138
01/05/2015 14:15:00,4.56,4.61,4.56,4.58,36025
01/05/2015 14:30:00,4.58,4.6,4.53,4.53,16618
01/05/2015 14:45:00,4.53,4.56,4.53,4.545,8002
01/05/2015 15:00:00,4.54,4.55,4.52,4.545,11979
01/05/2015 15:15:00,4.545,4.545,4.52,4.54,14017
01/05/2015 15:30:00,4.54,4.57,4.53,4.57,14754
01/05/2015 15:45:00,4.565,4.58,4.56,4.58,28906
01/05/2015 16:00:00,4.58,4.62,4.56,4.595,158592
01/06/2015 09:45:00,4.57,4.69,4.51,4.69,40357
01/06/2015 10:00:00,4.69,4.69,4.6,4.62,48922
01/06/2015 10:15:00,4.62,4.74,4.58,4.6901,47870
01/06/2015 10:30:00,4.69,4.7299,4.57,4.6,38455
01/06/2015 10:45:00,4.59,4.595,4.5197,4.5197,13403
01/06/2015 11:00:00,4.515,4.55,4.48,4.48,31022
01/06/2015 11:15:00,4.48,4.5,4.46,4.5,28487
01/06/2015 11:30:00,4.49,4.49,4.4,4.41,64918
01/06/2015 11:45:00,4.41,4.41,4.36,4.37,39454
01/06/2015 12:00:00,4.38,4.41,4.37,4.4,18590
01/06/2015 12:15:00,4.39,4.425,4.38,4.425,23635
01/06/2015 12:30:00,4.41,4.47,4.39,4.46,22673
01/06/2015 12:45:00,4.47,4.57,4.47,4.55,52961
01/06/2015 13:00:00,4.55,4.56,4.52,4.54,28486
01/06/2015 13:15:00,4.55,4.56,4.46,4.46,13303
01/06/2015 13:30:00,4.44,4.485,4.43,4.48,15770
01/06/2015 13:45:00,4.48,4.48,4.4401,4.4401,11830
01/06/2015 14:00:00,4.44,4.455,4.41,4.44,26682
01/06/2015 14:15:00,4.45,4.46,4.4,4.4,29410
01/06/2015 14:30:00,4.4,4.48,4.4,4.48,33522
01/06/2015 14:45:00,4.486,4.52,4.46,4.5,30756
01/06/2015 15:00:00,4.51,4.545,4.5,4.5,32938
01/06/2015 15:15:00,4.51,4.53,4.5,4.51,25526
01/06/2015 15:30:00,4.515,4.55,4.5,4.54,20365
01/06/2015 15:45:00,4.55,4.57,4.54,4.55,45775
01/06/2015 16:00:00,4.55,4.56,4.52,4.53,85330
01/07/2015 09:45:00,4.61,4.7,4.54,4.5401,54411
01/07/2015 10:00:00,4.53,4.62,4.52,4.58,29140
01/07/2015 10:15:00,4.59,4.61,4.53,4.54,25111
01/07/2015 10:30:00,4.54,4.56,4.5,4.52,12641
01/07/2015 10:45:00,4.51,4.51,4.41,4.4338,22476
01/07/2015 11:00:00,4.43,4.46,4.4,4.41,11602
01/07/2015 11:15:00,4.42,4.45,4.39,4.41,19992
01/07/2015 11:30:00,4.42,4.51,4.42,4.47,38158
01/07/2015 11:45:00,4.49,4.51,4.47,4.49,13290
01/07/2015 12:00:00,4.49,4.51,4.48,4.48,18045
01/07/2015 12:15:00,4.49,4.54,4.49,4.53,32444
01/07/2015 12:30:00,4.52,4.53,4.5,4.51,15816
01/07/2015 12:45:00,4.52,4.52,4.47,4.4797,17465
01/07/2015 13:00:00,4.48,4.48,4.4,4.4,12921
01/07/2015 13:15:00,4.41,4.415,4.39,4.39,11576
01/07/2015 13:30:00,4.4,4.4,4.34,4.37,28740
01/07/2015 13:45:00,4.37,4.37,4.34,4.345,8236
01/07/2015 14:00:00,4.35,4.38,4.34,4.36,13371
01/07/2015 14:15:00,4.365,4.38,4.35,4.355,32713
01/07/2015 14:30:00,4.36,4.365,4.33,4.345,22730
01/07/2015 14:45:00,4.34,4.44,4.34,4.41,21132
01/07/2015 15:00:00,4.415,4.415,4.38,4.38,17325
01/07/2015 15:15:00,4.38,4.39,4.37,4.37,30428
01/07/2015 15:30:00,4.36,4.37,4.35,4.37,20795
01/07/2015 15:45:00,4.36,4.37,4.34,4.35,21440
01/07/2015 16:00:00,4.345,4.37,4.34,4.37,71295
01/08/2015 09:45:00,4.39,4.48,4.35,4.43,54784
01/08/2015 10:00:00,4.41,4.54,4.39,4.53,49778
01/08/2015 10:15:00,4.56,4.605,4.52,4.6,32365
01/08/2015 10:30:00,4.605,4.61,4.48,4.48,39961
01/08/2015 10:45:00,4.49,4.61,4.48,4.605,35117
01/08/2015 11:00:00,4.6099,4.61,4.55,4.555,20248
01/08/2015 11:15:00,4.56,4.6,4.55,4.59,48958
01/08/2015 11:30:00,4.59,4.64,4.57,4.57,38678
01/08/2015 11:45:00,4.58,4.59,4.52,4.56,35789
01/08/2015 12:00:00,4.56,4.6,4.56,4.6,15127
01/08/2015 12:15:00,4.59,4.62,4.56,4.57,18101
01/08/2015 12:30:00,4.57,4.57,4.49,4.55,16074
01/08/2015 12:45:00,4.55,4.56,4.54,4.56,15501
01/08/2015 13:00:00,4.56,4.565,4.54,4.56,33340
01/08/2015 13:15:00,4.565,4.565,4.54,4.56,18523
01/08/2015 13:30:00,4.56,4.57,4.55,4.56,44171
01/08/2015 13:45:00,4.56,4.59,4.56,4.59,21402
01/08/2015 14:00:00,4.58,4.58,4.47,4.47,16753
01/08/2015 14:15:00,4.48,4.51,4.47,4.4872,17355
01/08/2015 14:30:00,4.485,4.58,4.48,4.58,20316
01/08/2015 14:45:00,4.58,4.595,4.55,4.55,18235
01/08/2015 15:00:00,4.55,4.56,4.55,4.5584,9542
01/08/2015 15:15:00,4.55,4.57,4.54,4.57,40794
01/08/2015 15:30:00,4.57,4.57,4.55,4.56,38126
01/08/2015 15:45:00,4.56,4.59,4.56,4.58,53557
01/08/2015 16:00:00,4.58,4.6,4.57,4.58,138752
01/09/2015 09:45:00,4.62,4.62,4.53,4.58,15957
01/09/2015 10:00:00,4.59,4.66,4.58,4.59,50057
01/09/2015 10:15:00,4.6,4.78,4.6,4.73,108247
01/09/2015 10:30:00,4.74,4.77,4.68,4.68,47684
01/09/2015 10:45:00,4.68,4.73,4.67,4.7,19878
01/09/2015 11:00:00,4.7,4.7,4.64,4.68,17696
01/09/2015 11:15:00,4.68,4.68,4.57,4.6,23746
01/09/2015 11:30:00,4.59,4.595,4.47,4.515,118702
01/09/2015 11:45:00,4.51,4.57,4.5,4.55,27350
01/09/2015 12:00:00,4.55,4.565,4.53,4.55,13737
01/09/2015 12:15:00,4.54,4.57,4.54,4.56,8263
01/09/2015 12:30:00,4.56,4.565,4.54,4.56,8857
01/09/2015 12:45:00,4.56,4.56,4.54,4.54,11233
01/09/2015 13:00:00,4.54,4.56,4.53,4.53,17946
01/09/2015 13:15:00,4.52,4.57,4.5,4.57,12466
01/09/2015 13:30:00,4.55,4.57,4.55,4.55,8525
01/09/2015 13:45:00,4.56,4.6,4.56,4.59,16946
01/09/2015 14:00:00,4.59,4.64,4.59,4.6361,20443
01/09/2015 14:15:00,4.63,4.75,4.62,4.75,32798
01/09/2015 14:30:00,4.74,4.76,4.72,4.72,26116
01/09/2015 14:45:00,4.72,4.72,4.7,4.71,6076
01/09/2015 15:00:00,4.71,4.72,4.7,4.7,11787
01/09/2015 15:15:00,4.705,4.72,4.69,4.72,12527
01/09/2015 15:30:00,4.73,4.74,4.685,4.69,24511
01/09/2015 15:45:00,4.69,4.74,4.68,4.73,45019
01/09/2015 16:00:00,4.735,4.75,4.71,4.74,124953
01/12/2015 09:45:00,4.66,4.6696,4.54,4.62,39482
01/12/2015 10:00:00,4.6,4.65,4.57,4.65,35133
01/12/2015 10:15:00,4.64,4.69,4.59,4.625,35644
01/12/2015 10:30:00,4.63,4.75,4.62,4.72,54193
01/12/2015 10:45:00,4.72,4.76,4.695,4.735,44669
01/12/2015 11:00:00,4.74,4.78,4.6735,4.78,31270
01/12/2015 11:15:00,4.79,4.824,4.7,4.705,32355
01/12/2015 11:30:00,4.71,4.72,4.675,4.705,24285
01/12/2015 11:45:00,4.7001,4.73,4.7,4.7,21221
01/12/2015 12:00:00,4.7,4.705,4.65,4.65,20457
01/12/2015 12:15:00,4.66,4.665,4.61,4.6172,17876
01/12/2015 12:30:00,4.61,4.635,4.6,4.63,21973
01/12/2015 12:45:00,4.625,4.665,4.625,4.665,13393
01/12/2015 13:00:00,4.66,4.665,4.645,4.65,17561
01/12/2015 13:15:00,4.65,4.66,4.65,4.65,5500
01/12/2015 13:30:00,4.66,4.66,4.63,4.63,27589
01/12/2015 13:45:00,4.635,4.65,4.62,4.65,17837
01/12/2015 14:00:00,4.65,4.69,4.65,4.6699,14937
01/12/2015 14:15:00,4.66,4.67,4.65,4.65,9520
01/12/2015 14:30:00,4.65,4.6599,4.6399,4.6399,39190
01/12/2015 14:45:00,4.635,4.64,4.63,4.635,13362
01/12/2015 15:00:00,4.6335,4.66,4.6335,4.6599,12878
01/12/2015 15:15:00,4.66,4.67,4.64,4.67,25996
01/12/2015 15:30:00,4.67,4.74,4.67,4.72,52620
01/12/2015 15:45:00,4.73,4.73,4.7,4.71,28454
01/12/2015 16:00:00,4.71,4.79,4.71,4.785,139727
01/13/2015 09:45:00,4.8,4.85,4.73,4.76,50913
01/13/2015 10:00:00,4.77,4.86,4.76,4.86,24441
01/13/2015 10:15:00,4.87,4.9,4.81,4.815,72470
01/13/2015 10:30:00,4.81,4.815,4.77,4.8,46731
01/13/2015 10:45:00,4.795,4.9,4.79,4.865,98416
01/13/2015 11:00:00,4.86,4.915,4.84,4.85,68553
01/13/2015 11:15:00,4.85,4.89,4.85,4.85,40805
01/13/2015 11:30:00,4.855,4.88,4.85,4.88,34270
01/13/2015 11:45:00,4.87,4.89,4.85,4.855,36396
01/13/2015 12:00:00,4.85,4.87,4.84,4.85,32124
01/13/2015 12:15:00,4.85,4.875,4.84,4.86,41197
01/13/2015 12:30:00,4.85,4.85,4.8,4.805,15223
01/13/2015 12:45:00,4.81,4.84,4.8,4.8399,24845
01/13/2015 13:00:00,4.83,4.86,4.83,4.84,13666
01/13/2015 13:15:00,4.84,4.845,4.825,4.83,20219
01/13/2015 13:30:00,4.84,4.84,4.8,4.805,44668
01/13/2015 13:45:00,4.8,4.81,4.775,4.78,116569
01/13/2015 14:00:00,4.78,4.79,4.75,4.785,34777
01/13/2015 14:15:00,4.785,4.82,4.775,4.82,64259
01/13/2015 14:30:00,4.81,4.89,4.81,4.88,35145
01/13/2015 14:45:00,4.88,4.8835,4.85,4.85,13961
01/13/2015 15:00:00,4.85,4.85,4.78,4.785,16450
01/13/2015 15:15:00,4.78,4.83,4.76,4.83,49427
01/13/2015 15:30:00,4.825,4.88,4.8216,4.83,44078
01/13/2015 15:45:00,4.83,4.97,4.83,4.95,107135
01/13/2015 16:00:00,4.95,4.96,4.89,4.96,158075
01/14/2015 09:45:00,4.91,5.11,4.91,4.98,38290
01/14/2015 10:00:00,4.97,5.0,4.92,4.92,36158
01/14/2015 10:15:00,4.905,5.01,4.86,4.99,28262
01/14/2015 10:30:00,4.98,5.01,4.96,4.96,25980
01/14/2015 10:45:00,4.96,5.05,4.91,5.03,34162
01/14/2015 11:00:00,5.04,5.06,4.965,4.965,18324
01/14/2015 11:15:00,4.965,4.965,4.895,4.9,17346
01/14/2015 11:30:00,4.895,4.92,4.89,4.89,13599
01/14/2015 11:45:00,4.895,4.92,4.89,4.9,20767
01/14/2015 12:00:00,4.89,4.9,4.82,4.82,21545
01/14/2015 12:15:00,4.825,4.84,4.805,4.805,10800
01/14/2015 12:30:00,4.805,4.86,4.805,4.855,25366
01/14/2015 12:45:00,4.86,4.94,4.85,4.9,29863
01/14/2015 13:00:00,4.91,4.91,4.86,4.895,13885
01/14/2015 13:15:00,4.9,4.91,4.83,4.835,15335
01/14/2015 13:30:00,4.84,4.8599,4.83,4.855,15867
01/14/2015 13:45:00,4.85,4.9,4.84,4.845,23338
01/14/2015 14:00:00,4.85,4.88,4.83,4.845,18090
01/14/2015 14:15:00,4.845,5.03,4.845,5.02,53160
01/14/2015 14:30:00,5.03,5.27,5.02,5.27,160527
01/14/2015 14:45:00,5.27,5.34,5.23,5.23,94832
01/14/2015 15:00:00,5.22,5.22,5.13,5.17,66183
01/14/2015 15:15:00,5.163,5.29,5.155,5.27,82052
01/14/2015 15:30:00,5.29,5.4,5.28,5.35,106785
01/14/2015 15:45:00,5.35,5.4184,5.3,5.395,118998
01/14/2015 16:00:00,5.4,5.47,5.395,5.46,191367
01/15/2015 09:45:00,5.5,5.59,5.12,5.12,61900
01/15/2015 10:00:00,5.13,5.21,5.06,5.08,38909
01/15/2015 10:15:00,5.09,5.19,5.07,5.17,32225
01/15/2015 10:30:00,5.16,5.21,5.04,5.08,44402
01/15/2015 10:45:00,5.09,5.11,4.98,4.98,42590
01/15/2015 11:00:00,4.98,5.01,4.97,4.98,18813
01/15/2015 11:15:00,4.99,5.0,4.97,5.0,20345
01/15/2015 11:30:00,4.99,5.02,4.97,4.975,25167
01/15/2015 11:45:00,4.97,5.08,4.97,5.08,25873
01/15/2015 12:00:00,5.07,5.07,5.0,5.015,71887
01/15/2015 12:15:00,5.015,5.07,5.015,5.04,28356
01/15/2015 12:30:00,5.035,5.04,5.0,5.02,18471
01/15/2015 12:45:00,5.02,5.03,4.98,5.005,46978
01/15/2015 13:00:00,5.0099,5.04,4.98,5.03,22418
01/15/2015 13:15:00,5.03,5.04,5.01,5.01,27170
01/15/2015 13:30:00,5.01,5.03,4.99,4.99,19038
01/15/2015 13:45:00,4.995,4.995,4.93,4.93,46973
01/15/2015 14:00:00,4.93,4.985,4.93,4.97,31626
01/15/2015 14:15:00,4.97,5.01,4.97,5.01,28848
01/15/2015 14:30:00,5.01,5.029,4.99,5.01,45909
01/15/2015 14:45:00,5.01,5.03,4.991,5.005,29708
01/15/2015 15:00:00,5.0,5.02,4.985,5.02,38234
01/15/2015 15:15:00,5.01,5.015,4.995,5.01,33500
01/15/2015 15:30:00,5.01,5.02,4.99,5.01,40418
01/15/2015 15:45:00,5.01,5.03,5.0,5.01,29269
01/15/2015 16:00:00,5.01,5.01,4.98,5.0,252296
01/16/2015 09:45:00,5.05,5.12,4.97,5.102,47635
01/16/2015 10:00:00,5.11,5.2,5.08,5.13,44419
01/16/2015 10:15:00,5.14,5.23,5.14,5.17,33473
01/16/2015 10:30:00,5.17,5.18,5.08,5.16,43013
01/16/2015 10:45:00,5.16,5.24,5.14,5.19,31821
01/16/2015 11:00:00,5.19,5.21,5.14,5.18,16756
01/16/2015 11:15:00,5.16,5.175,5.085,5.1,16697
01/16/2015 11:30:00,5.101,5.11,5.05,5.09,21490
01/16/2015 11:45:00,5.09,5.148,5.085,5.11,13710
01/16/2015 12:00:00,5.11,5.1356,5.06,5.06,17075
01/16/2015 12:15:00,5.05,5.08,4.97,5.01,28047
01/16/2015 12:30:00,5.01,5.05,4.97,5.05,19328
01/16/2015 12:45:00,5.05,5.1,5.05,5.1,13538
01/16/2015 13:00:00,5.1,5.1,5.07,5.08,15472
01/16/2015 13:15:00,5.09,5.14,5.07,5.11,25175
01/16/2015 13:30:00,5.12,5.12,5.08,5.1,8576
01/16/2015 13:45:00,5.11,5.13,5.11,5.12,10029
01/16/2015 14:00:00,5.11,5.15,5.11,5.14,11712
01/16/2015 14:15:00,5.13,5.14,5.115,5.12,22374
01/16/2015 14:30:00,5.13,5.17,5.12,5.16,36948
01/16/2015 14:45:00,5.15,5.21,5.15,5.2,15630
01/16/2015 15:00:00,5.195,5.2,5.18,5.19,20663
01/16/2015 15:15:00,5.185,5.2,5.15,5.15,43765
01/16/2015 15:30:00,5.16,5.2,5.15,5.19,26058
01/16/2015 15:45:00,5.19,5.215,5.18,5.18,51114
01/16/2015 16:00:00,5.18,5.22,5.18,5.22,122516
01/20/2015 09:45:00,5.16,5.17,5.01,5.13,93975
01/20/2015 10:00:00,5.17,5.2,5.09,5.17,24985
01/20/2015 10:15:00,5.1542,5.175,5.1,5.13,45654
01/20/2015 10:30:00,5.13,5.2,5.08,5.2,38361
01/20/2015 10:45:00,5.2,5.215,5.14,5.17,41052
01/20/2015 11:00:00,5.17,5.2252,5.16,5.21,66683
01/20/2015 11:15:00,5.21,5.32,5.21,5.32,67708
01/20/2015 11:30:00,5.32,5.42,5.31,5.4,62732
01/20/2015 11:45:00,5.4,5.42,5.37,5.38,38914
01/20/2015 12:00:00,5.37,5.37,5.32,5.32,33627
01/20/2015 12:15:00,5.321,5.35,5.315,5.315,36812
01/20/2015 12:30:00,5.32,5.385,5.315,5.385,42546
01/20/2015 12:45:00,5.38,5.4,5.37,5.37,32502
01/20/2015 13:00:00,5.37,5.4,5.36,5.36,26333
01/20/2015 13:15:00,5.37,5.37,5.33,5.36,28162
01/20/2015 13:30:00,5.37,5.385,5.31,5.345,43248
01/20/2015 13:45:00,5.34,5.36,5.255,5.3,30904
01/20/2015 14:00:00,5.3,5.315,5.29,5.305,27484
01/20/2015 14:15:00,5.305,5.375,5.3,5.375,38853
01/20/2015 14:30:00,5.37,5.39,5.36,5.38,41022
01/20/2015 14:45:00,5.38,5.38,5.3,5.335,23841
01/20/2015 15:00:00,5.335,5.36,5.32,5.355,21319
01/20/2015 15:15:00,5.36,5.36,5.325,5.34,25843
01/20/2015 15:30:00,5.35,5.3699,5.34,5.34,35813
01/20/2015 15:45:00,5.35,5.38,5.34,5.375,64813
01/20/2015 16:00:00,5.375,5.38,5.34,5.375,126339
01/21/2015 09:45:00,5.4,5.57,5.4,5.49,43168
01/21/2015 10:00:00,5.5,5.64,5.5,5.64,41313
01/21/2015 10:15:00,5.6,5.71,5.57,5.64,57329
01/21/2015 10:30:00,5.63,5.72,5.61,5.63,45488
01/21/2015 10:45:00,5.64,5.73,5.64,5.65,60715
01/21/2015 11:00:00,5.64,5.73,5.62,5.72,43040
01/21/2015 11:15:00,5.71,5.75,5.64,5.655,33165
01/21/2015 11:30:00,5.65,5.66,5.6,5.6,52963
01/21/2015 11:45:00,5.6,5.65,5.56,5.64,45582
01/21/2015 12:00:00,5.645,5.68,5.63,5.67,207255
01/21/2015 12:15:00,5.66,5.78,5.65,5.74,48587
01/21/2015 12:30:00,5.74,5.78,5.73,5.77,21329
01/21/2015 12:45:00,5.76,5.83,5.72,5.79,25828
01/21/2015 13:00:00,5.8,5.84,5.76,5.77,16205
01/21/2015 13:15:00,5.76,5.8,5.73,5.73,36142
01/21/2015 13:30:00,5.73,5.76,5.67,5.68,27181
01/21/2015 13:45:00,5.67,5.7,5.65,5.66,20774
01/21/2015 14:00:00,5.67,5.67,5.62,5.65,27120
01/21/2015 14:15:00,5.65,5.71,5.64,5.71,31420
01/21/2015 14:30:00,5.71,5.75,5.69,5.71,23193
01/21/2015 14:45:00,5.72,5.8,5.715,5.79,34511
01/21/2015 15:00:00,5.8,5.81,5.75,5.75,21925
01/21/2015 15:15:00,5.75,5.75,5.7,5.73,30185
01/21/2015 15:30:00,5.73,5.76,5.72,5.7474,26737
01/21/2015 15:45:00,5.75,5.77,5.74,5.76,38010
01/21/2015 16:00:00,5.76,5.79,5.75,5.79,100692
01/22/2015 09:45:00,5.79,5.9,5.74,5.79,33734
01/22/2015 10:00:00,5.81,5.83,5.62,5.62,52013
01/22/2015 10:15:00,5.6,5.7,5.57,5.69,45892
01/22/2015 10:30:00,5.67,5.75,5.67,5.725,18458
01/22/2015 10:45:00,5.72,5.72,5.62,5.65,42486
01/22/2015 11:00:00,5.65,5.67,5.63,5.66,28925
01/22/2015 11:15:00,5.66,5.6899,5.62,5.68,55437
01/22/2015 11:30:00,5.67,5.7,5.67,5.68,12132
01/22/2015 11:45:00,5.67,5.67,5.63,5.66,25799
01/22/2015 12:00:00,5.66,5.671,5.64,5.67,17899
01/22/2015 12:15:00,5.67,5.71,5.64,5.69,33092
01/22/2015 12:30:00,5.69,5.76,5.68,5.74,37769
01/22/2015 12:45:00,5.75,5.75,5.67,5.68,13753
01/22/2015 13:00:00,5.69,5.74,5.68,5.68,21139
01/22/2015 13:15:00,5.68,5.715,5.64,5.65,21313
01/22/2015 13:30:00,5.65,5.655,5.63,5.63,32655
01/22/2015 13:45:00,5.64,5.66,5.64,5.65,28127
01/22/2015 14:00:00,5.65,5.67,5.64,5.66,24041
01/22/2015 14:15:00,5.65,5.655,5.6,5.61,29781
01/22/2015 14:30:00,5.62,5.665,5.62,5.66,27780
01/22/2015 14:45:00,5.67,5.67,5.62,5.655,32905
01/22/2015 15:00:00,5.65,5.74,5.65,5.74,44287
01/22/2015 15:15:00,5.74,5.75,5.7,5.72,35320
01/22/2015 15:30:00,5.72,5.73,5.69,5.7,23206
01/22/2015 15:45:00,5.695,5.77,5.69,5.77,53404
01/22/2015 16:00:00,5.76,5.86,5.75,5.84,190400
01/23/2015 09:45:00,5.81,5.85,5.63,5.6983,50189
01/23/2015 10:00:00,5.72,5.75,5.67,5.74,27160
01/23/2015 10:15:00,5.75,5.88,5.74,5.82,27941
01/23/2015 10:30:00,5.82,5.82,5.74,5.77,21488
01/23/2015 10:45:00,5.78,5.79,5.67,5.71,39350
01/23/2015 11:00:00,5.7,5.7,5.64,5.695,21660
01/23/2015 11:15:00,5.69,5.78,5.69,5.74,38825
01/23/2015 11:30:00,5.73,5.75,5.69,5.75,13536
01/23/2015 11:45:00,5.74,5.77,5.72,5.77,13177
01/23/2015 12:00:00,5.78,5.83,5.75,5.75,21594
01/23/2015 12:15:00,5.75,5.75,5.68,5.69,14632
01/23/2015 12:30:00,5.69,5.74,5.67,5.74,12112
01/23/2015 12:45:00,5.74,5.74,5.7,5.7,10795
01/23/2015 13:00:00,5.7,5.71,5.69,5.7,24380
01/23/2015 13:15:00,5.7,5.71,5.69,5.7,30719
01/23/2015 13:30:00,5.69,5.71,5.68,5.71,35996
01/23/2015 13:45:00,5.71,5.75,5.69,5.72,41900
01/23/2015 14:00:00,5.72,5.72,5.69,5.72,19602
01/23/2015 14:15:00,5.72,5.73,5.69,5.7,24442
01/23/2015 14:30:00,5.7,5.7126,5.695,5.7,21708
01/23/2015 14:45:00,5.705,5.72,5.7,5.71,15375
01/23/2015 15:00:00,5.71,5.75,5.71,5.72,12602
01/23/2015 15:15:00,5.72,5.72,5.7,5.7184,17442
01/23/2015 15:30:00,5.71,5.72,5.7,5.71,24628
01/23/2015 15:45:00,5.71,5.72,5.69,5.7,54462
01/23/2015 16:00:00,5.7,5.71,5.68,5.7,219002
01/26/2015 09:45:00,5.61,5.67,5.53,5.53,34675
01/26/2015 10:00:00,5.53,5.63,5.46,5.62,33993
01/26/2015 10:15:00,5.59,5.66,5.59,5.65,11689
01/26/2015 10:30:00,5.65,5.67,5.62,5.64,17045
01/26/2015 10:45:00,5.63,5.72,5.62,5.71,18984
01/26/2015 11:00:00,5.71,5.74,5.66,5.67,11047
01/26/2015 11:15:00,5.66,5.66,5.6,5.6,13795
01/26/2015 11:30:00,5.61,5.66,5.58,5.59,27274
01/26/2015 11:45:00,5.6,5.64,5.595,5.61,9676
01/26/2015 12:00:00,5.6,5.62,5.57,5.605,9133
01/26/2015 12:15:00,5.61,5.68,5.595,5.6601,23819
01/26/2015 12:30:00,5.67,5.77,5.67,5.77,33244
01/26/2015 12:45:00,5.77,5.78,5.73,5.73,9809
01/26/2015 13:00:00,5.74,5.75,5.7,5.75,10977
01/26/2015 13:15:00,5.74,5.76,5.69,5.76,11914
01/26/2015 13:30:00,5.76,5.79,5.75,5.78,14124
01/26/2015 13:45:00,5.78,5.82,5.77,5.8,28304
01/26/2015 14:00:00,5.805,5.81,5.7833,5.79,13922
01/26/2015 14:15:00,5.8,5.8,5.75,5.77,18762
01/26/2015 14:30:00,5.78,5.795,5.68,5.71,14305
01/26/2015 14:45:00,5.7,5.71,5.7,5.71,5651
01/26/2015 15:00:00,5.72,5.78,5.71,5.77,19902
01/26/2015 15:15:00,5.77,5.77,5.69,5.71,15952
01/26/2015 15:30:00,5.705,5.71,5.67,5.71,13231
01/26/2015 15:45:00,5.7,5.73,5.695,5.725,29337
01/26/2015 16:00:00,5.73,5.73,5.71,5.72,78700
01/27/2015 09:45:00,5.7,5.9,5.69,5.9,24073
01/27/2015 10:00:00,5.9,5.9,5.72,5.8,41323
01/27/2015 10:15:00,5.82,5.88,5.8,5.82,22251
01/27/2015 10:30:00,5.83,5.89,5.76,5.86,18979
01/27/2015 10:45:00,5.86,5.93,5.84,5.92,21674
01/27/2015 11:00:00,5.92,5.96,5.9,5.95,20529
01/27/2015 11:15:00,5.95,5.95,5.88,5.92,17544
01/27/2015 11:30:00,5.91,6.06,5.91,6.05,53553
01/27/2015 11:45:00,6.06,6.21,6.06,6.18,88714
01/27/2015 12:00:00,6.18,6.18,6.09,6.1,119099
01/27/2015 12:15:00,6.09,6.14,6.09,6.13,25128
01/27/2015 12:30:00,6.14,6.24,6.12,6.24,50089
01/27/2015 12:45:00,6.24,6.26,6.14,6.18,37884
01/27/2015 13:00:00,6.18,6.2,6.135,6.15,22625
01/27/2015 13:15:00,6.16,6.17,6.13,6.14,64201
01/27/2015 13:30:00,6.14,6.2,6.1,6.11,66198
01/27/2015 13:45:00,6.11,6.14,6.08,6.095,29476
01/27/2015 14:00:00,6.0999,6.16,6.09,6.15,52920
01/27/2015 14:15:00,6.14,6.23,6.14,6.22,50751
01/27/2015 14:30:00,6.23,6.24,6.19,6.19,35334
01/27/2015 14:45:00,6.18,6.18,6.14,6.17,27290
01/27/2015 15:00:00,6.16,6.19,6.13,6.135,22235
01/27/2015 15:15:00,6.13,6.14,6.09,6.1,46881
01/27/2015 15:30:00,6.11,6.1399,6.09,6.12,48836
01/27/2015 15:45:00,6.13,6.24,6.125,6.23,77568
01/27/2015 16:00:00,6.235,6.25,6.18,6.21,130666
01/28/2015 09:45:00,6.14,6.14,5.9,5.98,48687
01/28/2015 10:00:00,5.96,5.97,5.85,5.9,29933
01/28/2015 10:15:00,5.86,5.98,5.86,5.91,28825
01/28/2015 10:30:00,5.91,6.02,5.88,5.88,87675
01/28/2015 10:45:00,5.89,6.04,5.89,5.98,28500
01/28/2015 11:00:00,5.97,5.97,5.88,5.96,22917
01/28/2015 11:15:00,5.95,6.09,5.95,6.05,27558
01/28/2015 11:30:00,6.02,6.05,5.92,5.93,19962
01/28/2015 11:45:00,5.92,5.95,5.88,5.89,12776
01/28/2015 12:00:00,5.89,5.89,5.8,5.82,21207
01/28/2015 12:15:00,5.82,5.94,5.8,5.92,20405
01/28/2015 12:30:00,5.93,6.0,5.925,5.99,24126
01/28/2015 12:45:00,5.99,6.04,5.93,5.94,40121
01/28/2015 13:00:00,5.93,5.97,5.93,5.93,12635
01/28/2015 13:15:00,5.93,5.99,5.9,5.91,27318
01/28/2015 13:30:00,5.92,5.97,5.9,5.95,13828
01/28/2015 13:45:00,5.965,5.965,5.89,5.89,19889
01/28/2015 14:00:00,5.89,5.9,5.86,5.89,11856
01/28/2015 14:15:00,5.88,5.88,5.79,5.83,37208
01/28/2015 14:30:00,5.83,5.83,5.78,5.79,14170
01/28/2015 14:45:00,5.79,5.81,5.77,5.785,21298
01/28/2015 15:00:00,5.8,5.8,5.77,5.7785,20300
01/28/2015 15:15:00,5.775,5.8,5.75,5.755,34078
01/28/2015 15:30:00,5.755,5.755,5.6601,5.73,71641
01/28/2015 15:45:00,5.73,5.73,5.64,5.66,82999
01/28/2015 16:00:00,5.64,5.75,5.64,5.75,200819
01/29/2015 09:45:00,5.83,5.86,5.64,5.66,64602
01/29/2015 10:00:00,5.65,5.67,5.52,5.67,49426
01/29/2015 10:15:00,5.66,5.67,5.5,5.52,59823
01/29/2015 10:30:00,5.52,5.58,5.45,5.58,33995
01/29/2015 10:45:00,5.57,5.57,5.41,5.43,76410
01/29/2015 11:00:00,5.43,5.47,5.32,5.34,69809
01/29/2015 11:15:00,5.34,5.37,5.28,5.37,40225
01/29/2015 11:30:00,5.37,5.56,5.37,5.56,65168
01/29/2015 11:45:00,5.56,5.67,5.54,5.58,56718
01/29/2015 12:00:00,5.58,5.605,5.535,5.58,24355
01/29/2015 12:15:00,5.59,5.61,5.52,5.56,30262
01/29/2015 12:30:00,5.56,5.56,5.46,5.4601,15958
01/29/2015 12:45:00,5.46,5.525,5.46,5.48,19104
01/29/2015 13:00:00,5.47,5.49,5.42,5.46,18139
01/29/2015 13:15:00,5.46,5.5,5.45,5.5,17093
01/29/2015 13:30:00,5.5,5.65,5.495,5.64,27391
01/29/2015 13:45:00,5.64,5.7153,5.62,5.71,38917
01/29/2015 14:00:00,5.7,5.72,5.59,5.59,26737
01/29/2015 14:15:00,5.59,5.62,5.53,5.56,28075
01/29/2015 14:30:00,5.57,5.65,5.57,5.65,20938
01/29/2015 14:45:00,5.66,5.73,5.66,5.67,28669
01/29/2015 15:00:00,5.68,5.695,5.64,5.68,12614
01/29/2015 15:15:00,5.68,5.72,5.67,5.71,26549
01/29/2015 15:30:00,5.713,5.845,5.71,5.83,52296
01/29/2015 15:45:00,5.83,5.88,5.83,5.8332,75961
01/29/2015 16:00:00,5.835,5.86,5.83,5.85,207910
01/30/2015 09:45:00,5.79,5.92,5.61,5.92,57643
01/30/2015 10:00:00,5.89,5.92,5.78,5.92,21334
01/30/2015 10:15:00,5.89,5.89,5.69,5.75,26970
01/30/2015 10:30:00,5.74,5.83,5.74,5.8,16638
01/30/2015 10:45:00,5.8,5.85,5.74,5.83,17145
01/30/2015 11:00:00,5.84,5.84,5.7,5.7,17695
01/30/2015 11:15:00,5.69,5.69,5.58,5.61,19462
01/30/2015 11:30:00,5.62,5.73,5.58,5.71,18249
01/30/2015 11:45:00,5.73,5.73,5.66,5.66,7844
01/30/2015 12:00:00,5.66,5.67,5.58,5.58,13401
01/30/2015 12:15:00,5.58,5.63,5.56,5.58,18836
01/30/2015 12:30:00,5.57,5.61,5.57,5.61,6452
01/30/2015 12:45:00,5.61,5.67,5.61,5.61,11580
01/30/2015 13:00:00,5.59,5.63,5.59,5.62,15607
01/30/2015 13:15:00,5.62,5.63,5.56,5.56,20624
01/30/2015 13:30:00,5.56,5.62,5.56,5.61,10316
01/30/2015 13:45:00,5.6,5.64,5.59,5.64,63916
01/30/2015 14:00:00,5.64,5.69,5.62,5.68,76464
01/30/2015 14:15:00,5.68,5.68,5.62,5.62,67039
01/30/2015 14:30:00,5.62,5.65,5.61,5.64,122259
01/30/2015 14:45:00,5.64,5.66,5.56,5.6,65817
01/30/2015 15:00:00,5.6,5.62,5.52,5.53,47697
01/30/2015 15:15:00,5.53,5.62,5.53,5.6,67347
01/30/2015 15:30:00,5.59,5.61,5.53,5.6,59928
01/30/2015 15:45:00,5.59,5.6,5.54,5.575,62109
01/30/2015 16:00:00,5.58,5.59,5.54,5.54,107797
02/02/2015 09:45:00,5.64,5.77,5.601,5.77,45483
02/02/2015 10:00:00,5.76,5.91,5.72,5.895,42011
02/02/2015 10:15:00,5.87,5.88,5.72,5.74,31979
02/02/2015 10:30:00,5.76,5.79,5.69,5.76,39735
02/02/2015 10:45:00,5.76,5.77,5.65,5.69,33993
02/02/2015 11:00:00,5.68,5.69,5.565,5.605,38931
02/02/2015 11:15:00,5.6,5.64,5.59,5.63,35823
02/02/2015 11:30:00,5.625,5.7699,5.62,5.7699,56532
02/02/2015 11:45:00,5.765,5.77,5.67,5.71,52234
02/02/2015 12:00:00,5.71,5.79,5.705,5.78,44084
02/02/2015 12:15:00,5.77,5.79,5.73,5.74,33042
02/02/2015 12:30:00,5.75,5.85,5.74,5.8,19924
02/02/2015 12:45:00,5.8,5.86,5.79,5.85,17158
02/02/2015 13:00:00,5.84,5.89,5.81,5.86,21899
02/02/2015 13:15:00,5.86,5.89,5.82,5.845,13657
02/02/2015 13:30:00,5.85,5.86,5.81,5.85,11140
02/02/2015 13:45:00,5.85,5.85,5.765,5.77,18921
02/02/2015 14:00:00,5.78,5.78,5.74,5.75,48291
02/02/2015 14:15:00,5.75,5.76,5.71,5.74,22297
02/02/2015 14:30:00,5.75,5.77,5.74,5.74,58167
02/02/2015 14:45:00,5.74,5.76,5.74,5.76,34998
02/02/2015 15:00:00,5.77,5.79,5.765,5.79,34182
02/02/2015 15:15:00,5.785,5.79,5.77,5.79,46133
02/02/2015 15:30:00,5.8,5.91,5.8,5.9,45772
02/02/2015 15:45:00,5.9,5.94,5.89,5.94,124138
02/02/2015 16:00:00,5.94,5.94,5.89,5.92,188694
02/03/2015 09:45:00,6.0,6.22,5.9501,6.13,77111
02/03/2015 10:00:00,6.15,6.25,6.1,6.22,49165
02/03/2015 10:15:00,6.22,6.32,6.21,6.22,54401
02/03/2015 10:30:00,6.21,6.27,6.14,6.15,37140
02/03/2015 10:45:00,6.14,6.2,6.09,6.09,37027
02/03/2015 11:00:00,6.09,6.12,6.04,6.06,35869
02/03/2015 11:15:00,6.05,6.05,5.97,5.98,40079
02/03/2015 11:30:00,5.97,6.05,5.97,6.03,35159
02/03/2015 11:45:00,6.04,6.06,5.965,6.01,22339
02/03/2015 12:00:00,6.0,6.01,5.98,5.99,18850
02/03/2015 12:15:00,5.99,5.99,5.83,5.84,91067
02/03/2015 12:30:00,5.85,5.88,5.8,5.86,52355
02/03/2015 12:45:00,5.84,5.93,5.82,5.92,29939
02/03/2015 13:00:00,5.92,5.96,5.83,5.91,42553
02/03/2015 13:15:00,5.91,6.07,5.91,6.04,25517
02/03/2015 13:30:00,6.04,6.11,6.02,6.11,41104
02/03/2015 13:45:00,6.13,6.24,6.1,6.24,64992
02/03/2015 14:00:00,6.24,6.29,6.24,6.27,35079
02/03/2015 14:15:00,6.29,6.33,6.17,6.17,65425
02/03/2015 14:30:00,6.17,6.18,5.96,5.98,73937
02/03/2015 14:45:00,5.98,6.02,5.89,6.01,56245
02/03/2015 15:00:00,6.01,6.06,5.95,6.06,40213
02/03/2015 15:15:00,6.05,6.08,6.0,6.0,35544
02/03/2015 15:30:00,6.0,6.01,5.9799,5.98,47005
02/03/2015 15:45:00,5.98,5.99,5.94,5.965,60089
02/03/2015 16:00:00,5.97,6.02,5.9601,6.0,155943
02/04/2015 09:45:00,5.85,5.96,5.79,5.96,38296
02/04/2015 10:00:00,5.95,5.95,5.81,5.91,27316
02/04/2015 10:15:00,5.9,5.97,5.77,5.8,78793
02/04/2015 10:30:00,5.79,5.81,5.7,5.7,36944
02/04/2015 10:45:00,5.7,5.7,5.55,5.7,93665
02/04/2015 11:00:00,5.7,5.76,5.66,5.75,49450
02/04/2015 11:15:00,5.74,5.78,5.68,5.75,37181
02/04/2015 11:30:00,5.75,5.77,5.7,5.72,35149
02/04/2015 11:45:00,5.72,5.74,5.685,5.69,44877
02/04/2015 12:00:00,5.69,5.73,5.67,5.68,26052
02/04/2015 12:15:00,5.675,5.73,5.665,5.71,16544
02/04/2015 12:30:00,5.71,5.8,5.71,5.72,17393
02/04/2015 12:45:00,5.72,5.77,5.685,5.69,23264
02/04/2015 13:00:00,5.69,5.75,5.69,5.69,21298
02/04/2015 13:15:00,5.69,5.76,5.68,5.75,17746
02/04/2015 13:30:00,5.75,5.79,5.71,5.755,29640
02/04/2015 13:45:00,5.76,5.77,5.7,5.72,23219
02/04/2015 14:00:00,5.7,5.71,5.65,5.655,39651
02/04/2015 14:15:00,5.66,5.69,5.575,5.6,77265
02/04/2015 14:30:00,5.6,5.67,5.56,5.645,41672
02/04/2015 14:45:00,5.645,5.78,5.645,5.75,46747
02/04/2015 15:00:00,5.745,5.775,5.73,5.775,19642
02/04/2015 15:15:00,5.77,5.77,5.73,5.74,17517
02/04/2015 15:30:00,5.75,5.83,5.75,5.83,30231
02/04/2015 15:45:00,5.84,5.88,5.7984,5.82,62204
02/04/2015 16:00:00,5.83,5.88,5.82,5.87,112472
02/05/2015 09:45:00,5.9,6.02,5.83,5.86,39198
02/05/2015 10:00:00,5.9,6.0,5.83,5.84,46758
02/05/2015 10:15:00,5.85,6.04,5.82,6.0056,25722
02/05/2015 10:30:00,6.0,6.06,5.9,5.93,25441
02/05/2015 10:45:00,5.91,5.92,5.83,5.86,28244
02/05/2015 11:00:00,5.85,5.8899,5.79,5.8,38372
02/05/2015 11:15:00,5.82,5.84,5.79,5.8,21520
02/05/2015 11:30:00,5.81,5.93,5.81,5.87,25016
02/05/2015 11:45:00,5.89,5.96,5.87,5.96,40301
02/05/2015 12:00:00,5.96,6.01,5.93,5.94,28284
02/05/2015 12:15:00,5.94,5.94,5.87,5.91,14170
02/05/2015 12:30:00,5.91,5.93,5.84,5.86,26705
02/05/2015 12:45:00,5.86,5.88,5.8,5.82,32488
02/05/2015 13:00:00,5.81,5.82,5.76,5.77,23757
02/05/2015 13:15:00,5.78,5.86,5.76,5.85,28956
02/05/2015 13:30:00,5.86,5.88,5.8,5.88,20469
02/05/2015 13:45:00,5.89,5.89,5.84,5.84,9964
02/05/2015 14:00:00,5.84,5.84,5.75,5.75,35394
02/05/2015 14:15:00,5.75,5.77,5.68,5.76,45203
02/05/2015 14:30:00,5.75,5.83,5.75,5.83,26694
02/05/2015 14:45:00,5.82,5.85,5.7,5.7,74019
02/05/2015 15:00:00,5.7,5.81,5.68,5.77,61265
02/05/2015 15:15:00,5.77,5.77,5.685,5.7,49754
02/05/2015 15:30:00,5.695,5.75,5.685,5.75,39738
02/05/2015 15:45:00,5.75,5.76,5.73,5.73,29398
02/05/2015 16:00:00,5.735,5.75,5.7,5.71,117576
02/06/2015 09:45:00,5.71,5.82,5.68,5.6975,24345
02/06/2015 10:00:00,5.7,5.795,5.63,5.795,37122
02/06/2015 10:15:00,5.79,5.84,5.78,5.82,32696
02/06/2015 10:30:00,5.8158,5.84,5.76,5.79,36704
02/06/2015 10:45:00,5.78,5.8,5.61,5.61,66701
02/06/2015 11:00:00,5.62,5.66,5.59,5.66,31477
02/06/2015 11:15:00,5.66,5.7,5.64,5.66,38540
02/06/2015 11:30:00,5.66,5.72,5.66,5.68,37786
02/06/2015 11:45:00,5.67,5.6899,5.64,5.66,18765
02/06/2015 12:00:00,5.6631,5.67,5.61,5.6442,36924
02/06/2015 12:15:00,5.64,5.66,5.61,5.625,27120
02/06/2015 12:30:00,5.62,5.69,5.61,5.69,18917
02/06/2015 12:45:00,5.69,5.75,5.69,5.71,27827
02/06/2015 13:00:00,5.7,5.75,5.7,5.72,27534
02/06/2015 13:15:00,5.725,5.77,5.62,5.63,36274
02/06/2015 13:30:00,5.6399,5.7,5.63,5.7,19665
02/06/2015 13:45:00,5.7,5.74,5.68,5.74,27047
02/06/2015 14:00:00,5.74,5.75,5.7,5.72,19801
02/06/2015 14:15:00,5.72,5.74,5.695,5.705,13895
02/06/2015 14:30:00,5.705,5.75,5.705,5.73,23536
02/06/2015 14:45:00,5.725,5.78,5.72,5.76,45776
02/06/2015 15:00:00,5.755,5.77,5.7156,5.765,49738
02/06/2015 15:15:00,5.77,5.77,5.72,5.72,48185
02/06/2015 15:30:00,5.725,5.73,5.66,5.66,75746
02/06/2015 15:45:00,5.67,5.675,5.63,5.63,175259
02/06/2015 16:00:00,5.625,5.655,5.61,5.62,247981
02/09/2015 09:45:00,5.7,5.79,5.63,5.78,28945
02/09/2015 10:00:00,5.79,5.83,5.75,5.77,44555
02/09/2015 10:15:00,5.78,5.84,5.75,5.79,37178
02/09/2015 10:30:00,5.8,5.84,5.8,5.83,36982
02/09/2015 10:45:00,5.83,5.88,5.76,5.76,59175
02/09/2015 11:00:00,5.76,5.76,5.66,5.6701,31038
02/09/2015 11:15:00,5.69,5.77,5.69,5.73,48270
02/09/2015 11:30:00,5.74,5.75,5.67,5.68,20597
02/09/2015 11:45:00,5.69,5.7,5.64,5.67,26837
02/09/2015 12:00:00,5.67,5.71,5.67,5.7,15818
02/09/2015 12:15:00,5.705,5.71,5.675,5.68,24371
02/09/2015 12:30:00,5.68,5.68,5.65,5.65,19314
02/09/2015 12:45:00,5.66,5.66,5.63,5.63,22831
02/09/2015 13:00:00,5.635,5.65,5.621,5.64,15600
02/09/2015 13:15:00,5.64,5.65,5.63,5.64,27622
02/09/2015 13:30:00,5.65,5.67,5.65,5.65,8318
02/09/2015 13:45:00,5.64,5.71,5.64,5.695,27271
02/09/2015 14:00:00,5.69,5.77,5.68,5.75,80714
02/09/2015 14:15:00,5.75,5.75,5.7,5.7,28254
02/09/2015 14:30:00,5.7,5.7,5.64,5.66,21792
02/09/2015 14:45:00,5.66,5.7,5.66,5.7,9510
02/09/2015 15:00:00,5.7,5.72,5.68,5.705,34261
02/09/2015 15:15:00,5.71,5.71,5.66,5.66,25310
02/09/2015 15:30:00,5.66,5.66,5.63,5.65,25836
02/09/2015 15:45:00,5.65,5.66,5.615,5.62,57488
02/09/2015 16:00:00,5.62,5.63,5.59,5.59,126018
02/10/2015 09:45:00,5.61,5.64,5.5,5.54,46139
02/10/2015 10:00:00,5.55,5.63,5.39,5.4,64231
02/10/2015 10:15:00,5.4,5.44,5.3,5.35,62056
02/10/2015 10:30:00,5.35,5.35,5.26,5.316,35796
02/10/2015 10:45:00,5.33,5.45,5.3,5.4449,67473
02/10/2015 11:00:00,5.45,5.46,5.38,5.38,49756
02/10/2015 11:15:00,5.39,5.39,5.34,5.35,19534
02/10/2015 11:30:00,5.35,5.41,5.32,5.38,83581
02/10/2015 11:45:00,5.39,5.42,5.38,5.39,23332
02/10/2015 12:00:00,5.4,5.42,5.39,5.41,26261
02/10/2015 12:15:00,5.41,5.43,5.39,5.41,26283
02/10/2015 12:30:00,5.41,5.49,5.41,5.47,37732
02/10/2015 12:45:00,5.46,5.46,5.38,5.385,50526
02/10/2015 13:00:00,5.39,5.39,5.345,5.365,42062
02/10/2015 13:15:00,5.37,5.395,5.35,5.365,45091
02/10/2015 13:30:00,5.37,5.37,5.21,5.21,77772
02/10/2015 13:45:00,5.21,5.2399,5.2,5.215,43602
02/10/2015 14:00:00,5.215,5.22,5.165,5.17,79720
02/10/2015 14:15:00,5.17,5.21,5.17,5.175,30044
02/10/2015 14:30:00,5.175,5.21,5.17,5.185,44937
02/10/2015 14:45:00,5.19,5.21,5.175,5.175,39022
02/10/2015 15:00:00,5.18,5.21,5.18,5.21,40561
02/10/2015 15:15:00,5.22,5.28,5.205,5.27,40710
02/10/2015 15:30:00,5.27,5.275,5.26,5.27,29254
02/10/2015 15:45:00,5.27,5.27,5.23,5.23,109992
02/10/2015 16:00:00,5.235,5.25,5.22,5.245,140178
02/11/2015 09:45:00,5.2,5.285,5.11,5.285,105855
02/11/2015 10:00:00,5.3,5.46,5.24,5.3,37492
02/11/2015 10:15:00,5.29,5.41,5.24,5.41,37149
02/11/2015 10:30:00,5.415,5.5,5.41,5.42,40403
02/11/2015 10:45:00,5.41,5.53,5.37,5.52,42887
02/11/2015 11:00:00,5.51,5.63,5.51,5.59,56422
02/11/2015 11:15:00,5.58,5.65,5.575,5.6,22854
02/11/2015 11:30:00,5.6,5.62,5.54,5.6,57328
02/11/2015 11:45:00,5.6,5.665,5.58,5.63,32129
02/11/2015 12:00:00,5.635,5.695,5.63,5.65,33632
02/11/2015 12:15:00,5.645,5.76,5.63,5.71,50818
02/11/2015 12:30:00,5.7,5.81,5.7,5.81,43707
02/11/2015 12:45:00,5.81,5.84,5.76,5.76,123485
02/11/2015 13:00:00,5.76,5.82,5.745,5.76,84232
02/11/2015 13:15:00,5.75,5.75,5.56,5.57,51614
02/11/2015 13:30:00,5.56,5.59,5.51,5.58,25272
02/11/2015 13:45:00,5.58,5.58,5.52,5.55,16264
02/11/2015 14:00:00,5.55,5.55,5.47,5.52,24182
02/11/2015 14:15:00,5.53,5.54,5.5,5.52,20306
02/11/2015 14:30:00,5.52,5.6,5.52,5.6,29778
02/11/2015 14:45:00,5.6,5.62,5.58,5.62,20640
02/11/2015 15:00:00,5.62,5.68,5.615,5.67,29452
02/11/2015 15:15:00,5.67,5.72,5.67,5.685,31546
02/11/2015 15:30:00,5.69,5.7,5.67,5.6801,35481
02/11/2015 15:45:00,5.68,5.7,5.68,5.69,45539
02/11/2015 16:00:00,5.69,5.69,5.66,5.67,92956
02/12/2015 09:45:00,5.78,5.99,5.78,5.97,100352
02/12/2015 10:00:00,5.97,6.11,5.94,5.94,93230
02/12/2015 10:15:00,5.94,6.08,5.88,6.06,141541
02/12/2015 10:30:00,6.05,6.1,6.0,6.04,120052
02/12/2015 10:45:00,6.03,6.08,5.93,5.98,124223
02/12/2015 11:00:00,5.97,5.97,5.9,5.92,17927
02/12/2015 11:15:00,5.92,5.94,5.87,5.9,34305
02/12/2015 11:30:00,5.9,5.93,5.845,5.85,52286
02/12/2015 11:45:00,5.85,5.87,5.81,5.87,24473
02/12/2015 12:00:00,5.88,5.93,5.86,5.925,38757
02/12/2015 12:15:00,5.92,5.99,5.91,5.98,100275
02/12/2015 12:30:00,5.98,6.0,5.9,5.94,39318
02/12/2015 12:45:00,5.95,5.965,5.9,5.9,39611
02/12/2015 13:00:00,5.9,6.0,5.9,5.94,24976
02/12/2015 13:15:00,5.95,5.99,5.92,5.96,27005
02/12/2015 13:30:00,5.97,6.04,5.97,6.02,33115
02/12/2015 13:45:00,6.0128,6.0128,5.93,5.99,22731
02/12/2015 14:00:00,6.0,6.02,5.94,5.95,69423
02/12/2015 14:15:00,5.95,6.06,5.925,6.06,44456
02/12/2015 14:30:00,6.06,6.07,5.94,5.96,49912
02/12/2015 14:45:00,5.97,6.03,5.97,6.02,29458
02/12/2015 15:00:00,6.02,6.05,6.0,6.03,26406
02/12/2015 15:15:00,6.03,6.03,5.94,5.945,28566
02/12/2015 15:30:00,5.95,5.95,5.91,5.91,22450
02/12/2015 15:45:00,5.91,5.92,5.88,5.9,39432
02/12/2015 16:00:00,5.9,5.93,5.9,5.91,68765
02/13/2015 09:45:00,6.03,6.07,5.92,5.99,27015
02/13/2015 10:00:00,6.01,6.1,5.99,6.0,15138
02/13/2015 10:15:00,6.0,6.05,5.97,6.03,49385
02/13/2015 10:30:00,6.03,6.04,5.93,5.935,27413
02/13/2015 10:45:00,5.96,5.97,5.93,5.93,49165
02/13/2015 11:00:00,5.93,5.99,5.93,5.98,28772
02/13/2015 11:15:00,5.98,6.03,5.93,5.93,23098
02/13/2015 11:30:00,5.93,5.94,5.87,5.87,30663
02/13/2015 11:45:00,5.87,5.94,5.85,5.9,30378
02/13/2015 12:00:00,5.91,5.91,5.83,5.86,10105
02/13/2015 12:15:00,5.86,5.89,5.85,5.88,66253
02/13/2015 12:30:00,5.88,5.91,5.87,5.89,21496
02/13/2015 12:45:00,5.89,5.93,5.88,5.89,37329
02/13/2015 13:00:00,5.89,5.91,5.86,5.9,20230
02/13/2015 13:15:00,5.9,5.95,5.89,5.94,22314
02/13/2015 13:30:00,5.94,5.94,5.87,5.87,19336
02/13/2015 13:45:00,5.86,5.86,5.8,5.8,16518
02/13/2015 14:00:00,5.79,5.81,5.77,5.79,26235
02/13/2015 14:15:00,5.78,5.9,5.78,5.88,25138
02/13/2015 14:30:00,5.89,5.95,5.88,5.94,34875
02/13/2015 14:45:00,5.94,6.0,5.93,5.98,33110
02/13/2015 15:00:00,5.98,5.98,5.92,5.92,21648
02/13/2015 15:15:00,5.92,5.945,5.905,5.91,34282
02/13/2015 15:30:00,5.91,5.92,5.89,5.9,25650
02/13/2015 15:45:00,5.905,5.92,5.86,5.87,63431
02/13/2015 16:00:00,5.875,5.885,5.84,5.86,85147
02/17/2015 09:45:00,5.82,5.84,5.71,5.72,53864
02/17/2015 10:00:00,5.72,5.78,5.71,5.7799,27911
02/17/2015 10:15:00,5.78,5.81,5.73,5.8,16897
02/17/2015 10:30:00,5.78,5.78,5.69,5.705,40239
02/17/2015 10:45:00,5.71,5.8,5.71,5.76,40953
02/17/2015 11:00:00,5.76,5.78,5.74,5.75,35934
02/17/2015 11:15:00,5.76,5.76,5.66,5.67,63114
02/17/2015 11:30:00,5.67,5.74,5.66,5.74,33406
02/17/2015 11:45:00,5.73,5.78,5.71,5.78,23246
02/17/2015 12:00:00,5.78,5.79,5.725,5.74,19459
02/17/2015 12:15:00,5.735,5.76,5.73,5.75,23712
02/17/2015 12:30:00,5.745,5.765,5.725,5.74,17710
02/17/2015 12:45:00,5.74,5.76,5.735,5.74,8979
02/17/2015 13:00:00,5.74,5.74,5.72,5.735,8207
02/17/2015 13:15:00,5.74,5.77,5.735,5.76,21994
02/17/2015 13:30:00,5.76,5.77,5.75,5.76,17439
02/17/2015 13:45:00,5.77,5.78,5.76,5.77,36055
02/17/2015 14:00:00,5.775,5.8,5.775,5.795,20160
02/17/2015 14:15:00,5.79,5.84,5.78,5.84,49234
02/17/2015 14:30:00,5.84,5.88,5.825,5.83,83172
02/17/2015 14:45:00,5.83,5.86,5.81,5.845,37283
02/17/2015 15:00:00,5.84,5.845,5.79,5.799,49547
02/17/2015 15:15:00,5.8,5.81,5.75,5.8,34902
02/17/2015 15:30:00,5.8,5.805,5.78,5.79,28709
02/17/2015 15:45:00,5.7916,5.8,5.78,5.79,21193
02/17/2015 16:00:00,5.79,5.79,5.73,5.74,134041
02/18/2015 09:45:00,5.64,5.84,5.64,5.74,11108
02/18/2015 10:00:00,5.75,5.8,5.62,5.63,39953
02/18/2015 10:15:00,5.64,5.65,5.51,5.51,72577
02/18/2015 10:30:00,5.53,5.6,5.53,5.59,26860
02/18/2015 10:45:00,5.59,5.64,5.56,5.63,18950
02/18/2015 11:00:00,5.63,5.73,5.63,5.72,21239
02/18/2015 11:15:00,5.71,5.72,5.62,5.63,15213
02/18/2015 11:30:00,5.64,5.65,5.6,5.62,13064
02/18/2015 11:45:00,5.62,5.63,5.58,5.59,30225
02/18/2015 12:00:00,5.58,5.58,5.56,5.57,20227
02/18/2015 12:15:00,5.57,5.57,5.53,5.53,40898
02/18/2015 12:30:00,5.53,5.54,5.52,5.5399,23867
02/18/2015 12:45:00,5.54,5.55,5.51,5.51,36675
02/18/2015 13:00:00,5.52,5.5301,5.51,5.51,16234
02/18/2015 13:15:00,5.51,5.545,5.51,5.52,13921
02/18/2015 13:30:00,5.53,5.56,5.53,5.55,23680
02/18/2015 13:45:00,5.54,5.59,5.54,5.59,17991
02/18/2015 14:00:00,5.6,5.61,5.59,5.61,16536
02/18/2015 14:15:00,5.61,5.65,5.56,5.58,22376
02/18/2015 14:30:00,5.57,5.6,5.56,5.56,11103
02/18/2015 14:45:00,5.565,5.59,5.55,5.55,11001
02/18/2015 15:00:00,5.555,5.56,5.52,5.55,10094
02/18/2015 15:15:00,5.555,5.5601,5.53,5.535,16879
02/18/2015 15:30:00,5.53,5.535,5.5,5.5,25505
02/18/2015 15:45:00,5.5,5.53,5.49,5.52,80493
02/18/2015 16:00:00,5.52,5.55,5.505,5.53,81365
02/19/2015 09:45:00,5.4,5.4499,5.2,5.33,65897
02/19/2015 10:00:00,5.31,5.32,5.25,5.26,38639
02/19/2015 10:15:00,5.26,5.39,5.26,5.37,25296
02/19/2015 10:30:00,5.38,5.38,5.28,5.31,45394
02/19/2015 10:45:00,5.31,5.315,5.215,5.28,44797
02/19/2015 11:00:00,5.275,5.29,5.235,5.26,25327
02/19/2015 11:15:00,5.28,5.37,5.22,5.23,51387
02/19/2015 11:30:00,5.22,5.31,5.19,5.31,60102
02/19/2015 11:45:00,5.31,5.4,5.31,5.4,41148
02/19/2015 12:00:00,5.4063,5.44,5.345,5.35,29345
02/19/2015 12:15:00,5.345,5.38,5.345,5.38,19709
02/19/2015 12:30:00,5.39,5.39,5.365,5.365,19309
02/19/2015 12:45:00,5.365,5.37,5.34,5.35,26825
02/19/2015 13:00:00,5.35,5.45,5.35,5.43,45526
02/19/2015 13:15:00,5.44,5.47,5.44,5.445,32043
02/19/2015 13:30:00,5.445,5.46,5.405,5.41,31009
02/19/2015 13:45:00,5.4,5.43,5.4,5.42,33790
02/19/2015 14:00:00,5.41,5.52,5.395,5.52,66086
02/19/2015 14:15:00,5.52,5.53,5.44,5.44,76052
02/19/2015 14:30:00,5.45,5.5,5.44,5.44,48495
02/19/2015 14:45:00,5.44,5.46,5.43,5.445,79978
02/19/2015 15:00:00,5.445,5.48,5.44,5.48,42216
02/19/2015 15:15:00,5.47,5.495,5.47,5.49,57294
02/19/2015 15:30:00,5.48,5.5,5.475,5.48,39367
02/19/2015 15:45:00,5.48,5.5,5.475,5.49,50560
02/19/2015 16:00:00,5.48,5.49,5.44,5.44,129521
02/20/2015 09:45:00,5.46,5.47,5.32,5.34,34420
02/20/2015 10:00:00,5.348,5.35,5.24,5.3,45862
02/20/2015 10:15:00,5.3,5.37,5.27,5.33,16510
02/20/2015 10:30:00,5.33,5.35,5.3,5.31,22394
02/20/2015 10:45:00,5.3,5.37,5.275,5.37,15722
02/20/2015 11:00:00,5.38,5.41,5.37,5.395,27219
02/20/2015 11:15:00,5.395,5.48,5.39,5.48,40727
02/20/2015 11:30:00,5.48,5.485,5.415,5.42,15691
02/20/2015 11:45:00,5.425,5.43,5.35,5.37,11415
02/20/2015 12:00:00,5.37,5.39,5.35,5.37,14232
02/20/2015 12:15:00,5.37,5.38,5.335,5.35,30293
02/20/2015 12:30:00,5.35,5.36,5.32,5.32,14320
02/20/2015 12:45:00,5.32,5.33,5.285,5.285,16997
02/20/2015 13:00:00,5.29,5.3,5.23,5.23,25975
02/20/2015 13:15:00,5.23,5.28,5.23,5.2664,14480
02/20/2015 13:30:00,5.28,5.34,5.275,5.33,29972
02/20/2015 13:45:00,5.33,5.34,5.3,5.3,11297
02/20/2015 14:00:00,5.3,5.33,5.275,5.32,14121
02/20/2015 14:15:00,5.33,5.34,5.305,5.33,21095
02/20/2015 14:30:00,5.33,5.34,5.295,5.3,15629
02/20/2015 14:45:00,5.29,5.3,5.275,5.285,14595
02/20/2015 15:00:00,5.28,5.31,5.26,5.26,34375
02/20/2015 15:15:00,5.25,5.305,5.24,5.3,23064
02/20/2015 15:30:00,5.3,5.3,5.24,5.27,79023
02/20/2015 15:45:00,5.28,5.32,5.28,5.31,15813
02/20/2015 16:00:00,5.32,5.33,5.24,5.28,160676
02/23/2015 09:45:00,5.22,5.23,5.05,5.07,35339
02/23/2015 10:00:00,5.08,5.12,4.98,5.09,77708
02/23/2015 10:15:00,5.11,5.17,5.09,5.1,24111
02/23/2015 10:30:00,5.1,5.147,5.06,5.115,61932
02/23/2015 10:45:00,5.12,5.17,5.09,5.1,13777
02/23/2015 11:00:00,5.1,5.205,5.065,5.12,36883
02/23/2015 11:15:00,5.12,5.17,5.11,5.15,15463
02/23/2015 11:30:00,5.14,5.23,5.14,5.23,18658
02/23/2015 11:45:00,5.22,5.22,5.16,5.19,30619
02/23/2015 12:00:00,5.185,5.22,5.11,5.13,21096
02/23/2015 12:15:00,5.13,5.13,5.08,5.09,19836
02/23/2015 12:30:00,5.08,5.12,5.06,5.07,17449
02/23/2015 12:45:00,5.06,5.135,5.06,5.13,38256
02/23/2015 13:00:00,5.13,5.145,5.12,5.13,9675
02/23/2015 13:15:00,5.13,5.15,5.12,5.12,6412
02/23/2015 13:30:00,5.11,5.13,5.08,5.13,31941
02/23/2015 13:45:00,5.14,5.34,5.14,5.32,97166
02/23/2015 14:00:00,5.3144,5.3144,5.2,5.24,38084
02/23/2015 14:15:00,5.24,5.245,5.18,5.22,25673
02/23/2015 14:30:00,5.21,5.22,5.18,5.2,9212
02/23/2015 14:45:00,5.19,5.195,5.08,5.12,44986
02/23/2015 15:00:00,5.12,5.16,5.12,5.16,12374
02/23/2015 15:15:00,5.16,5.16,5.14,5.15,14055
02/23/2015 15:30:00,5.16,5.16,5.13,5.15,12936
02/23/2015 15:45:00,5.15,5.17,5.14,5.17,32833
02/23/2015 16:00:00,5.17,5.19,5.15,5.17,130526
02/24/2015 09:45:00,5.21,5.3,5.18,5.24,12436
02/24/2015 10:00:00,5.232,5.25,5.12,5.14,13077
02/24/2015 10:15:00,5.14,5.16,5.13,5.16,7924
02/24/2015 10:30:00,5.16,5.21,5.15,5.19,18528
02/24/2015 10:45:00,5.19,5.21,5.15,5.155,8553
02/24/2015 11:00:00,5.15,5.17,5.065,5.0801,44112
02/24/2015 11:15:00,5.07,5.1501,5.06,5.15,11513
02/24/2015 11:30:00,5.15,5.16,5.065,5.07,12721
02/24/2015 11:45:00,5.07,5.07,5.01,5.02,23876
02/24/2015 12:00:00,5.02,5.05,4.9699,5.03,66681
02/24/2015 12:15:00,5.02,5.04,5.01,5.02,8356
02/24/2015 12:30:00,5.03,5.04,5.01,5.03,15207
02/24/2015 12:45:00,5.035,5.07,5.02,5.07,16363
02/24/2015 13:00:00,5.07,5.075,5.06,5.07,8772
02/24/2015 13:15:00,5.07,5.09,5.065,5.07,8670
02/24/2015 13:30:00,5.055,5.085,5.055,5.085,6969
02/24/2015 13:45:00,5.08,5.11,5.08,5.09,10683
02/24/2015 14:00:00,5.08,5.085,5.045,5.045,4456
02/24/2015 14:15:00,5.04,5.04,4.99,4.99,32865
02/24/2015 14:30:00,4.99,5.01,4.99,5.0,8208
02/24/2015 14:45:00,5.0,5.01,4.99,5.01,10232
02/24/2015 15:00:00,5.0,5.01,5.0,5.0099,6564
02/24/2015 15:15:00,5.01,5.045,5.005,5.03,24091
02/24/2015 15:30:00,5.035,5.04,5.02,5.02,17470
02/24/2015 15:45:00,5.025,5.05,5.02,5.03,27125
02/24/2015 16:00:00,5.03,5.06,5.03,5.05,72488
02/25/2015 09:45:00,5.05,5.12,5.01,5.01,15046
02/25/2015 10:00:00,5.029,5.029,4.99,5.02,10650
02/25/2015 10:15:00,5.03,5.055,4.9801,4.9801,21441
02/25/2015 10:30:00,4.98,5.01,4.97,5.01,24274
02/25/2015 10:45:00,5.01,5.03,4.97,5.03,36376
02/25/2015 11:00:00,5.03,5.07,5.02,5.05,13149
02/25/2015 11:15:00,5.0599,5.07,5.015,5.07,51455
02/25/2015 11:30:00,5.08,5.12,5.08,5.09,23641
02/25/2015 11:45:00,5.08,5.1,5.07,5.09,32344
02/25/2015 12:00:00,5.085,5.2,5.085,5.125,46622
02/25/2015 12:15:00,5.125,5.13,5.08,5.105,21497
02/25/2015 12:30:00,5.105,5.11,5.09,5.09,7333
02/25/2015 12:45:00,5.08,5.09,5.07,5.09,7111
02/25/2015 13:00:00,5.09,5.11,5.08,5.09,11712
02/25/2015 13:15:00,5.1,5.12,5.1,5.1,13740
02/25/2015 13:30:00,5.11,5.12,5.11,5.1101,11200
02/25/2015 13:45:00,5.12,5.18,5.12,5.1501,24270
02/25/2015 14:00:00,5.16,5.17,5.145,5.145,19720
02/25/2015 14:15:00,5.14,5.165,5.14,5.16,12916
02/25/2015 14:30:00,5.155,5.18,5.14,5.18,24019
02/25/2015 14:45:00,5.18,5.22,5.13,5.13,47638
02/25/2015 15:00:00,5.14,5.15,5.115,5.13,13481
02/25/2015 15:15:00,5.13,5.15,5.12,5.14,18502
02/25/2015 15:30:00,5.15,5.16,5.1401,5.155,10342
02/25/2015 15:45:00,5.15,5.1684,5.14,5.15,38199
02/25/2015 16:00:00,5.14,5.17,5.14,5.165,115078
02/26/2015 09:45:00,5.15,5.15,5.0,5.12,46887
02/26/2015 10:00:00,5.12,5.12,5.01,5.02,41830
02/26/2015 10:15:00,5.01,5.07,5.01,5.06,28591
02/26/2015 10:30:00,5.059,5.08,5.03,5.03,19652
02/26/2015 10:45:00,5.02,5.025,4.94,4.94,83126
02/26/2015 11:00:00,4.94,4.975,4.94,4.97,31673
02/26/2015 11:15:00,4.96,4.97,4.9,4.91,36823
02/26/2015 11:30:00,4.9,4.95,4.89,4.92,37847
02/26/2015 11:45:00,4.93,4.95,4.91,4.915,19141
02/26/2015 12:00:00,4.91,4.92,4.87,4.89,72839
02/26/2015 12:15:00,4.9,4.94,4.9,4.94,19485
02/26/2015 12:30:00,4.94,4.95,4.91,4.95,13878
02/26/2015 12:45:00,4.94,4.98,4.94,4.975,16436
02/26/2015 13:00:00,4.97,4.98,4.96,4.97,14816
02/26/2015 13:15:00,4.97,4.99,4.965,4.99,11592
02/26/2015 13:30:00,4.98,4.99,4.96,4.973,14988
02/26/2015 13:45:00,4.98,4.99,4.96,4.97,26562
02/26/2015 14:00:00,4.97,4.97,4.93,4.935,18143
02/26/2015 14:15:00,4.94,4.96,4.9,4.92,54901
02/26/2015 14:30:00,4.91,4.94,4.905,4.92,25040
02/26/2015 14:45:00,4.93,4.94,4.88,4.88,28422
02/26/2015 15:00:00,4.87,4.88,4.86,4.861,18139
02/26/2015 15:15:00,4.86,4.86,4.81,4.85,51191
02/26/2015 15:30:00,4.85,4.88,4.85,4.86,14587
02/26/2015 15:45:00,4.865,4.89,4.85,4.89,30004
02/26/2015 16:00:00,4.89,4.96,4.885,4.95,171945
02/27/2015 09:45:00,5.0,5.01,4.87,4.87,29573
02/27/2015 10:00:00,4.8999,4.8999,4.83,4.85,27337
02/27/2015 10:15:00,4.85,4.89,4.77,4.77,55226
02/27/2015 10:30:00,4.77,4.826,4.7499,4.8,41674
02/27/2015 10:45:00,4.8,4.87,4.8,4.87,23144
02/27/2015 11:00:00,4.87,4.905,4.85,4.8999,10719
02/27/2015 11:15:00,4.89,4.9,4.85,4.88,36320
02/27/2015 11:30:00,4.87,4.88,4.84,4.85,18374
02/27/2015 11:45:00,4.84,4.89,4.84,4.88,25948
02/27/2015 12:00:00,4.87,4.87,4.795,4.8,19960
02/27/2015 12:15:00,4.79,4.79,4.75,4.78,36458
02/27/2015 12:30:00,4.79,4.79,4.74,4.75,27227
02/27/2015 12:45:00,4.75,4.8,4.75,4.79,7882
02/27/2015 13:00:00,4.8,4.83,4.79,4.81,21179
02/27/2015 13:15:00,4.815,4.815,4.72,4.72,42325
02/27/2015 13:30:00,4.71,4.725,4.69,4.725,33511
02/27/2015 13:45:00,4.73,4.78,4.72,4.78,41078
02/27/2015 14:00:00,4.78,4.81,4.77,4.78,12199
02/27/2015 14:15:00,4.77,4.81,4.77,4.81,12384
02/27/2015 14:30:00,4.81,4.84,4.81,4.82,19842
02/27/2015 14:45:00,4.81,4.82,4.8,4.81,6438
02/27/2015 15:00:00,4.81,4.84,4.81,4.83,18458
02/27/2015 15:15:00,4.8262,4.84,4.81,4.835,25017
02/27/2015 15:30:00,4.83,4.84,4.83,4.84,10555
02/27/2015 15:45:00,4.84,4.88,4.83,4.86,61046
02/27/2015 16:00:00,4.86,4.88,4.84,4.84,130919
03/02/2015 09:45:00,4.87,4.91,4.79,4.87,92271
03/02/2015 10:00:00,4.88,4.88,4.78,4.84,37678
03/02/2015 10:15:00,4.84,5.03,4.84,4.98,100922
03/02/2015 10:30:00,4.98,5.06,4.979,4.99,31710
03/02/2015 10:45:00,5.0,5.02,4.93,4.94,18699
03/02/2015 11:00:00,4.94,4.99,4.94,4.99,17542
03/02/2015 11:15:00,4.985,5.03,4.96,4.96,28235
03/02/2015 11:30:00,4.965,4.98,4.96,4.98,7137
03/02/2015 11:45:00,4.975,4.98,4.9,4.9,16872
03/02/2015 12:00:00,4.9,4.91,4.86,4.86,13561
03/02/2015 12:15:00,4.86,4.88,4.83,4.83,16793
03/02/2015 12:30:00,4.83,4.86,4.81,4.86,25881
03/02/2015 12:45:00,4.8568,4.88,4.8568,4.87,12445
03/02/2015 13:00:00,4.86,4.88,4.84,4.84,8500
03/02/2015 13:15:00,4.84,4.849,4.82,4.82,16387
03/02/2015 13:30:00,4.82,4.835,4.81,4.83,43108
03/02/2015 13:45:00,4.83,4.83,4.805,4.815,30496
03/02/2015 14:00:00,4.82,4.835,4.81,4.82,35007
03/02/2015 14:15:00,4.83,4.84,4.75,4.75,29754
03/02/2015 14:30:00,4.755,4.78,4.74,4.74,33145
03/02/2015 14:45:00,4.75,4.8,4.75,4.795,28023
03/02/2015 15:00:00,4.7884,4.79,4.75,4.765,18739
03/02/2015 15:15:00,4.77,4.84,4.77,4.835,24420
03/02/2015 15:30:00,4.84,4.86,4.83,4.86,12693
03/02/2015 15:45:00,4.86,4.88,4.84,4.87,34284
03/02/2015 16:00:00,4.87,4.9,4.865,4.89,133476
03/03/2015 09:45:00,4.95,4.99,4.88,4.88,66947
03/03/2015 10:00:00,4.89,4.9,4.83,4.85,35778
03/03/2015 10:15:00,4.84,4.84,4.76,4.76,63396
03/03/2015 10:30:00,4.76,4.78,4.71,4.7164,64335
03/03/2015 10:45:00,4.71,4.76,4.685,4.76,35642
03/03/2015 11:00:00,4.751,4.8,4.75,4.77,17784
03/03/2015 11:15:00,4.77,4.83,4.77,4.78,28620
03/03/2015 11:30:00,4.78,4.78,4.75,4.78,10641
03/03/2015 11:45:00,4.77,4.825,4.76,4.81,16220
03/03/2015 12:00:00,4.82,4.855,4.81,4.8262,24225
03/03/2015 12:15:00,4.82,4.83,4.8,4.83,16480
03/03/2015 12:30:00,4.83,4.8662,4.825,4.86,16424
03/03/2015 12:45:00,4.86,4.87,4.85,4.86,10357
03/03/2015 13:00:00,4.87,4.88,4.86,4.87,13100
03/03/2015 13:15:00,4.86,4.88,4.86,4.86,5900
03/03/2015 13:30:00,4.865,4.89,4.86,4.87,23731
03/03/2015 13:45:00,4.88,4.9,4.84,4.84,32962
03/03/2015 14:00:00,4.84,4.87,4.8,4.87,42920
03/03/2015 14:15:00,4.87,4.89,4.86,4.88,27728
03/03/2015 14:30:00,4.88,4.92,4.88,4.91,44839
03/03/2015 14:45:00,4.91,4.92,4.9,4.915,14621
03/03/2015 15:00:00,4.91,4.95,4.91,4.94,55035
03/03/2015 15:15:00,4.94,4.97,4.94,4.95,68572
03/03/2015 15:30:00,4.96,4.97,4.94,4.94,22366
03/03/2015 15:45:00,4.94,4.98,4.94,4.95,66353
03/03/2015 16:00:00,4.95,5.0,4.95,4.99,162746
03/04/2015 09:45:00,5.08,5.08,4.91,4.95,75263
03/04/2015 10:00:00,4.96,4.99,4.95,4.97,17766
03/04/2015 10:15:00,4.99,4.99,4.97,4.97,6600
03/04/2015 10:30:00,4.97,4.98,4.97,4.97,7486
03/04/2015 10:45:00,4.96,4.96,4.83,4.9,30996
03/04/2015 11:00:00,4.9,4.9,4.84,4.89,12115
03/04/2015 11:15:00,4.9,4.915,4.87,4.875,17788
03/04/2015 11:30:00,4.88,4.93,4.88,4.9,28614
03/04/2015 11:45:00,4.9,4.93,4.9,4.92,10910
03/04/2015 12:00:00,4.9101,4.915,4.87,4.875,34954
03/04/2015 12:15:00,4.88,4.94,4.88,4.94,19296
03/04/2015 12:30:00,4.94,4.94,4.91,4.915,11100
03/04/2015 12:45:00,4.92,4.94,4.91,4.93,11627
03/04/2015 13:00:00,4.93,4.93,4.91,4.91,6813
03/04/2015 13:15:00,4.91,4.915,4.89,4.89,14447
03/04/2015 13:30:00,4.89,4.91,4.89,4.905,14120
03/04/2015 13:45:00,4.905,4.94,4.9,4.92,23071
03/04/2015 14:00:00,4.92,4.93,4.91,4.93,11562
03/04/2015 14:15:00,4.93,5.03,4.93,5.01,51450
03/04/2015 14:30:00,5.0,5.015,5.0,5.01,22112
03/04/2015 14:45:00,5.0,5.04,5.0,5.04,45129
03/04/2015 15:00:00,5.04,5.06,5.03,5.05,23874
03/04/2015 15:15:00,5.05,5.0584,5.03,5.04,17780
03/04/2015 15:30:00,5.04,5.05,5.03,5.0416,15317
03/04/2015 15:45:00,5.05,5.09,5.04,5.04,58209
03/04/2015 16:00:00,5.05,5.06,5.03,5.05,91135
03/05/2015 09:45:00,5.23,5.2495,5.0,5.03,90573
03/05/2015 10:00:00,5.04,5.14,5.04,5.0998,34827
03/05/2015 10:15:00,5.11,5.14,5.08,5.09,40190
03/05/2015 10:30:00,5.0901,5.11,5.0901,5.11,4043
03/05/2015 10:45:00,5.1,5.13,5.1,5.125,18255
03/05/2015 11:00:00,5.13,5.13,5.08,5.085,30343
03/05/2015 11:15:00,5.0899,5.0899,4.97,5.01,30808
03/05/2015 11:30:00,5.01,5.02,4.95,4.95,19948
03/05/2015 11:45:00,4.95,4.99,4.95,4.99,8126
03/05/2015 12:00:00,4.9832,4.99,4.98,4.98,2681
03/05/2015 12:15:00,4.985,4.99,4.97,4.97,13654
03/05/2015 12:30:00,4.97,4.97,4.95,4.955,4391
03/05/2015 12:45:00,4.95,4.99,4.94,4.98,31307
03/05/2015 13:00:00,4.98,4.99,4.97,4.97,6702
03/05/2015 13:15:00,4.98,5.015,4.97,5.01,10107
03/05/2015 13:30:00,5.01,5.03,5.01,5.025,8469
03/05/2015 13:45:00,5.02,5.02,4.99,4.99,11275
03/05/2015 14:00:00,5.0,5.02,4.99,5.01,3716
03/05/2015 14:15:00,5.01,5.05,5.01,5.03,13492
03/05/2015 14:30:00,5.03,5.05,5.03,5.05,6911
03/05/2015 14:45:00,5.05,5.05,5.03,5.045,6665
03/05/2015 15:00:00,5.05,5.05,5.04,5.0484,8335
03/05/2015 15:15:00,5.04,5.05,5.03,5.03,9748
03/05/2015 15:30:00,5.03,5.05,5.03,5.05,10160
03/05/2015 15:45:00,5.05,5.07,5.04,5.07,31091
03/05/2015 16:00:00,5.06,5.07,5.02,5.02,79059
03/06/2015 09:45:00,4.94,5.01,4.9,4.97,19959
03/06/2015 10:00:00,4.98,5.02,4.95,4.96,16927
03/06/2015 10:15:00,4.96,4.98,4.83,4.873,63455
03/06/2015 10:30:00,4.87,4.96,4.87,4.95,13675
03/06/2015 10:45:00,4.94,4.945,4.89,4.91,30718
03/06/2015 11:00:00,4.9,4.93,4.89,4.93,45085
03/06/2015 11:15:00,4.94,4.955,4.92,4.955,17151
03/06/2015 11:30:00,4.955,5.0,4.93,4.97,18032
03/06/2015 11:45:00,4.96,4.97,4.94,4.94,8807
03/06/2015 12:00:00,4.9303,4.95,4.925,4.94,12003
03/06/2015 12:15:00,4.94,4.95,4.94,4.94,14666
03/06/2015 12:30:00,4.935,4.94,4.92,4.925,5693
03/06/2015 12:45:00,4.93,4.94,4.91,4.91,10401
03/06/2015 13:00:00,4.91,4.92,4.84,4.84,42672
03/06/2015 13:15:00,4.85,4.87,4.82,4.84,25822
03/06/2015 13:30:00,4.85,4.87,4.84,4.85,12765
03/06/2015 13:45:00,4.85,4.85,4.8,4.82,28031
03/06/2015 14:00:00,4.81,4.86,4.81,4.85,12026
03/06/2015 14:15:00,4.86,4.87,4.83,4.85,11703
03/06/2015 14:30:00,4.86,4.87,4.84,4.86,15955
03/06/2015 14:45:00,4.86,4.86,4.82,4.82,8710
03/06/2015 15:00:00,4.82,4.83,4.8,4.8,16106
03/06/2015 15:15:00,4.8,4.82,4.78,4.7816,34807
03/06/2015 15:30:00,4.78,4.8,4.77,4.78,20379
03/06/2015 15:45:00,4.78,4.795,4.75,4.75,46428
03/06/2015 16:00:00,4.75,4.77,4.74,4.77,82596
03/09/2015 09:45:00,4.75,4.86,4.75,4.77,25387
03/09/2015 10:00:00,4.76,4.77,4.72,4.72,34444
03/09/2015 10:15:00,4.72,4.82,4.72,4.815,14954
03/09/2015 10:30:00,4.82,4.92,4.82,4.85,34696
03/09/2015 10:45:00,4.85,4.93,4.85,4.92,12251
03/09/2015 11:00:00,4.93,4.95,4.92,4.92,22036
03/09/2015 11:15:00,4.93,4.95,4.925,4.93,11925
03/09/2015 11:30:00,4.94,4.94,4.85,4.855,17958
03/09/2015 11:45:00,4.855,4.86,4.83,4.83,10310
03/09/2015 12:00:00,4.82,4.83,4.78,4.83,13957
03/09/2015 12:15:00,4.83,4.84,4.785,4.785,11375
03/09/2015 12:30:00,4.78,4.8,4.78,4.785,11147
03/09/2015 12:45:00,4.785,4.8,4.785,4.795,10577
03/09/2015 13:00:00,4.795,4.81,4.75,4.75,24732
03/09/2015 13:15:00,4.74,4.75,4.72,4.745,21656
03/09/2015 13:30:00,4.73,4.77,4.69,4.76,21969
03/09/2015 13:45:00,4.77,4.78,4.735,4.78,19835
03/09/2015 14:00:00,4.78,4.8,4.75,4.77,11906
03/09/2015 14:15:00,4.765,4.78,4.755,4.77,7879
03/09/2015 14:30:00,4.765,4.77,4.72,4.72,15204
03/09/2015 14:45:00,4.72,4.725,4.68,4.69,39359
03/09/2015 15:00:00,4.69,4.74,4.69,4.72,16745
03/09/2015 15:15:00,4.72,4.77,4.72,4.75,15029
03/09/2015 15:30:00,4.75,4.755,4.73,4.74,17492
03/09/2015 15:45:00,4.75,4.77,4.75,4.76,44204
03/09/2015 16:00:00,4.76,4.77,4.76,4.7662,62489
03/10/2015 09:45:00,4.7,4.75,4.6918,4.7,9084
03/10/2015 10:00:00,4.71,4.72,4.68,4.7,10195
03/10/2015 10:15:00,4.69,4.7,4.6,4.61,19947
03/10/2015 10:30:00,4.61,4.7,4.6,4.65,17108
03/10/2015 10:45:00,4.65,4.71,4.64,4.7,12864
03/10/2015 11:00:00,4.71,4.74,4.7,4.71,38011
03/10/2015 11:15:00,4.705,4.73,4.68,4.68,17782
03/10/2015 11:30:00,4.68,4.69,4.63,4.63,15043
03/10/2015 11:45:00,4.63,4.6401,4.61,4.61,23148
03/10/2015 12:00:00,4.62,4.66,4.6,4.64,16690
03/10/2015 12:15:00,4.63,4.63,4.6,4.62,22977
03/10/2015 12:30:00,4.626,4.63,4.58,4.59,41464
03/10/2015 12:45:00,4.6,4.635,4.59,4.63,19839
03/10/2015 13:00:00,4.63,4.63,4.62,4.625,2473
03/10/2015 13:15:00,4.62,4.68,4.62,4.68,17130
03/10/2015 13:30:00,4.67,4.7,4.66,4.69,10915
03/10/2015 13:45:00,4.695,4.7,4.67,4.6708,10000
03/10/2015 14:00:00,4.675,4.69,4.66,4.66,9299
03/10/2015 14:15:00,4.66,4.7,4.66,4.66,12847
03/10/2015 14:30:00,4.66,4.68,4.65,4.67,12429
03/10/2015 14:45:00,4.665,4.69,4.66,4.68,12364
03/10/2015 15:00:00,4.69,4.71,4.68,4.71,14784
03/10/2015 15:15:00,4.705,4.71,4.68,4.68,17391
03/10/2015 15:30:00,4.68,4.7,4.68,4.68,33951
03/10/2015 15:45:00,4.69,4.69,4.64,4.67,57490
03/10/2015 16:00:00,4.665,4.665,4.64,4.655,87332
03/11/2015 09:45:00,4.65,4.71,4.64,4.705,17861
03/11/2015 10:00:00,4.71,4.71,4.62,4.65,15217
03/11/2015 10:15:00,4.68,4.71,4.66,4.68,25039
03/11/2015 10:30:00,4.69,4.73,4.68,4.72,9396
03/11/2015 10:45:00,4.72,4.72,4.59,4.6,25127
03/11/2015 11:00:00,4.61,4.7,4.61,4.7,8340
03/11/2015 11:15:00,4.69,4.79,4.69,4.71,51017
03/11/2015 11:30:00,4.7,4.73,4.67,4.73,22600
03/11/2015 11:45:00,4.725,4.725,4.67,4.67,17156
03/11/2015 12:00:00,4.68,4.705,4.67,4.69,10183
03/11/2015 12:15:00,4.68,4.7,4.67,4.67,9389
03/11/2015 12:30:00,4.67,4.7,4.67,4.695,9217
03/11/2015 12:45:00,4.69,4.71,4.67,4.71,10491
03/11/2015 13:00:00,4.7,4.7,4.6701,4.6701,3930
03/11/2015 13:15:00,4.67,4.72,4.67,4.72,7340
03/11/2015 13:30:00,4.73,4.73,4.71,4.73,6821
03/11/2015 13:45:00,4.72,4.72,4.67,4.68,9303
03/11/2015 14:00:00,4.68,4.7,4.66,4.7,7424
03/11/2015 14:15:00,4.69,4.74,4.69,4.7,17235
03/11/2015 14:30:00,4.7,4.74,4.695,4.705,21452
03/11/2015 14:45:00,4.71,4.73,4.7,4.71,13048
03/11/2015 15:00:00,4.71,4.74,4.701,4.71,25267
03/11/2015 15:15:00,4.7,4.71,4.69,4.7,16371
03/11/2015 15:30:00,4.7,4.7,4.67,4.67,25607
03/11/2015 15:45:00,4.67,4.71,4.67,4.71,26076
03/11/2015 16:00:00,4.7,4.735,4.67,4.73,88381
03/12/2015 09:45:00,4.77,4.79,4.7,4.71,16510
03/12/2015 10:00:00,4.72,4.72,4.66,4.66,20050
03/12/2015 10:15:00,4.69,4.69,4.64,4.66,19692
03/12/2015 10:30:00,4.67,4.68,4.6201,4.63,13349
03/12/2015 10:45:00,4.625,4.63,4.58,4.589,23190
03/12/2015 11:00:00,4.5872,4.62,4.55,4.6,30442
03/12/2015 11:15:00,4.59,4.61,4.54,4.605,32247
03/12/2015 11:30:00,4.6,4.62,4.55,4.58,13478
03/12/2015 11:45:00,4.58,4.585,4.55,4.55,15563
03/12/2015 12:00:00,4.54,4.546,4.515,4.52,29865
03/12/2015 12:15:00,4.53,4.53,4.52,4.52,5076
03/12/2015 12:30:00,4.525,4.53,4.5,4.51,16752
03/12/2015 12:45:00,4.51,4.51,4.475,4.48,44121
03/12/2015 13:00:00,4.489,4.5,4.4501,4.49,22641
03/12/2015 13:15:00,4.4808,4.51,4.48,4.5,8041
03/12/2015 13:30:00,4.5008,4.52,4.5,4.5101,8874
03/12/2015 13:45:00,4.52,4.52,4.49,4.4901,18898
03/12/2015 14:00:00,4.49,4.5,4.46,4.46,17053
03/12/2015 14:15:00,4.46,4.465,4.41,4.4101,29111
03/12/2015 14:30:00,4.41,4.42,4.41,4.41,14275
03/12/2015 14:45:00,4.42,4.44,4.41,4.4367,24761
03/12/2015 15:00:00,4.43,4.45,4.42,4.45,18440
03/12/2015 15:15:00,4.45,4.45,4.43,4.4408,14829
03/12/2015 15:30:00,4.45,4.46,4.44,4.45,23379
03/12/2015 15:45:00,4.455,4.5,4.44,4.49,50786
03/12/2015 16:00:00,4.5,4.53,4.49,4.52,138858
03/13/2015 09:45:00,4.35,4.5,4.3,4.49,50453
03/13/2015 10:00:00,4.49,4.53,4.46,4.465,35516
03/13/2015 10:15:00,4.47,4.47,4.42,4.45,21490
03/13/2015 10:30:00,4.45,4.455,4.381,4.3953,16576
03/13/2015 10:45:00,4.4,4.45,4.395,4.43,29891
03/13/2015 11:00:00,4.45,4.46,4.43,4.45,20935
03/13/2015 11:15:00,4.445,4.46,4.44,4.45,43105
03/13/2015 11:30:00,4.455,4.46,4.41,4.41,24816
03/13/2015 11:45:00,4.4,4.42,4.38,4.38,12623
03/13/2015 12:00:00,4.38,4.38,4.35,4.37,16508
03/13/2015 12:15:00,4.375,4.375,4.35,4.35,14020
03/13/2015 12:30:00,4.355,4.38,4.35,4.37,15503
03/13/2015 12:45:00,4.38,4.4099,4.37,4.409,5227
03/13/2015 13:00:00,4.4,4.405,4.4,4.4,2020
03/13/2015 13:15:00,4.4,4.43,4.38,4.41,9358
03/13/2015 13:30:00,4.41,4.415,4.39,4.4,8070
03/13/2015 13:45:00,4.4,4.43,4.4,4.42,5147
03/13/2015 14:00:00,4.42,4.46,4.42,4.44,30396
03/13/2015 14:15:00,4.43,4.455,4.43,4.45,16902
03/13/2015 14:30:00,4.45,4.46,4.42,4.44,24782
03/13/2015 14:45:00,4.44,4.49,4.44,4.475,12743
03/13/2015 15:00:00,4.48,4.5,4.47,4.47,29344
03/13/2015 15:15:00,4.475,4.475,4.45,4.46,12387
03/13/2015 15:30:00,4.47,4.5,4.46,4.5,49184
03/13/2015 15:45:00,4.5,4.54,4.495,4.535,62368
03/13/2015 16:00:00,4.535,4.54,4.5,4.52,141057
03/16/2015 09:45:00,4.51,4.52,4.4,4.41,20202
03/16/2015 10:00:00,4.43,4.46,4.4,4.43,17693
03/16/2015 10:15:00,4.43,4.44,4.31,4.34,29074
03/16/2015 10:30:00,4.36,4.41,4.29,4.4,52168
03/16/2015 10:45:00,4.41,4.455,4.4,4.455,19388
03/16/2015 11:00:00,4.46,4.47,4.42,4.42,20868
03/16/2015 11:15:00,4.43,4.475,4.43,4.46,14620
03/16/2015 11:30:00,4.47,4.475,4.39,4.39,16105
03/16/2015 11:45:00,4.39,4.42,4.39,4.4,14171
03/16/2015 12:00:00,4.4,4.44,4.4,4.44,12991
03/16/2015 12:15:00,4.44,4.49,4.43,4.43,42432
03/16/2015 12:30:00,4.4399,4.44,4.42,4.42,13185
03/16/2015 12:45:00,4.43,4.46,4.42,4.46,20001
03/16/2015 13:00:00,4.45,4.4625,4.45,4.4525,12325
03/16/2015 13:15:00,4.45,4.46,4.43,4.46,13527
03/16/2015 13:30:00,4.46,4.47,4.45,4.47,10178
03/16/2015 13:45:00,4.47,4.49,4.47,4.49,21374
03/16/2015 14:00:00,4.49,4.51,4.48,4.49,12386
03/16/2015 14:15:00,4.49,4.52,4.49,4.5,18296
03/16/2015 14:30:00,4.505,4.51,4.49,4.5,11889
03/16/2015 14:45:00,4.5,4.51,4.49,4.495,21582
03/16/2015 15:00:00,4.49,4.5,4.48,4.485,11571
03/16/2015 15:15:00,4.48,4.5,4.48,4.49,17915
03/16/2015 15:30:00,4.485,4.49,4.46,4.47,24924
03/16/2015 15:45:00,4.47,4.48,4.45,4.48,29243
03/16/2015 16:00:00,4.48,4.48,4.43,4.48,136538
03/17/2015 09:45:00,4.37,4.37,3.92,3.952,158123
03/17/2015 10:00:00,3.94,3.9751,3.84,3.925,135224
03/17/2015 10:15:00,3.92,3.93,3.71,3.71,120554
03/17/2015 10:30:00,3.71,3.89,3.67,3.82,150283
03/17/2015 10:45:00,3.815,3.815,3.72,3.7201,103318
03/17/2015 11:00:00,3.72,3.77,3.64,3.7501,143392
03/17/2015 11:15:00,3.7501,3.76,3.66,3.7,99030
03/17/2015 11:30:00,3.7,3.7,3.68,3.68,72744
03/17/2015 11:45:00,3.6899,3.69,3.6,3.6499,145348
03/17/2015 12:00:00,3.64,3.67,3.61,3.63,63329
03/17/2015 12:15:00,3.6399,3.64,3.57,3.5901,188455
03/17/2015 12:30:00,3.595,3.65,3.59,3.61,68435
03/17/2015 12:45:00,3.61,3.65,3.61,3.65,54882
03/17/2015 13:00:00,3.645,3.65,3.63,3.635,49438
03/17/2015 13:15:00,3.64,3.64,3.59,3.59,129570
03/17/2015 13:30:00,3.6,3.61,3.56,3.5628,82565
03/17/2015 13:45:00,3.56,3.57,3.51,3.5101,123246
03/17/2015 14:00:00,3.515,3.61,3.48,3.58,101088
03/17/2015 14:15:00,3.58,3.63,3.5,3.5,75770
03/17/2015 14:30:00,3.5,3.54,3.48,3.5,98123
03/17/2015 14:45:00,3.5,3.51,3.45,3.465,142930
03/17/2015 15:00:00,3.46,3.56,3.45,3.53,128052
03/17/2015 15:15:00,3.53,3.54,3.52,3.54,48329
03/17/2015 15:30:00,3.53,3.54,3.51,3.525,101597
03/17/2015 15:45:00,3.53,3.57,3.52,3.56,135796
03/17/2015 16:00:00,3.57,3.57,3.55,3.55,210894
03/18/2015 09:45:00,3.49,3.5,3.365,3.389,132047
03/18/2015 10:00:00,3.39,3.42,3.36,3.42,72768
03/18/2015 10:15:00,3.4201,3.4201,3.38,3.38,67138
03/18/2015 10:30:00,3.38,3.385,3.33,3.35,110450
03/18/2015 10:45:00,3.36,3.39,3.34,3.39,80113
03/18/2015 11:00:00,3.38,3.4,3.37,3.38,43856
03/18/2015 11:15:00,3.38,3.38,3.35,3.3501,57940
03/18/2015 11:30:00,3.35,3.36,3.35,3.35,23034
03/18/2015 11:45:00,3.35,3.38,3.35,3.37,50277
03/18/2015 12:00:00,3.37,3.44,3.37,3.43,47934
03/18/2015 12:15:00,3.425,3.43,3.39,3.39,48316
03/18/2015 12:30:00,3.39,3.395,3.38,3.38,44415
03/18/2015 12:45:00,3.385,3.41,3.37,3.37,67604
03/18/2015 13:00:00,3.375,3.39,3.37,3.38,33712
03/18/2015 13:15:00,3.38,3.43,3.38,3.42,46274
03/18/2015 13:30:00,3.42,3.42,3.41,3.4101,29385
03/18/2015 13:45:00,3.4101,3.42,3.395,3.4025,63068
03/18/2015 14:00:00,3.4,3.4,3.39,3.39,19861
03/18/2015 14:15:00,3.395,3.43,3.39,3.41,45844
03/18/2015 14:30:00,3.41,3.49,3.41,3.48,117128
03/18/2015 14:45:00,3.49,3.49,3.44,3.44,71058
03/18/2015 15:00:00,3.441,3.45,3.435,3.44,55219
03/18/2015 15:15:00,3.44,3.5,3.44,3.4901,88758
03/18/2015 15:30:00,3.49,3.5,3.43,3.435,113092
03/18/2015 15:45:00,3.44,3.44,3.39,3.39,65721
03/18/2015 16:00:00,3.39,3.43,3.38,3.427,250471
03/19/2015 09:45:00,3.33,3.3799,3.3,3.33,171786
03/19/2015 10:00:00,3.33,3.36,3.3,3.34,85765
03/19/2015 10:15:00,3.34,3.3501,3.305,3.325,90801
03/19/2015 10:30:00,3.32,3.35,3.31,3.33,77910
03/19/2015 10:45:00,3.33,3.34,3.27,3.275,72814
03/19/2015 11:00:00,3.27,3.28,3.23,3.24,66622
03/19/2015 11:15:00,3.25,3.25,3.17,3.18,147209
03/19/2015 11:30:00,3.19,3.22,3.17,3.175,59889
03/19/2015 11:45:00,3.175,3.1901,3.15,3.175,79455
03/19/2015 12:00:00,3.17,3.21,3.16,3.17,91472
03/19/2015 12:15:00,3.17,3.22,3.17,3.205,48670
03/19/2015 12:30:00,3.2,3.21,3.18,3.189,60363
03/19/2015 12:45:00,3.19,3.2,3.16,3.165,90517
03/19/2015 13:00:00,3.165,3.17,3.15,3.1599,65539
03/19/2015 13:15:00,3.155,3.22,3.15,3.21,129586
03/19/2015 13:30:00,3.21,3.22,3.17,3.17,27657
03/19/2015 13:45:00,3.17,3.18,3.16,3.165,27747
03/19/2015 14:00:00,3.169,3.17,3.15,3.15,51248
03/19/2015 14:15:00,3.15,3.18,3.13,3.16,67269
03/19/2015 14:30:00,3.16,3.16,3.1,3.11,84341
03/19/2015 14:45:00,3.115,3.13,3.1,3.1,32978
03/19/2015 15:00:00,3.1,3.11,3.05,3.05,111183
03/19/2015 15:15:00,3.05,3.08,3.03,3.08,78586
03/19/2015 15:30:00,3.08,3.08,3.05,3.0501,79891
03/19/2015 15:45:00,3.07,3.07,3.0,3.005,130244
03/19/2015 16:00:00,3.0,3.05,3.0,3.035,279682
03/20/2015 09:45:00,3.29,3.3,3.1501,3.19,289686
03/20/2015 10:00:00,3.19,3.2,3.15,3.1608,148096
03/20/2015 10:15:00,3.16,3.17,3.08,3.09,127231
03/20/2015 10:30:00,3.0901,3.14,3.07,3.1299,102725
03/20/2015 10:45:00,3.13,3.14,3.11,3.115,40103
03/20/2015 11:00:00,3.115,3.16,3.11,3.13,61762
03/20/2015 11:15:00,3.135,3.16,3.13,3.16,59817
03/20/2015 11:30:00,3.16,3.22,3.16,3.21,107499
03/20/2015 11:45:00,3.215,3.22,3.1901,3.1901,47593
03/20/2015 12:00:00,3.2,3.25,3.19,3.25,122072
03/20/2015 12:15:00,3.2408,3.25,3.22,3.2342,75656
03/20/2015 12:30:00,3.23,3.28,3.23,3.25,111483
03/20/2015 12:45:00,3.25,3.27,3.25,3.25,53452
03/20/2015 13:00:00,3.25,3.26,3.25,3.25,36158
03/20/2015 13:15:00,3.255,3.26,3.25,3.26,30006
03/20/2015 13:30:00,3.26,3.26,3.23,3.24,90739
03/20/2015 13:45:00,3.23,3.27,3.23,3.25,113380
03/20/2015 14:00:00,3.26,3.27,3.25,3.265,55028
03/20/2015 14:15:00,3.265,3.27,3.26,3.27,28235
03/20/2015 14:30:00,3.27,3.29,3.26,3.29,82798
03/20/2015 14:45:00,3.29,3.34,3.29,3.33,142849
03/20/2015 15:00:00,3.335,3.335,3.29,3.29,114460
03/20/2015 15:15:00,3.295,3.31,3.28,3.29,60214
03/20/2015 15:30:00,3.2827,3.2827,3.25,3.27,94055
03/20/2015 15:45:00,3.28,3.28,3.27,3.27,96623
03/20/2015 16:00:00,3.27,3.28,3.17,3.17,568758
03/23/2015 09:45:00,3.1,3.3,3.07,3.1608,212164
03/23/2015 10:00:00,3.165,3.165,3.06,3.0601,209070
03/23/2015 10:15:00,3.06,3.07,3.02,3.02,181850
03/23/2015 10:30:00,3.025,3.04,2.99,2.99,125655
03/23/2015 10:45:00,2.99,3.02,2.99,3.01,134159
03/23/2015 11:00:00,3.01,3.025,2.99,2.995,158279
03/23/2015 11:15:00,2.995,3.02,2.99,2.99,96151
03/23/2015 11:30:00,2.99,3.185,2.99,3.1357,339479
03/23/2015 11:45:00,3.14,3.15,3.105,3.12,126840
03/23/2015 12:00:00,3.125,3.13,3.1,3.12,99638
03/23/2015 12:15:00,3.115,3.21,3.11,3.205,104388
03/23/2015 12:30:00,3.207,3.22,3.19,3.195,50054
03/23/2015 12:45:00,3.195,3.2,3.19,3.19,34688
03/23/2015 13:00:00,3.19,3.2,3.15,3.155,67404
03/23/2015 13:15:00,3.16,3.17,3.12,3.16,73169
03/23/2015 13:30:00,3.16,3.17,3.13,3.1362,48462
03/23/2015 13:45:00,3.13,3.17,3.13,3.15,77673
03/23/2015 14:00:00,3.14,3.15,3.13,3.1385,30115
03/23/2015 14:15:00,3.13,3.1388,3.1,3.105,77691
03/23/2015 14:30:00,3.115,3.14,3.11,3.13,48344
03/23/2015 14:45:00,3.135,3.14,3.11,3.11,61701
03/23/2015 15:00:00,3.11,3.12,3.085,3.09,85639
03/23/2015 15:15:00,3.095,3.11,3.09,3.105,110563
03/23/2015 15:30:00,3.105,3.11,3.1,3.1,94838
03/23/2015 15:45:00,3.105,3.12,3.1,3.11,72659
03/23/2015 16:00:00,3.115,3.13,3.11,3.11,287435
03/24/2015 09:45:00,3.13,3.15,3.07,3.12,99695
03/24/2015 10:00:00,3.1253,3.16,3.1,3.1,101402
03/24/2015 10:15:00,3.11,3.17,3.1,3.13,67470
03/24/2015 10:30:00,3.13,3.15,3.115,3.12,131895
03/24/2015 10:45:00,3.12,3.125,3.1,3.115,60095
03/24/2015 11:00:00,3.115,3.14,3.11,3.13,82838
03/24/2015 11:15:00,3.13,3.18,3.12,3.165,81551
03/24/2015 11:30:00,3.16,3.185,3.16,3.16,68921
03/24/2015 11:45:00,3.16,3.16,3.12,3.12,45800
03/24/2015 12:00:00,3.12,3.17,3.12,3.15,80067
03/24/2015 12:15:00,3.15,3.2,3.15,3.18,64069
03/24/2015 12:30:00,3.18,3.21,3.1612,3.1612,52713
03/24/2015 12:45:00,3.16,3.18,3.15,3.17,23008
03/24/2015 13:00:00,3.17,3.185,3.16,3.16,20678
03/24/2015 13:15:00,3.165,3.1668,3.15,3.155,22367
03/24/2015 13:30:00,3.15,3.155,3.15,3.15,42471
03/24/2015 13:45:00,3.15,3.16,3.15,3.15,26596
03/24/2015 14:00:00,3.15,3.16,3.15,3.15,12512
03/24/2015 14:15:00,3.15,3.16,3.15,3.155,12663
03/24/2015 14:30:00,3.1599,3.18,3.15,3.165,51855
03/24/2015 14:45:00,3.165,3.18,3.16,3.16,40355
03/24/2015 15:00:00,3.16,3.18,3.16,3.175,38387
03/24/2015 15:15:00,3.17,3.18,3.17,3.17,50008
03/24/2015 15:30:00,3.17,3.18,3.165,3.17,153765
03/24/2015 15:45:00,3.17,3.19,3.16,3.17,213123
03/24/2015 16:00:00,3.17,3.179,3.145,3.155,251302
03/25/2015 09:45:00,3.13,3.33,3.13,3.25,275154
03/25/2015 10:00:00,3.2424,3.2502,3.178,3.225,107171
03/25/2015 10:15:00,3.229,3.229,3.2,3.2,27499
03/25/2015 10:30:00,3.2,3.25,3.2,3.22,49551
03/25/2015 10:45:00,3.22,3.22,3.16,3.17,67072
03/25/2015 11:00:00,3.18,3.18,3.15,3.15,43798
03/25/2015 11:15:00,3.15,3.157,3.14,3.14,22332
03/25/2015 11:30:00,3.145,3.16,3.13,3.15,68261
03/25/2015 11:45:00,3.15,3.17,3.135,3.165,64486
03/25/2015 12:00:00,3.16,3.18,3.16,3.16,62972
03/25/2015 12:15:00,3.16,3.18,3.15,3.18,26101
03/25/2015 12:30:00,3.18,3.2,3.17,3.18,29575
03/25/2015 12:45:00,3.18,3.18,3.15,3.15,35413
03/25/2015 13:00:00,3.15,3.165,3.15,3.163,29505
03/25/2015 13:15:00,3.165,3.17,3.15,3.16,21068
03/25/2015 13:30:00,3.17,3.21,3.16,3.2099,46696
03/25/2015 13:45:00,3.203,3.205,3.19,3.2,23636
03/25/2015 14:00:00,3.2,3.25,3.195,3.22,82019
03/25/2015 14:15:00,3.23,3.24,3.18,3.21,114337
03/25/2015 14:30:00,3.2,3.23,3.195,3.21,55776
03/25/2015 14:45:00,3.22,3.23,3.21,3.21,23268
03/25/2015 15:00:00,3.215,3.22,3.2,3.22,26515
03/25/2015 15:15:00,3.21,3.217,3.2,3.21,26220
03/25/2015 15:30:00,3.21,3.22,3.18,3.18,74316
03/25/2015 15:45:00,3.19,3.2,3.18,3.18,34230
03/25/2015 16:00:00,3.18,3.21,3.17,3.19,221303
03/26/2015 09:45:00,3.27,3.36,3.26,3.36,114376
03/26/2015 10:00:00,3.36,3.37,3.26,3.26,63637
03/26/2015 10:15:00,3.26,3.28,3.24,3.26,65562
03/26/2015 10:30:00,3.255,3.3,3.24,3.2925,25076
03/26/2015 10:45:00,3.29,3.29,3.25,3.25,49723
03/26/2015 11:00:00,3.26,3.26,3.21,3.21,63011
03/26/2015 11:15:00,3.21,3.23,3.21,3.21,32716
03/26/2015 11:30:00,3.215,3.215,3.17,3.185,50994
03/26/2015 11:45:00,3.18,3.2,3.17,3.2,38052
03/26/2015 12:00:00,3.19,3.22,3.18,3.22,29395
03/26/2015 12:15:00,3.22,3.23,3.2,3.22,23476
03/26/2015 12:30:00,3.22,3.225,3.21,3.21,6500
03/26/2015 12:45:00,3.21,3.22,3.21,3.21,8880
03/26/2015 13:00:00,3.215,3.22,3.21,3.215,12712
03/26/2015 13:15:00,3.215,3.22,3.2,3.215,20698
03/26/2015 13:30:00,3.21,3.22,3.2,3.21,9215
03/26/2015 13:45:00,3.215,3.23,3.2,3.2,30406
03/26/2015 14:00:00,3.21,3.22,3.205,3.215,13643
03/26/2015 14:15:00,3.215,3.24,3.21,3.21,41393
03/26/2015 14:30:00,3.21,3.22,3.21,3.22,9027
03/26/2015 14:45:00,3.21,3.22,3.18,3.18,44321
03/26/2015 15:00:00,3.18,3.18,3.16,3.16,61495
03/26/2015 15:15:00,3.16,3.19,3.16,3.185,55330
03/26/2015 15:30:00,3.18,3.19,3.18,3.185,13275
03/26/2015 15:45:00,3.19,3.22,3.17,3.215,110184
03/26/2015 16:00:00,3.21,3.22,3.2,3.22,123370
03/27/2015 09:45:00,3.2,3.218,3.155,3.181,37903
03/27/2015 10:00:00,3.181,3.21,3.175,3.2,40502
03/27/2015 10:15:00,3.21,3.21,3.18,3.2,41433
03/27/2015 10:30:00,3.205,3.205,3.17,3.18,27815
03/27/2015 10:45:00,3.185,3.19,3.18,3.185,12925
03/27/2015 11:00:00,3.185,3.21,3.18,3.21,35996
03/27/2015 11:15:00,3.205,3.21,3.18,3.18,27826
03/27/2015 11:30:00,3.185,3.19,3.17,3.18,75573
03/27/2015 11:45:00,3.18,3.21,3.18,3.21,28811
03/27/2015 12:00:00,3.21,3.27,3.21,3.2651,42795
03/27/2015 12:15:00,3.27,3.27,3.25,3.2688,34697
03/27/2015 12:30:00,3.26,3.27,3.25,3.25,18513
03/27/2015 12:45:00,3.255,3.27,3.255,3.265,29099
03/27/2015 13:00:00,3.26,3.27,3.26,3.27,6900
03/27/2015 13:15:00,3.265,3.28,3.26,3.275,16201
03/27/2015 13:30:00,3.275,3.28,3.27,3.28,18708
03/27/2015 13:45:00,3.27,3.289,3.24,3.28,66492
03/27/2015 14:00:00,3.27,3.29,3.265,3.28,25516
03/27/2015 14:15:00,3.2701,3.28,3.26,3.27,26184
03/27/2015 14:30:00,3.26,3.27,3.25,3.27,32970
03/27/2015 14:45:00,3.265,3.27,3.24,3.25,20840
03/27/2015 15:00:00,3.24,3.25,3.24,3.245,10030
03/27/2015 15:15:00,3.24,3.25,3.23,3.235,22451
03/27/2015 15:30:00,3.24,3.24,3.2,3.2,20919
03/27/2015 15:45:00,3.205,3.2199,3.2,3.2,40469
03/27/2015 16:00:00,3.2,3.24,3.19,3.21,214052
03/30/2015 09:45:00,3.23,3.25,3.2,3.21,40056
03/30/2015 10:00:00,3.215,3.25,3.165,3.189,73401
03/30/2015 10:15:00,3.19,3.21,3.15,3.17,60581
03/30/2015 10:30:00,3.17,3.175,3.11,3.12,48289
03/30/2015 10:45:00,3.125,3.125,3.1,3.105,42605
03/30/2015 11:00:00,3.1,3.11,3.08,3.08,30319
03/30/2015 11:15:00,3.08,3.1,3.06,3.1,40564
03/30/2015 11:30:00,3.11,3.14,3.1,3.1,22834
03/30/2015 11:45:00,3.1,3.14,3.095,3.125,33855
03/30/2015 12:00:00,3.12,3.14,3.08,3.14,31472
03/30/2015 12:15:00,3.13,3.13,3.12,3.12,15020
03/30/2015 12:30:00,3.12,3.125,3.08,3.08,23689
03/30/2015 12:45:00,3.08,3.09,3.08,3.085,37414
03/30/2015 13:00:00,3.0851,3.0899,3.07,3.08,22747
03/30/2015 13:15:00,3.07,3.08,3.07,3.07,36099
03/30/2015 13:30:00,3.08,3.08,3.05,3.07,71684
03/30/2015 13:45:00,3.0675,3.08,3.05,3.05,28593
03/30/2015 14:00:00,3.055,3.08,3.055,3.075,40016
03/30/2015 14:15:00,3.07,3.1,3.07,3.09,26549
03/30/2015 14:30:00,3.09,3.11,3.09,3.1,42273
03/30/2015 14:45:00,3.1,3.14,3.09,3.1201,62244
03/30/2015 15:00:00,3.12,3.14,3.11,3.14,52196
03/30/2015 15:15:00,3.13,3.135,3.12,3.12,15625
03/30/2015 15:30:00,3.129,3.13,3.12,3.125,26219
03/30/2015 15:45:00,3.1272,3.13,3.12,3.12,62355
03/30/2015 16:00:00,3.12,3.14,3.12,3.13,147809
03/31/2015 09:45:00,2.77,2.88,2.632,2.7701,587099
03/31/2015 10:00:00,2.78,2.78,2.66,2.68,163694
03/31/2015 10:15:00,2.685,2.685,2.6,2.6001,206154
03/31/2015 10:30:00,2.605,2.62,2.565,2.611,169073
03/31/2015 10:45:00,2.615,2.62,2.5,2.515,259976
03/31/2015 11:00:00,2.51,2.52,2.44,2.4499,315901
03/31/2015 11:15:00,2.44,2.53,2.4201,2.5101,234144
03/31/2015 11:30:00,2.515,2.54,2.46,2.46,174672
03/31/2015 11:45:00,2.47,2.47,2.43,2.45,168950
03/31/2015 12:00:00,2.45,2.5,2.44,2.48,109846
03/31/2015 12:15:00,2.4801,2.49,2.47,2.47,65023
03/31/2015 12:30:00,2.47,2.48,2.45,2.45,131580
03/31/2015 12:45:00,2.46,2.47,2.45,2.45,62814
03/31/2015 13:00:00,2.45,2.47,2.45,2.46,85836
03/31/2015 13:15:00,2.46,2.47,2.44,2.44,113498
03/31/2015 13:30:00,2.44,2.45,2.36,2.36,226089
03/31/2015 13:45:00,2.36,2.39,2.33,2.345,342791
03/31/2015 14:00:00,2.34,2.3889,2.27,2.35,331942
03/31/2015 14:15:00,2.35,2.36,2.29,2.3,151063
03/31/2015 14:30:00,2.3,2.32,2.29,2.32,62168
03/31/2015 14:45:00,2.33,2.3399,2.31,2.315,93180
03/31/2015 15:00:00,2.32,2.32,2.29,2.29,147492
03/31/2015 15:15:00,2.295,2.385,2.29,2.36,218731
03/31/2015 15:30:00,2.355,2.44,2.3501,2.44,217285
03/31/2015 15:45:00,2.44,2.48,2.435,2.46,138473
03/31/2015 16:00:00,2.465,2.49,2.44,2.45,276574
