12/01/2014 09:45:00,7.8,7.8,7.6,7.6,7576
12/01/2014 10:00:00,7.6,7.6164,7.1,7.23,26581
12/01/2014 10:15:00,7.155,7.3,7.095,7.1,16483
12/01/2014 10:30:00,7.1,7.24,7.09,7.12,29578
12/01/2014 10:45:00,7.16,7.2,7.08,7.16,15033
12/01/2014 11:00:00,7.12,7.18,7.03,7.18,18451
12/01/2014 11:15:00,7.1,7.2,7.051,7.15,20752
12/01/2014 11:30:00,7.18,7.195,7.1001,7.15,32960
12/01/2014 11:45:00,7.17,7.23,7.15,7.23,15512
12/01/2014 12:00:00,7.1943,7.2,7.08,7.08,10400
12/01/2014 12:15:00,7.16,7.16,7.145,7.15,1700
12/01/2014 12:30:00,7.17,7.23,7.16,7.18,436674
12/01/2014 12:45:00,7.23,7.23,7.17,7.17,6066
12/01/2014 13:00:00,7.205,7.205,7.17,7.205,300
12/01/2014 13:15:00,7.24,7.26,7.235,7.235,400
12/01/2014 13:30:00,7.26,7.29,7.25,7.29,1100
12/01/2014 13:45:00,7.2899,7.3,7.23,7.29,3472
12/01/2014 14:00:00,7.3,7.32,7.27,7.31,8286
12/01/2014 14:15:00,7.3,7.31,7.26,7.3,3000
12/01/2014 14:30:00,7.3,7.36,7.3,7.36,6303
12/01/2014 14:45:00,7.38,7.4,7.35,7.35,2605
12/01/2014 15:00:00,7.35,7.56,7.35,7.48,19806
12/01/2014 15:15:00,7.42,7.49,7.35,7.35,9119
12/01/2014 15:30:00,7.36,7.41,7.29,7.3,9688
12/01/2014 15:45:00,7.3,7.47,7.3,7.44,14900
12/01/2014 16:00:00,7.42,7.54,7.4,7.52,33023
12/02/2014 09:45:00,7.47,7.61,7.4101,7.4975,30594
12/02/2014 10:00:00,7.515,7.55,7.45,7.45,3930
12/02/2014 10:15:00,7.4501,7.54,7.44,7.54,5200
12/02/2014 10:30:00,7.48,7.53,7.44,7.44,10664
12/02/2014 10:45:00,7.44,7.45,7.43,7.44,4003
12/02/2014 11:00:00,7.43,7.45,7.4,7.45,10964
12/02/2014 11:15:00,7.48,7.49,7.45,7.45,8773
12/02/2014 11:30:00,7.4499,7.45,7.44,7.45,650
12/02/2014 11:45:00,7.44,7.442,7.29,7.35,2687
12/02/2014 12:00:00,7.32,7.37,7.32,7.35,4300
12/02/2014 12:15:00,7.35,7.35,7.34,7.35,804
12/02/2014 12:30:00,7.345,7.4,7.345,7.35,2400
12/02/2014 12:45:00,7.35,7.4,7.35,7.4,17461
12/02/2014 13:00:00,7.3601,7.45,7.3601,7.4497,2273
12/02/2014 13:15:00,7.45,7.49,7.45,7.48,10700
12/02/2014 13:30:00,7.52,7.56,7.464,7.56,600
12/02/2014 13:45:00,7.5,7.58,7.471,7.58,5667
12/02/2014 14:00:00,7.6,7.6,7.6,7.6,100
12/02/2014 14:15:00,7.57,7.58,7.55,7.58,1193
12/02/2014 14:30:00,7.55,7.57,7.55,7.57,119
12/02/2014 14:45:00,7.54,7.54,7.54,7.54,303
12/02/2014 15:00:00,7.55,7.56,7.55,7.56,500
12/02/2014 15:15:00,7.56,7.56,7.54,7.56,250
12/02/2014 15:30:00,7.54,7.54,7.53,7.53,715
12/02/2014 15:45:00,7.52,7.66,7.52,7.5548,6355
12/02/2014 16:00:00,7.57,7.66,7.5501,7.64,9761
12/03/2014 09:45:00,7.7,8.11,7.5,8.11,5779
12/03/2014 10:00:00,8.1,8.1,8.03,8.06,852
12/03/2014 10:15:00,8.08,8.08,8.0,8.06,3340
12/03/2014 10:30:00,8.06,8.06,8.01,8.0201,708
12/03/2014 10:45:00,8.07,8.07,8.01,8.04,1468
12/03/2014 11:00:00,7.991,8.08,7.991,8.07,1291
12/03/2014 11:15:00,8.08,8.08,8.068,8.075,1434
12/03/2014 11:30:00,8.05,8.05,7.98,8.01,3206
12/03/2014 11:45:00,8.01,8.01,7.99,7.99,2700
12/03/2014 12:00:00,7.99,7.99,7.97,7.98,3300
12/03/2014 12:15:00,7.99,7.99,7.985,7.99,4756
12/03/2014 12:30:00,7.99,7.99,7.98,7.99,800
12/03/2014 12:45:00,7.9894,7.99,7.93,7.94,9200
12/03/2014 13:00:00,7.94,7.96,7.9,7.9,1383
12/03/2014 13:15:00,7.91,7.92,7.9,7.9,800
12/03/2014 13:30:00,7.95,7.98,7.91,7.98,1600
12/03/2014 13:45:00,7.95,7.955,7.85,7.85,3300
12/03/2014 14:00:00,7.86,7.87,7.82,7.83,542
12/03/2014 14:15:00,7.81,7.85,7.75,7.75,24956
12/03/2014 14:30:00,7.78,7.79,7.72,7.73,700
12/03/2014 14:45:00,7.73,7.79,7.73,7.79,6428
12/03/2014 15:00:00,7.77,7.79,7.77,7.79,300
12/03/2014 15:15:00,7.785,7.79,7.77,7.78,3400
12/03/2014 15:30:00,7.78,7.79,7.76,7.77,4072
12/03/2014 15:45:00,7.77,7.79,7.76,7.77,5904
12/03/2014 16:00:00,7.77,7.8,7.69,7.74,25752
12/04/2014 09:45:00,7.77,7.78,7.75,7.77,800
12/04/2014 10:00:00,7.77,7.82,7.76,7.76,1718
12/04/2014 10:15:00,7.8,7.8,7.77,7.77,3400
12/04/2014 10:30:00,7.795,7.795,7.76,7.77,2700
12/04/2014 10:45:00,7.76,7.7899,7.76,7.7899,534
12/04/2014 11:00:00,7.75,7.79,7.75,7.76,224
12/04/2014 11:15:00,7.77,7.77,7.77,7.77,100
12/04/2014 11:30:00,7.75,7.79,7.75,7.79,2751
12/04/2014 11:45:00,7.77,7.7875,7.77,7.7875,1536
12/04/2014 12:00:00,7.77,7.77,7.77,7.77,100
12/04/2014 12:15:00,7.81,7.82,7.8,7.82,507
12/04/2014 12:30:00,7.82,7.84,7.82,7.84,44
12/04/2014 12:45:00,7.84,7.86,7.8,7.86,245
12/04/2014 13:00:00,7.86,7.87,7.82,7.87,446
12/04/2014 13:15:00,7.87,7.92,7.869,7.87,3359
12/04/2014 13:30:00,7.8699,7.87,7.8699,7.87,186
12/04/2014 13:45:00,7.87,7.87,7.81,7.86,654
12/04/2014 14:00:00,7.86,7.86,7.82,7.86,1161
12/04/2014 14:15:00,7.835,7.85,7.81,7.82,8279
12/04/2014 14:30:00,7.83,7.84,7.83,7.84,131
12/04/2014 14:45:00,7.82,7.83,7.81,7.83,433
12/04/2014 15:00:00,7.83,7.85,7.8,7.8,2484
12/04/2014 15:15:00,7.8,7.84,7.79,7.8,3471
12/04/2014 15:30:00,7.8,7.8,7.78,7.8,292
12/04/2014 15:45:00,7.8,7.8,7.75,7.79,12142
12/04/2014 16:00:00,7.77,7.8,7.75,7.8,10071
12/05/2014 09:45:00,7.74,8.1,7.74,7.74,3993
12/05/2014 10:00:00,7.745,7.78,7.74,7.75,2431
12/05/2014 10:15:00,7.75,7.76,7.74,7.75,1948
12/05/2014 10:30:00,7.74,7.75,7.74,7.75,1200
12/05/2014 10:45:00,7.75,7.8,7.74,7.75,4568
12/05/2014 11:00:00,7.75,7.76,7.7,7.72,2042
12/05/2014 11:15:00,7.69,7.73,7.69,7.73,300
12/05/2014 11:30:00,7.72,7.77,7.72,7.76,2942
12/05/2014 11:45:00,7.75,7.77,7.75,7.76,1448
12/05/2014 12:00:00,7.741,7.743,7.67,7.715,3100
12/05/2014 12:15:00,7.71,7.74,7.7,7.74,300
12/05/2014 12:30:00,7.7,7.76,7.57,7.66,939
12/05/2014 12:45:00,7.73,7.76,7.73,7.76,200
12/05/2014 13:00:00,7.72,7.72,7.71,7.71,1950
12/05/2014 13:15:00,7.76,7.76,7.735,7.75,6380
12/05/2014 13:30:00,7.75,7.76,7.75,7.76,1100
12/05/2014 13:45:00,7.75,7.77,7.75,7.77,700
12/05/2014 14:00:00,7.76,7.77,7.75,7.77,1451
12/05/2014 14:15:00,7.76,7.77,7.75,7.75,3716
12/05/2014 14:30:00,7.75,7.76,7.75,7.76,400
12/05/2014 14:45:00,7.75,7.76,7.74,7.76,1000
12/05/2014 15:00:00,7.75,7.75,7.75,7.75,500
12/05/2014 15:15:00,7.76,7.76,7.75,7.76,618
12/05/2014 15:30:00,7.75,7.76,7.75,7.75,500
12/05/2014 15:45:00,7.76,7.77,7.75,7.77,700
12/05/2014 16:00:00,7.75,7.77,7.75,7.75,12330
12/08/2014 09:45:00,7.75,7.77,7.74,7.77,4855
12/08/2014 10:00:00,7.77,7.77,7.77,7.77,300
12/08/2014 10:15:00,7.81,7.81,7.74,7.79,813
12/08/2014 10:30:00,7.77,7.77,7.69,7.69,4672
12/08/2014 10:45:00,7.67,7.67,7.61,7.61,2503
12/08/2014 11:00:00,7.61,7.61,7.61,7.61,100
12/08/2014 11:15:00,7.65,7.65,7.45,7.46,4763
12/08/2014 11:30:00,7.44,7.5,7.4201,7.45,10432
12/08/2014 11:45:00,7.45,7.51,7.4201,7.51,2700
12/08/2014 12:00:00,7.47,7.5235,7.47,7.5235,2200
12/08/2014 12:15:00,7.53,7.56,7.5201,7.55,2610
12/08/2014 12:30:00,7.535,7.55,7.5199,7.55,3273
12/08/2014 12:45:00,7.53,7.56,7.52,7.545,2827
12/08/2014 13:00:00,7.56,7.57,7.54,7.54,801
12/08/2014 13:15:00,7.53,7.56,7.51,7.53,4273
12/08/2014 13:30:00,7.5201,7.55,7.5201,7.55,2895
12/08/2014 13:45:00,7.52,7.525,7.5001,7.5001,905
12/08/2014 14:00:00,7.52,7.5297,7.5,7.5297,5635
12/08/2014 14:15:00,7.5001,7.5099,7.49,7.5,1565
12/08/2014 14:30:00,7.45,7.45,7.33,7.34,3700
12/08/2014 14:45:00,7.3137,7.3408,7.28,7.32,2320
12/08/2014 15:00:00,7.32,7.32,7.26,7.28,6921
12/08/2014 15:15:00,7.275,7.285,7.231,7.25,5968
12/08/2014 15:30:00,7.22,7.2699,7.22,7.25,23610
12/08/2014 15:45:00,7.26,7.26,7.21,7.2235,3515
12/08/2014 16:00:00,7.21,7.24,7.21,7.22,5688
12/09/2014 09:45:00,7.04,7.16,7.03,7.15,12424
12/09/2014 10:00:00,7.17,7.28,7.15,7.2101,5267
12/09/2014 10:15:00,7.255,7.28,7.2,7.2,4443
12/09/2014 10:30:00,7.21,7.27,7.04,7.1,7313
12/09/2014 10:45:00,7.05,7.0999,7.01,7.09,4015
12/09/2014 11:00:00,7.07,7.21,7.07,7.1,9680
12/09/2014 11:15:00,7.1,7.14,7.05,7.13,6395
12/09/2014 11:30:00,7.16,7.16,7.0,7.08,8507
12/09/2014 11:45:00,7.08,7.15,7.06,7.15,2158
12/09/2014 12:00:00,7.17,7.2,7.16,7.17,2700
12/09/2014 12:15:00,7.16,7.17,7.15,7.15,3900
12/09/2014 12:30:00,7.16,7.16,7.15,7.15,2500
12/09/2014 12:45:00,7.15,7.19,7.15,7.18,6512
12/09/2014 13:00:00,7.18,7.21,7.16,7.17,3292
12/09/2014 13:15:00,7.1999,7.24,7.16,7.2,3505
12/09/2014 13:30:00,7.2,7.23,7.19,7.19,1545
12/09/2014 13:45:00,7.18,7.24,7.18,7.19,2400
12/09/2014 14:00:00,7.195,7.24,7.185,7.24,4447
12/09/2014 14:15:00,7.24,7.25,7.19,7.1901,6247
12/09/2014 14:30:00,7.22,7.28,7.22,7.25,6098
12/09/2014 14:45:00,7.2899,7.2899,7.18,7.19,2850
12/09/2014 15:00:00,7.185,7.24,7.185,7.23,5598
12/09/2014 15:15:00,7.23,7.27,7.23,7.25,5700
12/09/2014 15:30:00,7.25,7.25,7.24,7.24,2800
12/09/2014 15:45:00,7.24,7.24,7.14,7.14,6407
12/09/2014 16:00:00,7.14,7.23,7.14,7.19,16049
12/10/2014 09:45:00,7.1,7.1,7.01,7.01,5061
12/10/2014 10:00:00,7.01,7.05,7.01,7.014,2102
12/10/2014 10:15:00,7.01,7.05,7.01,7.05,6245
12/10/2014 10:30:00,7.1,7.15,7.1,7.13,4164
12/10/2014 10:45:00,7.11,7.12,7.05,7.1,6000
12/10/2014 11:00:00,7.1,7.1299,7.09,7.1299,1100
12/10/2014 11:15:00,7.11,7.11,7.07,7.1,1000
12/10/2014 11:30:00,7.08,7.1,7.07,7.1,695
12/10/2014 11:45:00,7.12,7.14,7.1,7.1066,1809
12/10/2014 12:00:00,7.1,7.13,7.1,7.1,750
12/10/2014 12:15:00,7.1,7.1,7.1,7.1,0
12/10/2014 12:30:00,7.11,7.11,7.06,7.06,849
12/10/2014 12:45:00,7.08,7.13,7.07,7.13,2525
12/10/2014 13:00:00,7.12,7.15,7.06,7.081,8521
12/10/2014 13:15:00,7.09,7.1,7.07,7.07,1075
12/10/2014 13:30:00,7.07,7.07,7.06,7.06,1700
12/10/2014 13:45:00,7.07,7.07,7.06,7.07,1100
12/10/2014 14:00:00,7.08,7.08,7.05,7.05,978
12/10/2014 14:15:00,7.05,7.05,7.0,7.02,2400
12/10/2014 14:30:00,7.015,7.066,6.97,6.98,6083
12/10/2014 14:45:00,6.98,6.99,6.93,6.97,2050
12/10/2014 15:00:00,6.96,6.97,6.88,6.955,1810
12/10/2014 15:15:00,7.0,7.01,6.9401,7.01,2140
12/10/2014 15:30:00,7.02,7.04,6.97,7.03,3100
12/10/2014 15:45:00,7.05,7.08,6.98,7.05,6196
12/10/2014 16:00:00,7.04,7.06,6.99,6.99,11365
12/11/2014 09:45:00,6.94,7.13,6.94,7.12,1182
12/11/2014 10:00:00,7.1,7.1,7.04,7.05,5997
12/11/2014 10:15:00,7.05,7.0601,6.99,7.033,4032
12/11/2014 10:30:00,7.04,7.08,7.04,7.04,7900
12/11/2014 10:45:00,7.0501,7.2797,7.0501,7.2797,3857
12/11/2014 11:00:00,7.27,7.28,7.18,7.2,2960
12/11/2014 11:15:00,7.2,7.22,7.1722,7.21,2007
12/11/2014 11:30:00,7.235,7.26,7.235,7.25,1109
12/11/2014 11:45:00,7.25,7.25,7.25,7.25,100
12/11/2014 12:00:00,7.2,7.2,7.17,7.19,2404
12/11/2014 12:15:00,7.2,7.21,7.2,7.21,500
12/11/2014 12:30:00,7.23,7.23,7.19,7.19,2858
12/11/2014 12:45:00,7.2,7.2,7.18,7.18,349
12/11/2014 13:00:00,7.2,7.24,7.2,7.24,2092
12/11/2014 13:15:00,7.22,7.25,7.21,7.25,1816
12/11/2014 13:30:00,7.25,7.25,7.19,7.23,1750
12/11/2014 13:45:00,7.24,7.25,7.21,7.225,1300
12/11/2014 14:00:00,7.23,7.23,7.16,7.16,1822
12/11/2014 14:15:00,7.16,7.21,7.16,7.21,1885
12/11/2014 14:30:00,7.2,7.24,7.18,7.2,5600
12/11/2014 14:45:00,7.2,7.2,7.15,7.15,7939
12/11/2014 15:00:00,7.15,7.27,7.15,7.27,11747
12/11/2014 15:15:00,7.24,7.24,7.14,7.14,6617
12/11/2014 15:30:00,7.14,7.1799,7.13,7.13,1700
12/11/2014 15:45:00,7.15,7.155,7.01,7.01,2207
12/11/2014 16:00:00,7.04,7.12,7.0,7.04,11792
12/12/2014 09:45:00,6.84,6.84,6.44,6.65,12844
12/12/2014 10:00:00,6.65,6.91,6.61,6.91,15408
12/12/2014 10:15:00,6.82,6.93,6.8,6.93,3903
12/12/2014 10:30:00,6.96,7.04,6.95,7.02,3000
12/12/2014 10:45:00,7.02,7.05,6.96,7.04,3284
12/12/2014 11:00:00,7.02,7.04,6.96,6.995,6800
12/12/2014 11:15:00,6.95,7.0,6.93,7.0,1867
12/12/2014 11:30:00,7.02,7.03,6.98,7.03,701
12/12/2014 11:45:00,7.01,7.01,7.0,7.01,900
12/12/2014 12:00:00,6.96,6.99,6.91,6.91,4257
12/12/2014 12:15:00,6.92,7.05,6.91,7.05,3997
12/12/2014 12:30:00,7.02,7.07,7.005,7.04,4244
12/12/2014 12:45:00,7.04,7.08,7.04,7.05,3706
12/12/2014 13:00:00,7.06,7.08,7.04,7.068,2943
12/12/2014 13:15:00,7.06,7.08,7.04,7.07,4119
12/12/2014 13:30:00,7.08,7.1,7.06,7.06,1032
12/12/2014 13:45:00,7.05,7.06,7.03,7.04,1033
12/12/2014 14:00:00,7.046,7.1,7.02,7.1,5555
12/12/2014 14:15:00,7.0999,7.1,7.08,7.08,1004
12/12/2014 14:30:00,7.08,7.1,7.08,7.1,1900
12/12/2014 14:45:00,7.1,7.13,7.04,7.11,3800
12/12/2014 15:00:00,7.11,7.1445,7.09,7.13,843
12/12/2014 15:15:00,7.12,7.14,7.04,7.05,4190
12/12/2014 15:30:00,7.07,7.07,7.02,7.05,2428
12/12/2014 15:45:00,7.06,7.1,7.02,7.02,1626
12/12/2014 16:00:00,7.05,7.05,6.99,6.99,13050
12/15/2014 09:45:00,7.01,7.18,6.95,7.1,4225
12/15/2014 10:00:00,7.1,7.1,6.98,7.04,10437
12/15/2014 10:15:00,6.94,7.04,6.94,7.03,572
12/15/2014 10:30:00,7.03,7.04,7.0,7.0,1056
12/15/2014 10:45:00,6.99,7.01,6.93,7.01,141535
12/15/2014 11:00:00,7.0,7.0,6.9,6.9,943
12/15/2014 11:15:00,6.94,7.0,6.9,7.0,300
12/15/2014 11:30:00,6.97,7.01,6.92,6.92,1751
12/15/2014 11:45:00,6.89,6.91,6.87,6.87,1072
12/15/2014 12:00:00,6.89,6.97,6.89,6.9,1200
12/15/2014 12:15:00,6.92,6.98,6.89,6.98,1591
12/15/2014 12:30:00,6.98,7.04,6.97,7.02,6408
12/15/2014 12:45:00,7.03,7.06,7.0,7.0,2982
12/15/2014 13:00:00,7.0,7.0,6.97,7.0,3300
12/15/2014 13:15:00,7.0,7.0,6.99,7.0,2200
12/15/2014 13:30:00,7.0,7.0,6.9839,7.0,6226
12/15/2014 13:45:00,7.0,7.05,7.0,7.0,1529
12/15/2014 14:00:00,7.0,7.02,6.97,6.99,1943
12/15/2014 14:15:00,6.99,7.0,6.99,7.0,701
12/15/2014 14:30:00,6.95,7.0,6.95,7.0,1499
12/15/2014 14:45:00,7.0,7.0,6.96,7.0,1443
12/15/2014 15:00:00,7.0,7.0,6.9501,6.99,950
12/15/2014 15:15:00,6.99,6.99,6.98,6.98,1600
12/15/2014 15:30:00,6.96,6.98,6.86,6.86,3982
12/15/2014 15:45:00,6.86,6.88,6.81,6.88,1543
12/15/2014 16:00:00,6.88,6.94,6.86,6.89,11473
12/16/2014 09:45:00,6.87,6.95,6.7709,6.95,5827
12/16/2014 10:00:00,7.03,7.03,6.97,7.01,9462
12/16/2014 10:15:00,7.01,7.06,7.01,7.06,5241
12/16/2014 10:30:00,7.06,7.13,7.06,7.07,5306
12/16/2014 10:45:00,7.079,7.11,7.0601,7.0601,1321
12/16/2014 11:00:00,7.06,7.12,7.04,7.12,4936
12/16/2014 11:15:00,7.12,7.16,7.11,7.15,3075
12/16/2014 11:30:00,7.15,7.22,7.15,7.22,5836
12/16/2014 11:45:00,7.24,7.25,7.22,7.24,1613
12/16/2014 12:00:00,7.22,7.23,7.2,7.2,2384
12/16/2014 12:15:00,7.201,7.209,7.18,7.18,1563
12/16/2014 12:30:00,7.18,7.18,7.15,7.15,1326
12/16/2014 12:45:00,7.17,7.17,7.15,7.15,2308
12/16/2014 13:00:00,7.17,7.17,7.1699,7.17,760
12/16/2014 13:15:00,7.16,7.16,7.14,7.1549,318
12/16/2014 13:30:00,7.16,7.16,7.11,7.11,2201
12/16/2014 13:45:00,7.11,7.16,7.11,7.16,500
12/16/2014 14:00:00,7.14,7.16,7.1,7.12,2231
12/16/2014 14:15:00,7.12,7.12,7.08,7.11,2165
12/16/2014 14:30:00,7.11,7.117,7.07,7.07,675
12/16/2014 14:45:00,7.07,7.1,7.07,7.1,1600
12/16/2014 15:00:00,7.1,7.11,7.08,7.08,958
12/16/2014 15:15:00,7.09,7.1004,7.07,7.07,2016
12/16/2014 15:30:00,7.07,7.09,7.02,7.06,3467
12/16/2014 15:45:00,7.03,7.07,6.99,7.01,1898
12/16/2014 16:00:00,7.0,7.04,6.95,6.95,19416
12/17/2014 09:45:00,6.96,7.1,6.96,7.05,2684
12/17/2014 10:00:00,7.05,7.12,7.021,7.12,9921
12/17/2014 10:15:00,7.11,7.24,7.09,7.195,3304
12/17/2014 10:30:00,7.2272,7.27,7.2272,7.24,2877
12/17/2014 10:45:00,7.25,7.28,7.2399,7.28,4000
12/17/2014 11:00:00,7.28,7.33,7.27,7.33,1944
12/17/2014 11:15:00,7.33,7.33,7.315,7.33,2012
12/17/2014 11:30:00,7.3201,7.46,7.32,7.42,5948
12/17/2014 11:45:00,7.42,7.42,7.39,7.41,8366
12/17/2014 12:00:00,7.4,7.5,7.4,7.5,4624
12/17/2014 12:15:00,7.5,7.5,7.49,7.49,367
12/17/2014 12:30:00,7.47,7.49,7.46,7.46,820
12/17/2014 12:45:00,7.46,7.48,7.45,7.48,1411
12/17/2014 13:00:00,7.45,7.48,7.45,7.47,1139
12/17/2014 13:15:00,7.48,7.52,7.48,7.52,3212
12/17/2014 13:30:00,7.52,7.52,7.47,7.49,7100
12/17/2014 13:45:00,7.52,7.52,7.47,7.47,3417
12/17/2014 14:00:00,7.46,7.46,7.43,7.44,548
12/17/2014 14:15:00,7.44,7.55,7.44,7.53,5592
12/17/2014 14:30:00,7.5,7.52,7.48,7.5,2285
12/17/2014 14:45:00,7.52,7.53,7.37,7.37,5377
12/17/2014 15:00:00,7.41,7.46,7.37,7.46,2835
12/17/2014 15:15:00,7.41,7.44,7.38,7.44,2700
12/17/2014 15:30:00,7.44,7.5,7.42,7.5,6514
12/17/2014 15:45:00,7.5,7.53,7.47,7.47,5466
12/17/2014 16:00:00,7.49,7.5,7.41,7.44,15180
12/18/2014 09:45:00,7.59,7.65,7.54,7.58,2365
12/18/2014 10:00:00,7.53,7.62,7.5,7.5,3126
12/18/2014 10:15:00,7.52,7.58,7.52,7.56,1430
12/18/2014 10:30:00,7.51,7.52,7.4,7.4,2010
12/18/2014 10:45:00,7.44,7.44,7.35,7.35,7251
12/18/2014 11:00:00,7.38,7.38,7.311,7.37,3012
12/18/2014 11:15:00,7.32,7.32,7.25,7.25,2146
12/18/2014 11:30:00,7.28,7.3,7.24,7.24,3270
12/18/2014 11:45:00,7.211,7.27,7.211,7.27,585
12/18/2014 12:00:00,7.27,7.3,7.25,7.3,1000
12/18/2014 12:15:00,7.25,7.29,7.25,7.29,500
12/18/2014 12:30:00,7.3,7.3,7.161,7.17,29638
12/18/2014 12:45:00,7.23,7.26,7.17,7.26,531
12/18/2014 13:00:00,7.2,7.24,7.2,7.24,600
12/18/2014 13:15:00,7.26,7.26,7.22,7.2599,1433
12/18/2014 13:30:00,7.24,7.29,7.24,7.29,300
12/18/2014 13:45:00,7.29,7.3,7.16,7.17,6518
12/18/2014 14:00:00,7.19,7.19,7.19,7.19,700
12/18/2014 14:15:00,7.19,7.24,7.19,7.2,691
12/18/2014 14:30:00,7.2,7.2,7.19,7.19,544
12/18/2014 14:45:00,7.25,7.27,7.23,7.27,419
12/18/2014 15:00:00,7.27,7.29,7.21,7.29,1159
12/18/2014 15:15:00,7.23,7.31,7.181,7.3,9017
12/18/2014 15:30:00,7.35,7.4,7.32,7.3599,1747
12/18/2014 15:45:00,7.4,7.4,7.36,7.37,3098
12/18/2014 16:00:00,7.4,7.48,7.37,7.39,11047
12/19/2014 09:45:00,7.38,7.41,7.33,7.41,28333
12/19/2014 10:00:00,7.42,7.5,7.41,7.5,3071
12/19/2014 10:15:00,7.52,7.52,7.4,7.4475,1214
12/19/2014 10:30:00,7.4195,7.53,7.4195,7.53,426
12/19/2014 10:45:00,7.48,7.5,7.45,7.49,525
12/19/2014 11:00:00,7.55,7.58,7.5,7.5,600
12/19/2014 11:15:00,7.505,7.505,7.505,7.505,200
12/19/2014 11:30:00,7.49,7.51,7.43,7.43,1100
12/19/2014 11:45:00,7.43,7.43,7.37,7.38,3253
12/19/2014 12:00:00,7.38,7.46,7.38,7.43,1484
12/19/2014 12:15:00,7.49,7.55,7.48,7.48,300
12/19/2014 12:30:00,7.51,7.53,7.51,7.53,500
12/19/2014 12:45:00,7.52,7.57,7.51,7.57,589
12/19/2014 13:00:00,7.56,7.62,7.56,7.62,400
12/19/2014 13:15:00,7.62,7.62,7.59,7.6,4110
12/19/2014 13:30:00,7.6,7.67,7.6,7.67,1174
12/19/2014 13:45:00,7.6899,7.7,7.64,7.64,542
12/19/2014 14:00:00,7.69,7.69,7.69,7.69,200
12/19/2014 14:15:00,7.66,7.7,7.66,7.67,1255
12/19/2014 14:30:00,7.66,7.71,7.66,7.71,503
12/19/2014 14:45:00,7.7,7.7,7.69,7.7,215
12/19/2014 15:00:00,7.72,7.75,7.67,7.67,2200
12/19/2014 15:15:00,7.7099,7.71,7.65,7.68,1625
12/19/2014 15:30:00,7.69,7.74,7.675,7.74,900
12/19/2014 15:45:00,7.74,7.79,7.68,7.72,8511
12/19/2014 16:00:00,7.68,7.74,7.53,7.59,19745
12/22/2014 09:45:00,7.7,7.7,7.35,7.36,4127
12/22/2014 10:00:00,7.35,7.38,7.32,7.38,4663
12/22/2014 10:15:00,7.46,7.46,7.32,7.32,3653
12/22/2014 10:30:00,7.33,7.38,7.32,7.32,6092
12/22/2014 10:45:00,7.35,7.37,7.33,7.33,417
12/22/2014 11:00:00,7.33,7.33,7.32,7.33,689
12/22/2014 11:15:00,7.33,7.33,7.25,7.25,2208
12/22/2014 11:30:00,7.25,7.2699,7.21,7.21,1709
12/22/2014 11:45:00,7.2,7.2,7.2,7.2,200
12/22/2014 12:00:00,7.2,7.22,7.17,7.22,976
12/22/2014 12:15:00,7.21,7.22,7.18,7.18,743
12/22/2014 12:30:00,7.22,7.22,7.21,7.21,598
12/22/2014 12:45:00,7.25,7.25,7.19,7.19,1600
12/22/2014 13:00:00,7.19,7.22,7.18,7.18,948
12/22/2014 13:15:00,7.18,7.18,7.18,7.18,0
12/22/2014 13:30:00,7.2,7.24,7.18,7.18,3515
12/22/2014 13:45:00,7.18,7.18,7.03,7.03,4007
12/22/2014 14:00:00,7.02,7.07,7.02,7.07,1910
12/22/2014 14:15:00,7.05,7.18,7.05,7.18,3900
12/22/2014 14:30:00,7.18,7.245,7.17,7.19,3000
12/22/2014 14:45:00,7.18,7.188,7.17,7.17,624
12/22/2014 15:00:00,7.1701,7.2,7.1701,7.19,700
12/22/2014 15:15:00,7.24,7.3,7.22,7.29,1467
12/22/2014 15:30:00,7.25,7.27,7.2,7.24,2409
12/22/2014 15:45:00,7.24,7.27,7.24,7.25,2438
12/22/2014 16:00:00,7.26,7.26,7.23,7.26,7879
12/23/2014 09:45:00,7.15,7.39,7.15,7.38,2860
12/23/2014 10:00:00,7.37,7.37,7.27,7.33,1693
12/23/2014 10:15:00,7.33,7.36,7.31,7.31,1396
12/23/2014 10:30:00,7.31,7.32,7.28,7.28,1786
12/23/2014 10:45:00,7.28,7.35,7.28,7.35,858
12/23/2014 11:00:00,7.33,7.33,7.22,7.2599,5045
12/23/2014 11:15:00,7.2,7.26,7.17,7.1947,2241
12/23/2014 11:30:00,7.18,7.21,7.16,7.2,1985
12/23/2014 11:45:00,7.21,7.21,7.18,7.18,1200
12/23/2014 12:00:00,7.21,7.22,7.18,7.18,1004
12/23/2014 12:15:00,7.2099,7.23,7.19,7.2,3414
12/23/2014 12:30:00,7.201,7.24,7.2,7.24,2820
12/23/2014 12:45:00,7.23,7.27,7.23,7.2596,948
12/23/2014 13:00:00,7.2596,7.2596,7.2596,7.2596,0
12/23/2014 13:15:00,7.27,7.34,7.24,7.24,2985
12/23/2014 13:30:00,7.28,7.3,7.28,7.29,1100
12/23/2014 13:45:00,7.27,7.27,7.23,7.254,800
12/23/2014 14:00:00,7.27,7.28,7.23,7.24,3982
12/23/2014 14:15:00,7.26,7.29,7.25,7.25,417
12/23/2014 14:30:00,7.29,7.3,7.26,7.3,2080
12/23/2014 14:45:00,7.29,7.3,7.26,7.27,1000
12/23/2014 15:00:00,7.29,7.33,7.25,7.26,2551
12/23/2014 15:15:00,7.32,7.39,7.31,7.39,5621
12/23/2014 15:30:00,7.4,7.48,7.39,7.43,3299
12/23/2014 15:45:00,7.5,7.5,7.43,7.49,1813
12/23/2014 16:00:00,7.49,7.53,7.48,7.51,8017
12/24/2014 09:45:00,7.51,7.51,7.46,7.51,508
12/24/2014 10:00:00,7.45,7.49,7.43,7.49,304
12/24/2014 10:15:00,7.47,7.51,7.47,7.51,117
12/24/2014 10:30:00,7.48,7.59,7.48,7.56,2017
12/24/2014 10:45:00,7.55,7.67,7.5,7.56,4677
12/24/2014 11:00:00,7.555,7.555,7.46,7.49,5260
12/24/2014 11:15:00,7.49,7.5,7.48,7.49,1817
12/24/2014 11:30:00,7.49,7.5,7.49,7.49,6360
12/24/2014 11:45:00,7.49,7.49,7.48,7.48,1354
12/24/2014 12:00:00,7.48,7.5,7.48,7.5,2600
12/24/2014 12:15:00,7.5,7.5,7.5,7.5,2116
12/24/2014 12:30:00,7.51,7.51,7.51,7.51,160
12/24/2014 12:45:00,7.52,7.53,7.51,7.51,500
12/24/2014 13:00:00,7.51,7.524,7.47,7.48,2639
12/24/2014 13:15:00,7.49,7.49,7.49,7.49,1743
12/24/2014 13:30:00,7.49,7.49,7.49,7.49,0
12/24/2014 13:45:00,7.49,7.49,7.49,7.49,0
12/24/2014 14:00:00,7.49,7.49,7.49,7.49,0
12/24/2014 14:15:00,7.49,7.49,7.49,7.49,0
12/24/2014 14:30:00,7.49,7.49,7.49,7.49,0
12/24/2014 14:45:00,7.49,7.49,7.49,7.49,0
12/24/2014 15:00:00,7.49,7.49,7.49,7.49,0
12/24/2014 15:15:00,7.49,7.49,7.49,7.49,0
12/24/2014 15:30:00,7.49,7.49,7.49,7.49,0
12/24/2014 15:45:00,7.49,7.49,7.49,7.49,0
12/24/2014 16:00:00,7.49,7.49,7.49,7.49,0
12/26/2014 09:45:00,7.54,7.73,7.4,7.59,1487
12/26/2014 10:00:00,7.6,7.8,7.6,7.79,1500
12/26/2014 10:15:00,7.79,7.83,7.72,7.83,1513
12/26/2014 10:30:00,7.8186,7.85,7.78,7.83,1906
12/26/2014 10:45:00,7.84,7.84,7.73,7.74,3212
12/26/2014 11:00:00,7.75,7.75,7.71,7.74,1300
12/26/2014 11:15:00,7.74,7.75,7.701,7.74,3145
12/26/2014 11:30:00,7.74,7.74,7.58,7.68,11181
12/26/2014 11:45:00,7.72,7.72,7.63,7.67,1300
12/26/2014 12:00:00,7.67,7.72,7.66,7.7,1000
12/26/2014 12:15:00,7.7,7.7,7.66,7.67,3075
12/26/2014 12:30:00,7.68,7.68,7.66,7.66,400
12/26/2014 12:45:00,7.66,7.69,7.66,7.69,672
12/26/2014 13:00:00,7.68,7.68,7.58,7.59,2694
12/26/2014 13:15:00,7.6,7.6,7.54,7.6,556
12/26/2014 13:30:00,7.56,7.6,7.56,7.59,1613
12/26/2014 13:45:00,7.59,7.59,7.55,7.59,630
12/26/2014 14:00:00,7.57,7.59,7.54,7.59,1179
12/26/2014 14:15:00,7.59,7.59,7.55,7.55,1042
12/26/2014 14:30:00,7.54,7.57,7.5,7.57,1758
12/26/2014 14:45:00,7.56,7.59,7.54,7.58,1925
12/26/2014 15:00:00,7.55,7.58,7.53,7.57,1630
12/26/2014 15:15:00,7.55,7.6,7.53,7.53,1704
12/26/2014 15:30:00,7.53,7.57,7.52,7.57,2383
12/26/2014 15:45:00,7.53,7.57,7.53,7.56,2439
12/26/2014 16:00:00,7.57,7.59,7.55,7.56,5151
12/29/2014 09:45:00,7.6,7.78,7.6,7.78,156
12/29/2014 10:00:00,7.78,7.78,7.66,7.73,210
12/29/2014 10:15:00,7.6408,7.72,7.6408,7.67,1054
12/29/2014 10:30:00,7.69,7.71,7.63,7.7,327
12/29/2014 10:45:00,7.68,7.75,7.66,7.66,3744
12/29/2014 11:00:00,7.66,7.6601,7.62,7.65,1894
12/29/2014 11:15:00,7.65,7.65,7.54,7.5601,1900
12/29/2014 11:30:00,7.54,7.54,7.54,7.54,100
12/29/2014 11:45:00,7.53,7.53,7.53,7.53,6
12/29/2014 12:00:00,7.53,7.57,7.53,7.56,800
12/29/2014 12:15:00,7.535,7.55,7.535,7.55,200
12/29/2014 12:30:00,7.55,7.55,7.55,7.55,100
12/29/2014 12:45:00,7.525,7.525,7.46,7.5,20518
12/29/2014 13:00:00,7.5,7.57,7.5,7.55,4900
12/29/2014 13:15:00,7.5,7.58,7.5,7.58,1702
12/29/2014 13:30:00,7.58,7.64,7.575,7.62,2042
12/29/2014 13:45:00,7.62,7.67,7.58,7.61,7325
12/29/2014 14:00:00,7.61,7.61,7.49,7.49,1700
12/29/2014 14:15:00,7.49,7.5,7.451,7.49,1475
12/29/2014 14:30:00,7.49,7.5,7.49,7.5,2668
12/29/2014 14:45:00,7.49,7.5,7.49,7.5,1801
12/29/2014 15:00:00,7.5,7.5,7.5,7.5,1881
12/29/2014 15:15:00,7.5,7.5,7.42,7.42,8173
12/29/2014 15:30:00,7.47,7.48,7.45,7.48,1799
12/29/2014 15:45:00,7.48,7.49,7.44,7.45,6036
12/29/2014 16:00:00,7.45,7.49,7.38,7.38,15132
12/30/2014 09:45:00,7.35,7.54,7.2201,7.45,1220
12/30/2014 10:00:00,7.42,7.42,7.35,7.36,4978
12/30/2014 10:15:00,7.33,7.41,7.27,7.27,11123
12/30/2014 10:30:00,7.33,7.3385,7.2701,7.3385,7075
12/30/2014 10:45:00,7.34,7.35,7.305,7.35,701
12/30/2014 11:00:00,7.33,7.35,7.29,7.291,3679
12/30/2014 11:15:00,7.29,7.29,7.2,7.21,1695
12/30/2014 11:30:00,7.2,7.2,7.17,7.17,1200
12/30/2014 11:45:00,7.2,7.21,7.145,7.21,1390
12/30/2014 12:00:00,7.16,7.17,7.15,7.15,1290
12/30/2014 12:15:00,7.15,7.21,7.15,7.21,1502
12/30/2014 12:30:00,7.23,7.23,7.2,7.21,1346
12/30/2014 12:45:00,7.2,7.25,7.2,7.21,1525
12/30/2014 13:00:00,7.213,7.26,7.16,7.21,6609
12/30/2014 13:15:00,7.22,7.25,7.19,7.19,1434
12/30/2014 13:30:00,7.19,7.24,7.16,7.21,2863
12/30/2014 13:45:00,7.21,7.21,7.17,7.21,1583
12/30/2014 14:00:00,7.21,7.23,7.18,7.23,4035
12/30/2014 14:15:00,7.2264,7.23,7.19,7.19,1761
12/30/2014 14:30:00,7.2,7.22,7.17,7.22,2524
12/30/2014 14:45:00,7.22,7.23,7.19,7.21,5953
12/30/2014 15:00:00,7.19,7.22,7.17,7.17,10228
12/30/2014 15:15:00,7.21,7.21,7.17,7.17,700
12/30/2014 15:30:00,7.15,7.19,7.12,7.16,4248
12/30/2014 15:45:00,7.17,7.2,7.15,7.16,14304
12/30/2014 16:00:00,7.16,7.26,7.15,7.15,22360
12/31/2014 09:45:00,7.17,7.2,7.04,7.1899,937
12/31/2014 10:00:00,7.16,7.16,7.04,7.04,4590
12/31/2014 10:15:00,7.09,7.11,7.06,7.09,13589
12/31/2014 10:30:00,7.09,7.2,7.09,7.19,16363
12/31/2014 10:45:00,7.19,7.2,7.16,7.18,1834
12/31/2014 11:00:00,7.18,7.2,7.16,7.175,3133
12/31/2014 11:15:00,7.19,7.23,7.19,7.21,10616
12/31/2014 11:30:00,7.22,7.28,7.22,7.28,4175
12/31/2014 11:45:00,7.305,7.31,7.28,7.31,1510
12/31/2014 12:00:00,7.29,7.36,7.27,7.35,5172
12/31/2014 12:15:00,7.35,7.35,7.32,7.35,1600
12/31/2014 12:30:00,7.35,7.37,7.31,7.31,1310
12/31/2014 12:45:00,7.31,7.31,7.31,7.31,0
12/31/2014 13:00:00,7.322,7.322,7.28,7.29,1058
12/31/2014 13:15:00,7.2998,7.36,7.29,7.32,4170
12/31/2014 13:30:00,7.33,7.35,7.28,7.32,2100
12/31/2014 13:45:00,7.32,7.33,7.32,7.32,400
12/31/2014 14:00:00,7.33,7.35,7.29,7.35,2300
12/31/2014 14:15:00,7.36,7.36,7.28,7.33,831
12/31/2014 14:30:00,7.34,7.34,7.33,7.34,1004
12/31/2014 14:45:00,7.34,7.35,7.33,7.34,1748
12/31/2014 15:00:00,7.33,7.39,7.33,7.39,1254
12/31/2014 15:15:00,7.38,7.4,7.33,7.397,4879
12/31/2014 15:30:00,7.41,7.48,7.405,7.45,3999
12/31/2014 15:45:00,7.41,7.47,7.41,7.449,6550
12/31/2014 16:00:00,7.445,7.48,7.4,7.45,21954
01/02/2015 09:45:00,7.47,7.47,7.39,7.39,681
01/02/2015 10:00:00,7.45,7.5,7.44,7.48,3985
01/02/2015 10:15:00,7.498,7.498,7.4201,7.445,2176
01/02/2015 10:30:00,7.42,7.45,7.39,7.4,1319
01/02/2015 10:45:00,7.33,7.34,7.3001,7.33,1886
01/02/2015 11:00:00,7.33,7.3532,7.28,7.3532,360
01/02/2015 11:15:00,7.2881,7.359,7.2881,7.359,249
01/02/2015 11:30:00,7.33,7.37,7.25,7.37,3318
01/02/2015 11:45:00,7.3201,7.39,7.3201,7.3472,1300
01/02/2015 12:00:00,7.39,7.44,7.39,7.39,500
01/02/2015 12:15:00,7.3942,7.44,7.3942,7.44,405
01/02/2015 12:30:00,7.4,7.4,7.39,7.39,200
01/02/2015 12:45:00,7.42,7.42,7.42,7.42,100
01/02/2015 13:00:00,7.42,7.45,7.4,7.4,300
01/02/2015 13:15:00,7.45,7.47,7.45,7.47,430
01/02/2015 13:30:00,7.43,7.43,7.43,7.43,30
01/02/2015 13:45:00,7.465,7.49,7.465,7.47,801
01/02/2015 14:00:00,7.45,7.45,7.45,7.45,300
01/02/2015 14:15:00,7.44,7.4564,7.41,7.41,716
01/02/2015 14:30:00,7.41,7.43,7.4001,7.43,632
01/02/2015 14:45:00,7.41,7.45,7.4,7.45,559
01/02/2015 15:00:00,7.45,7.45,7.45,7.45,0
01/02/2015 15:15:00,7.43,7.49,7.43,7.477,930
01/02/2015 15:30:00,7.5,7.5,7.46,7.46,1265
01/02/2015 15:45:00,7.46,7.49,7.45,7.46,616
01/02/2015 16:00:00,7.47,7.56,7.45,7.55,8643
01/05/2015 09:45:00,7.47,7.48,7.3,7.3,4723
01/05/2015 10:00:00,7.3,7.3,7.3,7.3,0
01/05/2015 10:15:00,7.3001,7.35,7.3,7.35,5458
01/05/2015 10:30:00,7.35,7.4,7.35,7.36,5747
01/05/2015 10:45:00,7.35,7.38,7.34,7.37,5308
01/05/2015 11:00:00,7.37,7.37,7.37,7.37,200
01/05/2015 11:15:00,7.32,7.33,7.3,7.3,511
01/05/2015 11:30:00,7.3,7.32,7.29,7.32,3500
01/05/2015 11:45:00,7.33,7.335,7.28,7.28,2549
01/05/2015 12:00:00,7.3,7.3,7.28,7.3,2200
01/05/2015 12:15:00,7.25,7.29,7.25,7.29,1731
01/05/2015 12:30:00,7.28,7.28,7.25,7.25,9975
01/05/2015 12:45:00,7.25,7.26,7.25,7.26,4600
01/05/2015 13:00:00,7.27,7.28,7.26,7.26,500
01/05/2015 13:15:00,7.26,7.27,7.25,7.25,1800
01/05/2015 13:30:00,7.25,7.25,7.195,7.195,5350
01/05/2015 13:45:00,7.2,7.2,7.1499,7.1499,2800
01/05/2015 14:00:00,7.14,7.15,7.14,7.14,1930
01/05/2015 14:15:00,7.14,7.15,7.14,7.14,1500
01/05/2015 14:30:00,7.14,7.25,7.14,7.19,5300
01/05/2015 14:45:00,7.19,7.19,7.14,7.15,700
01/05/2015 15:00:00,7.15,7.17,7.15,7.16,700
01/05/2015 15:15:00,7.16,7.17,7.15,7.15,9510
01/05/2015 15:30:00,7.17,7.17,7.15,7.15,951
01/05/2015 15:45:00,7.15,7.17,7.15,7.1501,1664
01/05/2015 16:00:00,7.16,7.2,7.15,7.2,6861
01/06/2015 09:45:00,7.2,7.336,7.01,7.29,4158
01/06/2015 10:00:00,7.29,7.29,7.27,7.27,200
01/06/2015 10:15:00,7.26,7.33,7.26,7.3,1094
01/06/2015 10:30:00,7.32,7.32,7.24,7.29,706
01/06/2015 10:45:00,7.25,7.265,7.24,7.24,1540
01/06/2015 11:00:00,7.24,7.26,7.24,7.24,3200
01/06/2015 11:15:00,7.24,7.27,7.23,7.25,4302
01/06/2015 11:30:00,7.25,7.26,7.24,7.25,3204
01/06/2015 11:45:00,7.25,7.27,7.23,7.27,6460
01/06/2015 12:00:00,7.26,7.2799,7.26,7.26,2455
01/06/2015 12:15:00,7.26,7.28,7.26,7.27,4540
01/06/2015 12:30:00,7.24,7.2899,7.24,7.2899,704
01/06/2015 12:45:00,7.29,7.31,7.28,7.31,1030
01/06/2015 13:00:00,7.31,7.31,7.26,7.26,4800
01/06/2015 13:15:00,7.26,7.31,7.26,7.3,5059
01/06/2015 13:30:00,7.3,7.36,7.25,7.25,4100
01/06/2015 13:45:00,7.2054,7.215,7.2,7.2072,1800
01/06/2015 14:00:00,7.215,7.23,7.17,7.17,3100
01/06/2015 14:15:00,7.12,7.13,7.07,7.07,700
01/06/2015 14:30:00,7.06,7.07,7.01,7.07,2340
01/06/2015 14:45:00,7.08,7.1,7.07,7.09,796
01/06/2015 15:00:00,7.1,7.14,7.1,7.1,1400
01/06/2015 15:15:00,7.06,7.09,7.06,7.09,500
01/06/2015 15:30:00,7.08,7.1,7.08,7.081,1700
01/06/2015 15:45:00,7.11,7.11,7.06,7.08,2300
01/06/2015 16:00:00,7.08,7.12,7.06,7.07,10997
01/07/2015 09:45:00,7.11,7.31,7.01,7.03,345
01/07/2015 10:00:00,7.05,7.1,7.05,7.1,600
01/07/2015 10:15:00,7.15,7.15,7.09,7.12,2100
01/07/2015 10:30:00,7.1,7.1,7.07,7.1,313
01/07/2015 10:45:00,7.09,7.09,7.05,7.05,1506
01/07/2015 11:00:00,7.05,7.06,7.05,7.05,400
01/07/2015 11:15:00,7.0599,7.0599,7.05,7.05,5469
01/07/2015 11:30:00,7.06,7.06,7.06,7.06,559
01/07/2015 11:45:00,7.05,7.068,7.05,7.05,1831
01/07/2015 12:00:00,7.068,7.068,7.04,7.04,1286
01/07/2015 12:15:00,7.01,7.01,6.97,7.0,4200
01/07/2015 12:30:00,7.0,7.0,7.0,7.0,733
01/07/2015 12:45:00,7.0,7.0001,7.0,7.0001,2600
01/07/2015 13:00:00,7.0,7.005,6.98,6.98,5732
01/07/2015 13:15:00,6.96,6.96,6.92,6.92,1869
01/07/2015 13:30:00,6.93,6.95,6.92,6.92,900
01/07/2015 13:45:00,6.92,6.92,6.91,6.91,400
01/07/2015 14:00:00,6.91,6.91,6.82,6.84,3090
01/07/2015 14:15:00,6.84,6.8699,6.8201,6.84,1031
01/07/2015 14:30:00,6.84,6.84,6.81,6.81,1500
01/07/2015 14:45:00,6.81,6.9,6.81,6.89,1815
01/07/2015 15:00:00,6.84,6.85,6.83,6.85,900
01/07/2015 15:15:00,6.85,6.87,6.83,6.87,500
01/07/2015 15:30:00,6.87,6.91,6.87,6.8788,2800
01/07/2015 15:45:00,6.9,6.91,6.88,6.91,3100
01/07/2015 16:00:00,6.91,6.93,6.9,6.93,6247
01/08/2015 09:45:00,6.93,7.34,6.93,7.03,2241
01/08/2015 10:00:00,7.04,7.09,6.98,6.98,455
01/08/2015 10:15:00,6.98,6.99,6.97,6.97,700
01/08/2015 10:30:00,6.95,6.95,6.9,6.91,912
01/08/2015 10:45:00,6.9,6.96,6.87,6.96,1543
01/08/2015 11:00:00,6.94,7.05,6.94,7.03,279
01/08/2015 11:15:00,7.03,7.03,6.98,6.98,213
01/08/2015 11:30:00,7.06,7.06,6.99,6.99,1122
01/08/2015 11:45:00,7.06,7.06,7.01,7.01,212
01/08/2015 12:00:00,7.01,7.054,7.0,7.0,407
01/08/2015 12:15:00,7.02,7.03,7.02,7.03,20
01/08/2015 12:30:00,7.03,7.06,7.03,7.05,1023
01/08/2015 12:45:00,7.1,7.16,7.1,7.16,1200
01/08/2015 13:00:00,7.1,7.13,7.08,7.13,132
01/08/2015 13:15:00,7.08,7.08,7.08,7.08,10
01/08/2015 13:30:00,7.04,7.05,7.03,7.03,222
01/08/2015 13:45:00,7.03,7.07,7.03,7.06,213
01/08/2015 14:00:00,7.04,7.04,7.0,7.0,1279
01/08/2015 14:15:00,7.0,7.04,6.96,7.03,1985
01/08/2015 14:30:00,7.05,7.05,6.99,7.05,1436
01/08/2015 14:45:00,7.06,7.11,7.06,7.11,764
01/08/2015 15:00:00,7.08,7.08,7.07,7.07,113
01/08/2015 15:15:00,7.07,7.0999,7.07,7.07,393
01/08/2015 15:30:00,7.1,7.12,7.07,7.11,420
01/08/2015 15:45:00,7.08,7.08,7.07,7.07,459
01/08/2015 16:00:00,7.07,7.14,7.07,7.12,4893
01/09/2015 09:45:00,7.07,7.07,7.04,7.04,459
01/09/2015 10:00:00,7.0,7.03,7.0,7.0,1937
01/09/2015 10:15:00,7.01,7.02,7.01,7.02,17
01/09/2015 10:30:00,7.01,7.06,7.01,7.06,122
01/09/2015 10:45:00,7.06,7.1,7.06,7.1,44
01/09/2015 11:00:00,7.04,7.11,7.04,7.11,15
01/09/2015 11:15:00,7.04,7.06,7.02,7.03,935
01/09/2015 11:30:00,7.05,7.06,7.04,7.04,3921
01/09/2015 11:45:00,7.04,7.04,7.04,7.04,24
01/09/2015 12:00:00,7.04,7.11,7.04,7.11,143
01/09/2015 12:15:00,7.07,7.11,7.07,7.11,278
01/09/2015 12:30:00,7.11,7.11,7.11,7.11,0
01/09/2015 12:45:00,7.06,7.11,7.06,7.1099,1323
01/09/2015 13:00:00,7.07,7.17,7.07,7.12,3364
01/09/2015 13:15:00,7.12,7.12,7.12,7.12,0
01/09/2015 13:30:00,7.1,7.1,7.08,7.08,312
01/09/2015 13:45:00,7.1,7.1346,7.08,7.1346,669
01/09/2015 14:00:00,7.14,7.2,7.14,7.2,3821
01/09/2015 14:15:00,7.2,7.23,7.2,7.23,132
01/09/2015 14:30:00,7.31,7.31,7.29,7.29,501
01/09/2015 14:45:00,7.26,7.2835,7.25,7.25,63
01/09/2015 15:00:00,7.32,7.32,7.29,7.29,122
01/09/2015 15:15:00,7.28,7.28,7.21,7.22,1111
01/09/2015 15:30:00,7.24,7.24,7.21,7.21,44
01/09/2015 15:45:00,7.22,7.25,7.18,7.21,400
01/09/2015 16:00:00,7.21,7.38,7.2,7.31,25172
01/12/2015 09:45:00,7.27,7.35,7.23,7.2401,6460
01/12/2015 10:00:00,7.23,7.25,7.0801,7.25,4059
01/12/2015 10:15:00,7.25,7.28,7.205,7.205,2937
01/12/2015 10:30:00,7.19,7.19,7.12,7.16,600
01/12/2015 10:45:00,7.155,7.25,7.13,7.24,910
01/12/2015 11:00:00,7.21,7.21,7.13,7.13,1650
01/12/2015 11:15:00,7.19,7.19,7.15,7.165,300
01/12/2015 11:30:00,7.15,7.17,7.15,7.17,1120
01/12/2015 11:45:00,7.17,7.2,7.16,7.2,681
01/12/2015 12:00:00,7.195,7.2,7.19,7.195,1401
01/12/2015 12:15:00,7.195,7.2,7.15,7.15,1119
01/12/2015 12:30:00,7.165,7.17,7.15,7.17,3419
01/12/2015 12:45:00,7.17,7.17,7.15,7.17,700
01/12/2015 13:00:00,7.1571,7.17,7.15,7.17,3300
01/12/2015 13:15:00,7.17,7.21,7.15,7.2,2600
01/12/2015 13:30:00,7.21,7.21,7.2,7.2,551
01/12/2015 13:45:00,7.21,7.21,7.19,7.21,1300
01/12/2015 14:00:00,7.24,7.25,7.24,7.24,400
01/12/2015 14:15:00,7.25,7.31,7.24,7.31,2000
01/12/2015 14:30:00,7.295,7.49,7.25,7.2572,13098
01/12/2015 14:45:00,7.22,7.22,7.18,7.195,1300
01/12/2015 15:00:00,7.19,7.2,7.16,7.19,1400
01/12/2015 15:15:00,7.215,7.23,7.21,7.21,900
01/12/2015 15:30:00,7.22,7.22,7.2,7.22,1015
01/12/2015 15:45:00,7.2,7.24,7.2,7.23,4192
01/12/2015 16:00:00,7.23,7.33,7.21,7.23,9728
01/13/2015 09:45:00,7.23,7.23,7.2,7.22,1021
01/13/2015 10:00:00,7.22,7.32,7.22,7.32,553
01/13/2015 10:15:00,7.33,7.33,7.31,7.31,400
01/13/2015 10:30:00,7.2589,7.26,7.2589,7.26,1121
01/13/2015 10:45:00,7.28,7.31,7.28,7.31,909
01/13/2015 11:00:00,7.3001,7.34,7.3,7.34,3902
01/13/2015 11:15:00,7.34,7.35,7.33,7.33,948
01/13/2015 11:30:00,7.3399,7.3399,7.3,7.31,1488
01/13/2015 11:45:00,7.31,7.31,7.3,7.3,194
01/13/2015 12:00:00,7.31,7.32,7.29,7.32,749
01/13/2015 12:15:00,7.29,7.302,7.25,7.25,1938
01/13/2015 12:30:00,7.25,7.25,7.23,7.23,275
01/13/2015 12:45:00,7.23,7.23,7.23,7.23,136
01/13/2015 13:00:00,7.25,7.25,7.23,7.24,381
01/13/2015 13:15:00,7.24,7.24,7.23,7.23,474
01/13/2015 13:30:00,7.23,7.24,7.21,7.24,436
01/13/2015 13:45:00,7.2,7.2,7.18,7.18,536
01/13/2015 14:00:00,7.22,7.22,7.18,7.18,500
01/13/2015 14:15:00,7.17,7.19,7.12,7.12,2214
01/13/2015 14:30:00,7.12,7.14,7.12,7.12,172
01/13/2015 14:45:00,7.12,7.1887,7.12,7.17,2462
01/13/2015 15:00:00,7.17,7.17,7.1467,7.15,777
01/13/2015 15:15:00,7.14,7.14,7.1,7.11,1007
01/13/2015 15:30:00,7.11,7.13,7.11,7.13,263
01/13/2015 15:45:00,7.13,7.26,7.13,7.24,4635
01/13/2015 16:00:00,7.21,7.3,7.2,7.27,7348
01/14/2015 09:45:00,7.14,7.29,6.8,7.29,1711
01/14/2015 10:00:00,7.24,7.25,7.191,7.191,387
01/14/2015 10:15:00,7.25,7.25,7.2,7.2,211
01/14/2015 10:30:00,7.2,7.26,7.2,7.25,306
01/14/2015 10:45:00,7.23,7.2799,7.15,7.2799,919
01/14/2015 11:00:00,7.21,7.21,7.19,7.19,200
01/14/2015 11:15:00,7.1401,7.1401,7.14,7.14,200
01/14/2015 11:30:00,7.14,7.14,7.12,7.12,400
01/14/2015 11:45:00,7.11,7.15,7.11,7.13,500
01/14/2015 12:00:00,7.1,7.1,7.1,7.1,100
01/14/2015 12:15:00,7.06,7.07,7.03,7.03,506
01/14/2015 12:30:00,7.01,7.01,7.01,7.01,200
01/14/2015 12:45:00,7.05,7.07,7.03,7.0401,600
01/14/2015 13:00:00,7.04,7.08,7.03,7.08,702
01/14/2015 13:15:00,7.09,7.09,7.09,7.09,323
01/14/2015 13:30:00,7.01,7.01,7.0,7.0,104
01/14/2015 13:45:00,7.01,7.01,6.98,6.99,317
01/14/2015 14:00:00,7.03,7.04,7.01,7.04,215
01/14/2015 14:15:00,7.01,7.13,7.01,7.13,600
01/14/2015 14:30:00,7.16,7.28,7.12,7.25,1200
01/14/2015 14:45:00,7.29,7.33,7.27,7.27,2900
01/14/2015 15:00:00,7.29,7.29,7.17,7.2345,2796
01/14/2015 15:15:00,7.23,7.27,7.23,7.27,1450
01/14/2015 15:30:00,7.31,7.32,7.29,7.29,790
01/14/2015 15:45:00,7.32,7.32,7.29,7.3,2000
01/14/2015 16:00:00,7.31,7.32,7.3,7.32,4094
01/15/2015 09:45:00,7.33,7.64,7.29,7.37,2401
01/15/2015 10:00:00,7.37,7.37,7.17,7.17,636
01/15/2015 10:15:00,7.17,7.17,7.12,7.12,286
01/15/2015 10:30:00,7.13,7.13,7.09,7.09,169
01/15/2015 10:45:00,7.11,7.11,7.09,7.09,256
01/15/2015 11:00:00,7.05,7.07,7.05,7.07,868
01/15/2015 11:15:00,7.08,7.09,6.98,6.98,8106
01/15/2015 11:30:00,7.02,7.02,6.88,6.88,5667
01/15/2015 11:45:00,6.91,6.97,6.89,6.96,1183
01/15/2015 12:00:00,6.97,7.01,6.96,6.96,1037
01/15/2015 12:15:00,6.96,7.05,6.96,6.96,1300
01/15/2015 12:30:00,6.96,6.96,6.95,6.95,114
01/15/2015 12:45:00,6.96,6.96,6.95,6.95,200
01/15/2015 13:00:00,6.9999,6.9999,6.95,6.95,162
01/15/2015 13:15:00,6.99,6.99,6.9,6.91,3750
01/15/2015 13:30:00,6.86,6.8999,6.76,6.76,4034
01/15/2015 13:45:00,6.77,6.79,6.76,6.76,3980
01/15/2015 14:00:00,6.78,6.8,6.78,6.8,3970
01/15/2015 14:15:00,6.7772,6.81,6.7772,6.81,1578
01/15/2015 14:30:00,6.8,6.8,6.8,6.8,400
01/15/2015 14:45:00,6.8,6.82,6.8,6.82,3513
01/15/2015 15:00:00,6.8,6.86,6.8,6.84,1151
01/15/2015 15:15:00,6.84,6.85,6.84,6.85,215
01/15/2015 15:30:00,6.845,6.96,6.845,6.96,10877
01/15/2015 15:45:00,6.94,6.985,6.94,6.955,5323
01/15/2015 16:00:00,6.955,7.04,6.93,7.04,10025
01/16/2015 09:45:00,6.94,7.1,6.94,7.04,5028
01/16/2015 10:00:00,7.12,7.12,7.12,7.12,100
01/16/2015 10:15:00,7.13,7.2,7.13,7.2,503
01/16/2015 10:30:00,7.15,7.259,7.15,7.25,574
01/16/2015 10:45:00,7.23,7.25,7.2,7.25,408
01/16/2015 11:00:00,7.25,7.25,7.23,7.23,598
01/16/2015 11:15:00,7.22,7.22,7.09,7.09,4154
01/16/2015 11:30:00,7.09,7.09,7.09,7.09,102
01/16/2015 11:45:00,7.09,7.17,7.07,7.07,2542
01/16/2015 12:00:00,7.0693,7.0693,7.01,7.05,903
01/16/2015 12:15:00,7.09,7.1,7.05,7.05,1956
01/16/2015 12:30:00,7.06,7.135,7.05,7.11,1402
01/16/2015 12:45:00,7.16,7.25,7.15,7.241,2402
01/16/2015 13:00:00,7.18,7.18,7.17,7.17,102
01/16/2015 13:15:00,7.19,7.27,7.17,7.21,2403
01/16/2015 13:30:00,7.22,7.22,7.22,7.22,3
01/16/2015 13:45:00,7.27,7.27,7.27,7.27,100
01/16/2015 14:00:00,7.29,7.3,7.27,7.28,202
01/16/2015 14:15:00,7.28,7.28,7.28,7.28,100
01/16/2015 14:30:00,7.25,7.27,7.25,7.27,522
01/16/2015 14:45:00,7.3,7.3,7.3,7.3,3
01/16/2015 15:00:00,7.31,7.31,7.31,7.31,100
01/16/2015 15:15:00,7.28,7.28,7.26,7.28,2600
01/16/2015 15:30:00,7.28,7.28,7.28,7.28,100
01/16/2015 15:45:00,7.3,7.37,7.3,7.365,1365
01/16/2015 16:00:00,7.35,7.43,7.35,7.43,7941
01/20/2015 09:45:00,7.32,7.42,6.99,7.26,1745
01/20/2015 10:00:00,7.29,7.32,7.29,7.32,316
01/20/2015 10:15:00,7.3,7.31,7.2876,7.29,2389
01/20/2015 10:30:00,7.13,7.3,7.13,7.3,1000
01/20/2015 10:45:00,7.3,7.3,7.28,7.3,2495
01/20/2015 11:00:00,7.3,7.43,7.27,7.43,1908
01/20/2015 11:15:00,7.35,7.35,7.35,7.35,10
01/20/2015 11:30:00,7.43,7.43,7.4093,7.4299,139
01/20/2015 11:45:00,7.38,7.43,7.37,7.37,800
01/20/2015 12:00:00,7.3,7.3,7.3,7.3,200
01/20/2015 12:15:00,7.3,7.3,7.3,7.3,0
01/20/2015 12:30:00,7.3599,7.41,7.3599,7.41,483
01/20/2015 12:45:00,7.41,7.41,7.41,7.41,0
01/20/2015 13:00:00,7.2,7.3,7.2,7.3,259
01/20/2015 13:15:00,7.33,7.33,7.21,7.21,400
01/20/2015 13:30:00,7.29,7.31,7.29,7.31,600
01/20/2015 13:45:00,7.33,7.35,7.33,7.35,200
01/20/2015 14:00:00,7.35,7.44,7.35,7.44,500
01/20/2015 14:15:00,7.375,7.375,7.35,7.35,200
01/20/2015 14:30:00,7.3457,7.38,7.3457,7.38,167
01/20/2015 14:45:00,7.32,7.32,7.32,7.32,100
01/20/2015 15:00:00,7.32,7.32,7.32,7.32,0
01/20/2015 15:15:00,7.34,7.34,7.27,7.33,2397
01/20/2015 15:30:00,7.3,7.32,7.24,7.32,1000
01/20/2015 15:45:00,7.34,7.34,7.23,7.24,2062
01/20/2015 16:00:00,7.28,7.4001,7.25,7.4,10043
01/21/2015 09:45:00,7.36,7.41,7.24,7.38,4855
01/21/2015 10:00:00,7.38,7.4,7.307,7.307,3172
01/21/2015 10:15:00,7.4499,7.4499,7.38,7.38,180
01/21/2015 10:30:00,7.38,7.38,7.38,7.38,0
01/21/2015 10:45:00,7.36,7.36,7.36,7.36,300
01/21/2015 11:00:00,7.4101,7.4101,7.41,7.41,600
01/21/2015 11:15:00,7.4,7.4,7.4,7.4,300
01/21/2015 11:30:00,7.4,7.4,7.35,7.39,800
01/21/2015 11:45:00,7.37,7.39,7.37,7.39,500
01/21/2015 12:00:00,7.39,7.39,7.39,7.39,0
01/21/2015 12:15:00,7.38,7.38,7.35,7.35,6070
01/21/2015 12:30:00,7.37,7.38,7.37,7.38,511
01/21/2015 12:45:00,7.38,7.38,7.35,7.35,570
01/21/2015 13:00:00,7.38,7.38,7.36,7.37,261
01/21/2015 13:15:00,7.37,7.43,7.37,7.43,1172
01/21/2015 13:30:00,7.41,7.41,7.34,7.37,5095
01/21/2015 13:45:00,7.385,7.385,7.36,7.36,2100
01/21/2015 14:00:00,7.4,7.4,7.3538,7.3538,3005
01/21/2015 14:15:00,7.385,7.385,7.385,7.385,210
01/21/2015 14:30:00,7.395,7.4,7.37,7.4,905
01/21/2015 14:45:00,7.403,7.41,7.403,7.41,755
01/21/2015 15:00:00,7.41,7.41,7.41,7.41,0
01/21/2015 15:15:00,7.42,7.43,7.41,7.41,1300
01/21/2015 15:30:00,7.42,7.45,7.42,7.45,500
01/21/2015 15:45:00,7.45,7.5,7.45,7.5,16823
01/21/2015 16:00:00,7.5,7.65,7.5,7.65,12323
01/22/2015 09:45:00,7.64,7.64,7.2703,7.2703,400
01/22/2015 10:00:00,7.44,7.82,7.4,7.45,2054
01/22/2015 10:15:00,7.42,7.42,7.42,7.42,100
01/22/2015 10:30:00,7.45,7.46,7.45,7.46,200
01/22/2015 10:45:00,7.46,7.55,7.46,7.55,300
01/22/2015 11:00:00,7.5,7.56,7.42,7.56,1709
01/22/2015 11:15:00,7.49,7.49,7.42,7.42,110
01/22/2015 11:30:00,7.45,7.6,7.44,7.44,750
01/22/2015 11:45:00,7.5,7.59,7.5,7.54,801
01/22/2015 12:00:00,7.5,7.56,7.48,7.48,1345
01/22/2015 12:15:00,7.52,7.54,7.515,7.54,622
01/22/2015 12:30:00,7.49,7.5,7.49,7.5,300
01/22/2015 12:45:00,7.48,7.48,7.45,7.45,500
01/22/2015 13:00:00,7.53,7.53,7.53,7.53,100
01/22/2015 13:15:00,7.5,7.5,7.44,7.44,330
01/22/2015 13:30:00,7.45,7.5,7.45,7.5,722
01/22/2015 13:45:00,7.45,7.54,7.45,7.54,700
01/22/2015 14:00:00,7.49,7.56,7.46,7.56,622
01/22/2015 14:15:00,7.512,7.61,7.48,7.56,1410
01/22/2015 14:30:00,7.51,7.62,7.5,7.62,2576
01/22/2015 14:45:00,7.54,7.62,7.53,7.57,1410
01/22/2015 15:00:00,7.63,7.65,7.57,7.59,1122
01/22/2015 15:15:00,7.58,7.59,7.57,7.58,1500
01/22/2015 15:30:00,7.58,7.77,7.49,7.73,9887
01/22/2015 15:45:00,7.63,7.63,7.6,7.6,704
01/22/2015 16:00:00,7.63,7.72,7.61,7.67,6300
01/23/2015 09:45:00,7.69,7.705,7.47,7.705,461
01/23/2015 10:00:00,7.88,7.88,7.6,7.6,469
01/23/2015 10:15:00,7.5903,7.79,7.5903,7.726,3192
01/23/2015 10:30:00,7.68,7.68,7.59,7.68,300
01/23/2015 10:45:00,7.69,7.69,7.64,7.64,500
01/23/2015 11:00:00,7.69,7.69,7.63,7.68,301
01/23/2015 11:15:00,7.65,7.78,7.65,7.765,2612
01/23/2015 11:30:00,7.75,7.78,7.74,7.78,3107
01/23/2015 11:45:00,7.82,7.89,7.82,7.84,500
01/23/2015 12:00:00,7.869,7.99,7.846,7.94,1669
01/23/2015 12:15:00,7.939,8.1,7.939,8.02,6135
01/23/2015 12:30:00,8.03,8.09,8.0,8.0,4733
01/23/2015 12:45:00,8.0,8.04,8.0,8.03,466
01/23/2015 13:00:00,8.0,8.04,8.0,8.0,2199
01/23/2015 13:15:00,8.05,8.05,7.95,7.978,1460
01/23/2015 13:30:00,7.94,7.94,7.85,7.85,500
01/23/2015 13:45:00,7.89,7.89,7.8137,7.8137,2303
01/23/2015 14:00:00,7.8,7.83,7.73,7.73,4315
01/23/2015 14:15:00,7.71,7.71,7.71,7.71,100
01/23/2015 14:30:00,7.76,7.76,7.76,7.76,100
01/23/2015 14:45:00,7.8,7.8,7.7965,7.7965,407
01/23/2015 15:00:00,7.76,7.76,7.76,7.76,200
01/23/2015 15:15:00,7.77,7.77,7.7,7.7,1700
01/23/2015 15:30:00,7.59,7.59,7.59,7.59,100
01/23/2015 15:45:00,7.61,7.67,7.61,7.64,1549
01/23/2015 16:00:00,7.66,7.67,7.6,7.63,2677
01/26/2015 09:45:00,7.58,7.58,7.49,7.49,1216
01/26/2015 10:00:00,7.57,7.57,7.46,7.53,1157
01/26/2015 10:15:00,7.47,7.47,7.44,7.47,1300
01/26/2015 10:30:00,7.47,7.47,7.43,7.43,900
01/26/2015 10:45:00,7.4001,7.47,7.4,7.46,785
01/26/2015 11:00:00,7.43,7.44,7.42,7.44,900
01/26/2015 11:15:00,7.39,7.44,7.38,7.38,1701
01/26/2015 11:30:00,7.41,7.42,7.36,7.41,800
01/26/2015 11:45:00,7.4,7.45,7.4,7.4,599
01/26/2015 12:00:00,7.4,7.4,7.4,7.4,0
01/26/2015 12:15:00,7.43,7.46,7.41,7.41,1994
01/26/2015 12:30:00,7.42,7.45,7.41,7.44,3550
01/26/2015 12:45:00,7.45,7.45,7.42,7.4201,980
01/26/2015 13:00:00,7.435,7.435,7.42,7.42,200
01/26/2015 13:15:00,7.435,7.44,7.4083,7.44,559
01/26/2015 13:30:00,7.44,7.44,7.39,7.4,1032
01/26/2015 13:45:00,7.41,7.449,7.38,7.4,1300
01/26/2015 14:00:00,7.4025,7.44,7.38,7.44,1473
01/26/2015 14:15:00,7.4,7.4,7.4,7.4,200
01/26/2015 14:30:00,7.3995,7.4,7.38,7.4,302
01/26/2015 14:45:00,7.4,7.4,7.4,7.4,100
01/26/2015 15:00:00,7.405,7.405,7.37,7.37,500
01/26/2015 15:15:00,7.37,7.37,7.32,7.32,1403
01/26/2015 15:30:00,7.3,7.32,7.295,7.32,1035
01/26/2015 15:45:00,7.25,7.25,7.19,7.19,1783
01/26/2015 16:00:00,7.2,7.26,7.19,7.22,5714
01/27/2015 09:45:00,7.16,7.21,7.14,7.21,9046
01/27/2015 10:00:00,7.33,7.43,7.32,7.32,1027
01/27/2015 10:15:00,7.34,7.4,7.32,7.35,1719
01/27/2015 10:30:00,7.27,7.38,7.24,7.38,2500
01/27/2015 10:45:00,7.36,7.39,7.33,7.38,670
01/27/2015 11:00:00,7.35,7.36,7.35,7.36,200
01/27/2015 11:15:00,7.3599,7.38,7.34,7.38,445
01/27/2015 11:30:00,7.39,7.42,7.39,7.42,514
01/27/2015 11:45:00,7.42,7.42,7.41,7.42,1500
01/27/2015 12:00:00,7.45,7.48,7.45,7.48,1300
01/27/2015 12:15:00,7.48,7.48,7.48,7.48,0
01/27/2015 12:30:00,7.46,7.47,7.38,7.4,1533
01/27/2015 12:45:00,7.47,7.47,7.45,7.45,300
01/27/2015 13:00:00,7.455,7.47,7.44,7.44,404
01/27/2015 13:15:00,7.4,7.425,7.4,7.4,308
01/27/2015 13:30:00,7.4,7.42,7.4,7.41,500
01/27/2015 13:45:00,7.39,7.39,7.331,7.34,1831
01/27/2015 14:00:00,7.36,7.37,7.33,7.37,400
01/27/2015 14:15:00,7.38,7.38,7.31,7.345,825
01/27/2015 14:30:00,7.33,7.36,7.31,7.31,1100
01/27/2015 14:45:00,7.34,7.34,7.29,7.3,1003
01/27/2015 15:00:00,7.3,7.35,7.3,7.31,700
01/27/2015 15:15:00,7.31,7.34,7.31,7.34,600
01/27/2015 15:30:00,7.32,7.35,7.28,7.28,812
01/27/2015 15:45:00,7.27,7.37,7.25,7.36,4662
01/27/2015 16:00:00,7.36,7.38,7.28,7.32,6593
01/28/2015 09:45:00,7.26,7.3,7.06,7.06,1361
01/28/2015 10:00:00,7.031,7.08,7.031,7.06,66
01/28/2015 10:15:00,7.0501,7.0501,6.98,7.04,1968
01/28/2015 10:30:00,7.04,7.04,7.01,7.01,101
01/28/2015 10:45:00,7.02,7.05,7.02,7.05,400
01/28/2015 11:00:00,7.04,7.04,7.04,7.04,100
01/28/2015 11:15:00,7.04,7.07,7.01,7.07,5252
01/28/2015 11:30:00,7.06,7.06,7.05,7.05,4056
01/28/2015 11:45:00,7.02,7.06,7.02,7.0533,1241
01/28/2015 12:00:00,7.05,7.06,7.05,7.05,4044
01/28/2015 12:15:00,7.06,7.14,7.0505,7.135,3441
01/28/2015 12:30:00,7.12,7.12,7.11,7.11,400
01/28/2015 12:45:00,7.12,7.12,7.12,7.12,100
01/28/2015 13:00:00,7.16,7.16,7.14,7.15,534
01/28/2015 13:15:00,7.14,7.22,7.14,7.15,503
01/28/2015 13:30:00,7.17,7.17,7.15,7.15,400
01/28/2015 13:45:00,7.2,7.2,7.15,7.15,200
01/28/2015 14:00:00,7.179,7.18,7.15,7.18,6791
01/28/2015 14:15:00,7.18,7.187,7.18,7.187,116
01/28/2015 14:30:00,7.18,7.2,7.15,7.18,1073
01/28/2015 14:45:00,7.18,7.19,7.17,7.17,309
01/28/2015 15:00:00,7.17,7.17,7.15,7.16,900
01/28/2015 15:15:00,7.17,7.17,7.15,7.15,2929
01/28/2015 15:30:00,7.16,7.16,7.08,7.12,1470
01/28/2015 15:45:00,7.1,7.115,7.05,7.06,2879
01/28/2015 16:00:00,7.05,7.07,7.01,7.03,10008
01/29/2015 09:45:00,7.07,7.14,6.91,6.91,409
01/29/2015 10:00:00,6.949,6.949,6.91,6.91,1356
01/29/2015 10:15:00,6.94,6.94,6.9,6.9,2110
01/29/2015 10:30:00,6.89,6.89,6.79,6.81,4257
01/29/2015 10:45:00,6.8,6.9,6.8,6.88,3893
01/29/2015 11:00:00,6.8899,6.8899,6.815,6.87,2388
01/29/2015 11:15:00,6.79,6.87,6.79,6.83,2118
01/29/2015 11:30:00,6.87,6.9,6.84,6.875,1900
01/29/2015 11:45:00,6.95,6.951,6.95,6.951,180
01/29/2015 12:00:00,6.97,6.97,6.96,6.96,300
01/29/2015 12:15:00,6.97,6.97,6.88,6.9,600
01/29/2015 12:30:00,6.94,6.94,6.91,6.91,300
01/29/2015 12:45:00,6.91,6.94,6.91,6.94,507
01/29/2015 13:00:00,6.94,6.95,6.93,6.93,300
01/29/2015 13:15:00,6.91,6.97,6.91,6.97,348
01/29/2015 13:30:00,6.96,6.97,6.95,6.96,1256
01/29/2015 13:45:00,6.96,6.99,6.96,6.966,1359
01/29/2015 14:00:00,6.9738,6.9738,6.96,6.97,553
01/29/2015 14:15:00,7.0,7.0,6.99,6.99,302
01/29/2015 14:30:00,7.0,7.03,7.0,7.03,1800
01/29/2015 14:45:00,7.05,7.11,7.02,7.11,5362
01/29/2015 15:00:00,7.11,7.11,7.05,7.09,2305
01/29/2015 15:15:00,7.05,7.09,7.05,7.08,340
01/29/2015 15:30:00,7.05,7.1,7.05,7.1,3223
01/29/2015 15:45:00,7.15,7.15,7.13,7.13,1000
01/29/2015 16:00:00,7.13,7.29,7.13,7.29,9850
01/30/2015 09:45:00,7.15,7.15,6.952,7.13,3448
01/30/2015 10:00:00,7.17,7.2,7.15,7.18,1285
01/30/2015 10:15:00,7.16,7.17,7.15,7.15,1700
01/30/2015 10:30:00,7.15,7.18,7.14,7.14,501
01/30/2015 10:45:00,7.12,7.18,7.12,7.18,1566
01/30/2015 11:00:00,7.18,7.18,7.18,7.18,0
01/30/2015 11:15:00,7.18,7.18,7.12,7.15,542
01/30/2015 11:30:00,7.05,7.11,7.01,7.11,5400
01/30/2015 11:45:00,7.1,7.1,7.08,7.08,1100
01/30/2015 12:00:00,7.02,7.09,7.02,7.065,5961
01/30/2015 12:15:00,7.08,7.08,7.03,7.03,300
01/30/2015 12:30:00,7.04,7.07,7.04,7.07,400
01/30/2015 12:45:00,7.07,7.08,7.05,7.05,739
01/30/2015 13:00:00,7.06,7.06,7.06,7.06,61
01/30/2015 13:15:00,7.01,7.075,7.01,7.075,1100
01/30/2015 13:30:00,7.05,7.07,7.04,7.04,1611
01/30/2015 13:45:00,7.0899,7.0899,7.05,7.07,541
01/30/2015 14:00:00,7.07,7.11,7.07,7.091,1714
01/30/2015 14:15:00,7.13,7.16,7.13,7.16,370
01/30/2015 14:30:00,7.16,7.2,7.16,7.2,655
01/30/2015 14:45:00,7.25,7.36,7.25,7.28,4792
01/30/2015 15:00:00,7.3,7.31,7.3,7.31,700
01/30/2015 15:15:00,7.3,7.3,7.3,7.3,600
01/30/2015 15:30:00,7.3,7.3,7.25,7.25,739
01/30/2015 15:45:00,7.26,7.33,7.25,7.28,5741
01/30/2015 16:00:00,7.31,7.43,7.29,7.4,23966
02/02/2015 09:45:00,7.37,7.718,7.37,7.58,1402
02/02/2015 10:00:00,7.44,7.51,7.43,7.51,689
02/02/2015 10:15:00,7.48,7.52,7.39,7.39,336
02/02/2015 10:30:00,7.39,7.44,7.35,7.42,616
02/02/2015 10:45:00,7.37,7.4699,7.36,7.46,2534
02/02/2015 11:00:00,7.44,7.45,7.36,7.41,744
02/02/2015 11:15:00,7.4199,7.4199,7.36,7.36,602
02/02/2015 11:30:00,7.36,7.42,7.35,7.42,1132
02/02/2015 11:45:00,7.38,7.41,7.38,7.41,600
02/02/2015 12:00:00,7.4,7.43,7.36,7.43,1100
02/02/2015 12:15:00,7.48,7.48,7.44,7.44,461
02/02/2015 12:30:00,7.37,7.43,7.37,7.43,903
02/02/2015 12:45:00,7.4,7.44,7.38,7.43,1200
02/02/2015 13:00:00,7.4,7.4,7.37,7.39,1472
02/02/2015 13:15:00,7.41,7.41,7.38,7.38,700
02/02/2015 13:30:00,7.38,7.38,7.38,7.38,2300
02/02/2015 13:45:00,7.36,7.36,7.35,7.35,1700
02/02/2015 14:00:00,7.35,7.36,7.3,7.324,2789
02/02/2015 14:15:00,7.3299,7.33,7.3273,7.3273,257
02/02/2015 14:30:00,7.32,7.36,7.31,7.36,1500
02/02/2015 14:45:00,7.41,7.41,7.39,7.4,4400
02/02/2015 15:00:00,7.4,7.4,7.4,7.4,1000
02/02/2015 15:15:00,7.4,7.4,7.4,7.4,600
02/02/2015 15:30:00,7.4,7.41,7.4,7.4,4270
02/02/2015 15:45:00,7.4,7.44,7.4,7.41,3881
02/02/2015 16:00:00,7.43,7.45,7.4,7.45,5031
02/03/2015 09:45:00,7.75,7.75,7.75,7.75,81
02/03/2015 10:00:00,7.72,7.84,7.683,7.84,6797
02/03/2015 10:15:00,7.77,7.77,7.77,7.77,2
02/03/2015 10:30:00,7.76,7.76,7.72,7.72,1497
02/03/2015 10:45:00,7.77,7.83,7.71,7.71,2800
02/03/2015 11:00:00,7.7,7.7,7.67,7.67,200
02/03/2015 11:15:00,7.671,7.677,7.6,7.6,1702
02/03/2015 11:30:00,7.62,7.63,7.56,7.63,404
02/03/2015 11:45:00,7.61,7.61,7.61,7.61,15
02/03/2015 12:00:00,7.58,7.58,7.53,7.54,205
02/03/2015 12:15:00,7.51,7.56,7.51,7.54,421
02/03/2015 12:30:00,7.54,7.54,7.54,7.54,0
02/03/2015 12:45:00,7.61,7.65,7.61,7.65,176
02/03/2015 13:00:00,7.58,7.64,7.58,7.64,400
02/03/2015 13:15:00,7.65,7.77,7.64,7.74,1517
02/03/2015 13:30:00,7.75,7.775,7.75,7.775,900
02/03/2015 13:45:00,7.82,7.9,7.75,7.75,729
02/03/2015 14:00:00,7.83,7.83,7.795,7.795,200
02/03/2015 14:15:00,7.81,7.91,7.805,7.85,7052
02/03/2015 14:30:00,7.81,7.81,7.72,7.75,500
02/03/2015 14:45:00,7.72,7.72,7.7,7.7,622
02/03/2015 15:00:00,7.7,7.7,7.62,7.69,1573
02/03/2015 15:15:00,7.69,7.7,7.67,7.68,1148
02/03/2015 15:30:00,7.7,7.81,7.7,7.8,994
02/03/2015 15:45:00,7.7708,7.78,7.72,7.78,900
02/03/2015 16:00:00,7.77,7.82,7.7,7.82,5210
02/04/2015 09:45:00,7.72,7.72,7.35,7.52,530
02/04/2015 10:00:00,7.61,7.66,7.52,7.66,911
02/04/2015 10:15:00,7.65,7.65,7.59,7.59,208
02/04/2015 10:30:00,7.57,7.62,7.5,7.59,5212
02/04/2015 10:45:00,7.54,7.65,7.5,7.65,4702
02/04/2015 11:00:00,7.59,7.59,7.53,7.53,500
02/04/2015 11:15:00,7.595,7.64,7.59,7.6,601
02/04/2015 11:30:00,7.64,7.69,7.64,7.69,599
02/04/2015 11:45:00,7.69,7.7,7.65,7.65,500
02/04/2015 12:00:00,7.63,7.63,7.63,7.63,200
02/04/2015 12:15:00,7.63,7.66,7.63,7.66,303
02/04/2015 12:30:00,7.68,7.68,7.66,7.67,800
02/04/2015 12:45:00,7.64,7.64,7.62,7.62,400
02/04/2015 13:00:00,7.62,7.62,7.62,7.62,0
02/04/2015 13:15:00,7.67,7.67,7.63,7.63,400
02/04/2015 13:30:00,7.63,7.67,7.63,7.67,603
02/04/2015 13:45:00,7.63,7.7,7.63,7.64,500
02/04/2015 14:00:00,7.69,7.69,7.62,7.62,400
02/04/2015 14:15:00,7.645,7.66,7.62,7.63,6050
02/04/2015 14:30:00,7.63,7.66,7.62,7.66,5267
02/04/2015 14:45:00,7.71,7.77,7.68,7.73,1400
02/04/2015 15:00:00,7.77,7.77,7.7,7.7,202
02/04/2015 15:15:00,7.68,7.73,7.64,7.73,1200
02/04/2015 15:30:00,7.73,7.8,7.73,7.78,1400
02/04/2015 15:45:00,7.8,7.92,7.77,7.8,4181
02/04/2015 16:00:00,7.8,7.9,7.7,7.87,12221
02/05/2015 09:45:00,7.7,7.84,7.4,7.45,13134
02/05/2015 10:00:00,7.33,7.4699,7.31,7.415,3828
02/05/2015 10:15:00,7.43,7.58,7.36,7.58,700
02/05/2015 10:30:00,7.56,7.56,7.52,7.54,300
02/05/2015 10:45:00,7.56,7.56,7.5,7.5,11100
02/05/2015 11:00:00,7.52,7.52,7.48,7.48,3770
02/05/2015 11:15:00,7.4801,7.5,7.48,7.48,1230
02/05/2015 11:30:00,7.49,7.5,7.48,7.48,1525
02/05/2015 11:45:00,7.48,7.49,7.48,7.49,400
02/05/2015 12:00:00,7.49,7.5,7.48,7.48,969
02/05/2015 12:15:00,7.48,7.49,7.472,7.48,800
02/05/2015 12:30:00,7.49,7.49,7.48,7.48,4500
02/05/2015 12:45:00,7.47,7.48,7.42,7.4501,2650
02/05/2015 13:00:00,7.43,7.4301,7.4,7.4,2550
02/05/2015 13:15:00,7.35,7.36,7.35,7.36,200
02/05/2015 13:30:00,7.36,7.37,7.252,7.252,401
02/05/2015 13:45:00,7.26,7.334,7.26,7.326,3611
02/05/2015 14:00:00,7.29,7.29,7.16,7.2101,8500
02/05/2015 14:15:00,7.205,7.226,7.17,7.1701,6700
02/05/2015 14:30:00,7.2,7.26,7.2,7.26,2755
02/05/2015 14:45:00,7.2689,7.2717,7.25,7.25,2872
02/05/2015 15:00:00,7.25,7.36,7.25,7.36,1545
02/05/2015 15:15:00,7.3,7.35,7.29,7.3001,900
02/05/2015 15:30:00,7.3,7.34,7.3,7.34,2368
02/05/2015 15:45:00,7.3,7.39,7.29,7.36,3200
02/05/2015 16:00:00,7.3001,7.59,7.3,7.52,29528
02/06/2015 09:45:00,7.52,7.52,7.23,7.42,3888
02/06/2015 10:00:00,7.39,7.445,7.31,7.3401,7303
02/06/2015 10:15:00,7.435,7.435,7.4,7.4,200
02/06/2015 10:30:00,7.43,7.43,7.32,7.32,175
02/06/2015 10:45:00,7.32,7.37,7.32,7.345,790
02/06/2015 11:00:00,7.35,7.355,7.33,7.355,700
02/06/2015 11:15:00,7.355,7.355,7.31,7.31,700
02/06/2015 11:30:00,7.37,7.37,7.37,7.37,103
02/06/2015 11:45:00,7.31,7.35,7.31,7.34,1313
02/06/2015 12:00:00,7.34,7.35,7.34,7.35,1860
02/06/2015 12:15:00,7.331,7.331,7.27,7.27,4931
02/06/2015 12:30:00,7.25,7.25,7.25,7.25,100
02/06/2015 12:45:00,7.26,7.26,7.2,7.25,500
02/06/2015 13:00:00,7.22,7.22,7.18,7.18,236
02/06/2015 13:15:00,7.2,7.23,7.18,7.18,2810
02/06/2015 13:30:00,7.13,7.13,7.13,7.13,100
02/06/2015 13:45:00,7.18,7.21,7.16,7.16,541
02/06/2015 14:00:00,7.1586,7.1586,7.1586,7.1586,2
02/06/2015 14:15:00,7.1348,7.16,7.07,7.09,6320
02/06/2015 14:30:00,7.09,7.18,7.06,7.145,4142
02/06/2015 14:45:00,7.16,7.21,7.15,7.21,1036
02/06/2015 15:00:00,7.21,7.27,7.21,7.24,2766
02/06/2015 15:15:00,7.19,7.23,7.19,7.23,933
02/06/2015 15:30:00,7.23,7.29,7.23,7.23,2133
02/06/2015 15:45:00,7.28,7.28,7.21,7.23,6443
02/06/2015 16:00:00,7.21,7.21,7.11,7.12,5527
02/09/2015 09:45:00,6.84,6.93,6.75,6.84,6836
02/09/2015 10:00:00,6.7701,6.81,6.76,6.81,5081
02/09/2015 10:15:00,6.78,6.85,6.78,6.85,1650
02/09/2015 10:30:00,6.85,6.87,6.85,6.87,478
02/09/2015 10:45:00,6.89,6.93,6.87,6.9,1000
02/09/2015 11:00:00,6.89,6.89,6.84,6.84,600
02/09/2015 11:15:00,6.84,6.9,6.84,6.9,600
02/09/2015 11:30:00,6.8999,6.8999,6.85,6.85,700
02/09/2015 11:45:00,6.8999,6.8999,6.875,6.89,600
02/09/2015 12:00:00,6.85,6.89,6.85,6.88,1210
02/09/2015 12:15:00,6.87,6.87,6.87,6.87,300
02/09/2015 12:30:00,6.86,6.87,6.82,6.87,12111
02/09/2015 12:45:00,6.82,6.88,6.82,6.83,500
02/09/2015 13:00:00,6.855,6.855,6.83,6.84,1000
02/09/2015 13:15:00,6.82,6.84,6.82,6.84,5300
02/09/2015 13:30:00,6.83,6.8399,6.79,6.8,16650
02/09/2015 13:45:00,6.76,6.76,6.75,6.75,4808
02/09/2015 14:00:00,6.74,6.75,6.7,6.75,1863
02/09/2015 14:15:00,6.7296,6.77,6.69,6.71,9689
02/09/2015 14:30:00,6.71,6.72,6.69,6.72,2500
02/09/2015 14:45:00,6.69,6.73,6.69,6.73,3419
02/09/2015 15:00:00,6.69,6.72,6.6001,6.6001,4162
02/09/2015 15:15:00,6.65,6.7,6.6,6.66,23812
02/09/2015 15:30:00,6.64,6.68,6.59,6.59,22849
02/09/2015 15:45:00,6.59,6.601,6.5301,6.54,10997
02/09/2015 16:00:00,6.54,6.5501,6.42,6.42,46164
02/10/2015 09:45:00,6.66,6.66,6.4,6.4,2831
02/10/2015 10:00:00,6.4,6.4,6.22,6.22,1578
02/10/2015 10:15:00,6.27,6.27,6.18,6.2301,3175
02/10/2015 10:30:00,6.23,6.2699,6.14,6.15,4310
02/10/2015 10:45:00,6.19,6.22,6.19,6.22,700
02/10/2015 11:00:00,6.23,6.27,6.161,6.2,7756
02/10/2015 11:15:00,6.26,6.26,6.2,6.26,1261
02/10/2015 11:30:00,6.26,6.26,6.2,6.2,116
02/10/2015 11:45:00,6.23,6.27,6.23,6.27,2617
02/10/2015 12:00:00,6.27,6.33,6.27,6.33,771
02/10/2015 12:15:00,6.335,6.38,6.335,6.38,200
02/10/2015 12:30:00,6.38,6.4,6.38,6.4,122
02/10/2015 12:45:00,6.43,6.47,6.43,6.47,1412
02/10/2015 13:00:00,6.47,6.5,6.4001,6.44,2824
02/10/2015 13:15:00,6.44,6.46,6.41,6.41,1700
02/10/2015 13:30:00,6.41,6.41,6.36,6.36,900
02/10/2015 13:45:00,6.39,6.39,6.36,6.36,600
02/10/2015 14:00:00,6.38,6.42,6.38,6.42,600
02/10/2015 14:15:00,6.42,6.44,6.4,6.44,1808
02/10/2015 14:30:00,6.37,6.41,6.37,6.41,200
02/10/2015 14:45:00,6.39,6.4,6.36,6.4,1832
02/10/2015 15:00:00,6.4,6.44,6.385,6.415,1854
02/10/2015 15:15:00,6.4176,6.4176,6.3803,6.3803,5540
02/10/2015 15:30:00,6.41,6.41,6.38,6.41,300
02/10/2015 15:45:00,6.41,6.47,6.405,6.44,5853
02/10/2015 16:00:00,6.43,6.48,6.37,6.43,7958
02/11/2015 09:45:00,6.46,6.47,6.26,6.26,11402
02/11/2015 10:00:00,6.16,6.2,6.08,6.14,4644
02/11/2015 10:15:00,6.1712,6.27,6.1712,6.27,718
02/11/2015 10:30:00,6.212,6.27,6.211,6.27,420
02/11/2015 10:45:00,6.25,6.42,6.24,6.38,6268
02/11/2015 11:00:00,6.41,6.44,6.4,6.44,700
02/11/2015 11:15:00,6.42,6.5,6.41,6.5,550
02/11/2015 11:30:00,6.5,6.5,6.49,6.49,300
02/11/2015 11:45:00,6.5,6.5,6.5,6.5,400
02/11/2015 12:00:00,6.5,6.54,6.47,6.54,12520
02/11/2015 12:15:00,6.54,6.55,6.51,6.55,400
02/11/2015 12:30:00,6.56,6.56,6.54,6.56,1440
02/11/2015 12:45:00,6.56,6.57,6.5,6.57,10520
02/11/2015 13:00:00,6.51,6.51,6.5,6.5,3471
02/11/2015 13:15:00,6.5,6.5,6.5,6.5,410
02/11/2015 13:30:00,6.5,6.5,6.42,6.42,200
02/11/2015 13:45:00,6.4,6.41,6.385,6.41,301
02/11/2015 14:00:00,6.36,6.42,6.36,6.42,404
02/11/2015 14:15:00,6.43,6.43,6.37,6.4,1100
02/11/2015 14:30:00,6.41,6.41,6.36,6.37,700
02/11/2015 14:45:00,6.36,6.4,6.36,6.4,1000
02/11/2015 15:00:00,6.3826,6.39,6.37,6.37,2833
02/11/2015 15:15:00,6.34,6.35,6.31,6.35,3470
02/11/2015 15:30:00,6.34,6.36,6.32,6.36,6820
02/11/2015 15:45:00,6.34,6.41,6.31,6.41,7565
02/11/2015 16:00:00,6.38,6.47,6.38,6.4,11693
02/12/2015 09:45:00,6.45,6.55,6.45,6.46,5470
02/12/2015 10:00:00,6.5,6.61,6.5,6.55,2722
02/12/2015 10:15:00,6.55,6.59,6.55,6.55,450
02/12/2015 10:30:00,6.55,6.55,6.55,6.55,600
02/12/2015 10:45:00,6.58,6.61,6.58,6.61,397
02/12/2015 11:00:00,6.62,6.62,6.55,6.58,1801
02/12/2015 11:15:00,6.57,6.58,6.53,6.56,1900
02/12/2015 11:30:00,6.53,6.56,6.49,6.53,2200
02/12/2015 11:45:00,6.48,6.52,6.48,6.52,112
02/12/2015 12:00:00,6.51,6.53,6.51,6.53,200
02/12/2015 12:15:00,6.5,6.5,6.5,6.5,20
02/12/2015 12:30:00,6.5,6.5,6.5,6.5,0
02/12/2015 12:45:00,6.5,6.5,6.5,6.5,0
02/12/2015 13:00:00,6.5,6.5,6.5,6.5,21
02/12/2015 13:15:00,6.549,6.55,6.51,6.55,1172
02/12/2015 13:30:00,6.55,6.55,6.55,6.55,200
02/12/2015 13:45:00,6.55,6.55,6.54,6.55,800
02/12/2015 14:00:00,6.59,6.59,6.55,6.57,600
02/12/2015 14:15:00,6.59,6.62,6.56,6.5901,650
02/12/2015 14:30:00,6.59,6.61,6.52,6.6,6600
02/12/2015 14:45:00,6.57,6.57,6.57,6.57,100
02/12/2015 15:00:00,6.6,6.6777,6.6,6.6777,6741
02/12/2015 15:15:00,6.6799,6.68,6.63,6.63,900
02/12/2015 15:30:00,6.62,6.6399,6.58,6.58,2314
02/12/2015 15:45:00,6.58,6.62,6.58,6.58,2200
02/12/2015 16:00:00,6.58,6.65,6.57,6.59,19750
02/13/2015 09:45:00,6.65,6.68,6.44,6.68,6572
02/13/2015 10:00:00,6.68,6.69,6.68,6.69,156
02/13/2015 10:15:00,6.69,6.69,6.62,6.62,3507
02/13/2015 10:30:00,6.6399,6.64,6.6045,6.63,3611
02/13/2015 10:45:00,6.66,6.67,6.65,6.66,455
02/13/2015 11:00:00,6.66,6.66,6.66,6.66,100
02/13/2015 11:15:00,6.66,6.69,6.66,6.69,516
02/13/2015 11:30:00,6.68,6.68,6.66,6.66,400
02/13/2015 11:45:00,6.68,6.7,6.67,6.67,1100
02/13/2015 12:00:00,6.7,6.7,6.67,6.68,4600
02/13/2015 12:15:00,6.69,6.74,6.69,6.73,2700
02/13/2015 12:30:00,6.78,6.79,6.7,6.74,13315
02/13/2015 12:45:00,6.75,6.76,6.7,6.7,8117
02/13/2015 13:00:00,6.76,6.78,6.7013,6.73,1200
02/13/2015 13:15:00,6.73,6.764,6.69,6.75,1670
02/13/2015 13:30:00,6.71,6.71,6.66,6.69,800
02/13/2015 13:45:00,6.63,6.67,6.61,6.63,2201
02/13/2015 14:00:00,6.61,6.64,6.54,6.54,923
02/13/2015 14:15:00,6.56,6.59,6.53,6.54,925
02/13/2015 14:30:00,6.55,6.6604,6.55,6.66,1603
02/13/2015 14:45:00,6.63,6.67,6.6,6.67,3813
02/13/2015 15:00:00,6.69,6.71,6.621,6.66,4405
02/13/2015 15:15:00,6.63,6.74,6.63,6.705,1300
02/13/2015 15:30:00,6.7,6.72,6.69,6.71,1486
02/13/2015 15:45:00,6.705,6.73,6.68,6.71,3618
02/13/2015 16:00:00,6.73,6.74,6.67,6.69,12118
02/17/2015 09:45:00,6.7,6.76,6.7,6.7,1512
02/17/2015 10:00:00,6.65,6.68,6.61,6.63,1023
02/17/2015 10:15:00,6.63,6.67,6.63,6.67,112
02/17/2015 10:30:00,6.68,6.74,6.6001,6.6001,1128
02/17/2015 10:45:00,6.6,6.66,6.6,6.63,584
02/17/2015 11:00:00,6.63,6.63,6.63,6.63,100
02/17/2015 11:15:00,6.62,6.62,6.595,6.595,238
02/17/2015 11:30:00,6.6,6.6,6.59,6.59,200
02/17/2015 11:45:00,6.59,6.6,6.57,6.6,370
02/17/2015 12:00:00,6.605,6.605,6.53,6.531,7730
02/17/2015 12:15:00,6.56,6.56,6.52,6.56,700
02/17/2015 12:30:00,6.53,6.66,6.53,6.61,1090
02/17/2015 12:45:00,6.66,6.74,6.66,6.74,800
02/17/2015 13:00:00,6.68,6.69,6.67,6.67,500
02/17/2015 13:15:00,6.7,6.73,6.7,6.73,300
02/17/2015 13:30:00,6.68,6.72,6.68,6.72,238
02/17/2015 13:45:00,6.74,6.74,6.67,6.67,1700
02/17/2015 14:00:00,6.67,6.67,6.67,6.67,472
02/17/2015 14:15:00,6.64,6.67,6.64,6.67,304
02/17/2015 14:30:00,6.67,6.73,6.67,6.73,562
02/17/2015 14:45:00,6.704,6.704,6.704,6.704,100
02/17/2015 15:00:00,6.73,6.73,6.655,6.71,1518
02/17/2015 15:15:00,6.72,6.72,6.692,6.692,468
02/17/2015 15:30:00,6.72,6.72,6.72,6.72,100
02/17/2015 15:45:00,6.72,6.76,6.65,6.7,1306
02/17/2015 16:00:00,6.65,6.7,6.65,6.7,4176
02/18/2015 09:45:00,6.89,6.97,6.81,6.89,8250
02/18/2015 10:00:00,6.89,6.89,6.81,6.81,2041
02/18/2015 10:15:00,6.855,6.9,6.81,6.81,2130
02/18/2015 10:30:00,6.81,6.81,6.81,6.81,0
02/18/2015 10:45:00,6.8,6.84,6.8,6.84,300
02/18/2015 11:00:00,6.84,6.8499,6.8,6.8499,1200
02/18/2015 11:15:00,6.85,6.85,6.79,6.79,1356
02/18/2015 11:30:00,6.84,6.85,6.81,6.84,1703
02/18/2015 11:45:00,6.85,6.85,6.84,6.84,500
02/18/2015 12:00:00,6.82,6.83,6.8,6.83,1300
02/18/2015 12:15:00,6.82,6.84,6.79,6.84,1500
02/18/2015 12:30:00,6.84,6.84,6.84,6.84,100
02/18/2015 12:45:00,6.81,6.81,6.77,6.78,1000
02/18/2015 13:00:00,6.77,6.77,6.77,6.77,40
02/18/2015 13:15:00,6.78,6.78,6.71,6.74,434
02/18/2015 13:30:00,6.74,6.75,6.74,6.74,301
02/18/2015 13:45:00,6.71,6.8,6.7,6.75,1300
02/18/2015 14:00:00,6.77,6.81,6.77,6.81,122
02/18/2015 14:15:00,6.77,6.81,6.75,6.79,2354
02/18/2015 14:30:00,6.79,6.79,6.77,6.775,1100
02/18/2015 14:45:00,6.7899,6.7899,6.75,6.75,1370
02/18/2015 15:00:00,6.74,6.74,6.6601,6.7,4680
02/18/2015 15:15:00,6.7,6.75,6.695,6.74,5436
02/18/2015 15:30:00,6.75,6.81,6.73,6.81,1831
02/18/2015 15:45:00,6.7501,6.81,6.75,6.79,3282
02/18/2015 16:00:00,6.79,6.79,6.69,6.76,11891
02/19/2015 09:45:00,6.75,6.85,6.75,6.85,102
02/19/2015 10:00:00,6.81,6.81,6.8,6.8,154
02/19/2015 10:15:00,6.5701,6.69,6.5701,6.675,705
02/19/2015 10:30:00,6.66,6.675,6.62,6.675,300
02/19/2015 10:45:00,6.64,6.66,6.62,6.66,153
02/19/2015 11:00:00,6.65,6.66,6.65,6.655,202
02/19/2015 11:15:00,6.67,6.7,6.62,6.62,10600
02/19/2015 11:30:00,6.65,6.7,6.65,6.65,304
02/19/2015 11:45:00,6.7,6.7,6.7,6.7,100
02/19/2015 12:00:00,6.7,6.7,6.7,6.7,400
02/19/2015 12:15:00,6.7,6.7,6.7,6.7,1300
02/19/2015 12:30:00,6.7,6.7,6.66,6.66,950
02/19/2015 12:45:00,6.69,6.7,6.68,6.7,347
02/19/2015 13:00:00,6.69,6.69,6.65,6.65,900
02/19/2015 13:15:00,6.69,6.7,6.69,6.7,607
02/19/2015 13:30:00,6.7,6.7,6.7,6.7,200
02/19/2015 13:45:00,6.67,6.7,6.67,6.7,1061
02/19/2015 14:00:00,6.7,6.7,6.7,6.7,2600
02/19/2015 14:15:00,6.7,6.7,6.67,6.7,492
02/19/2015 14:30:00,6.7,6.7,6.67,6.68,28878
02/19/2015 14:45:00,6.7,6.7,6.67,6.7,51051
02/19/2015 15:00:00,6.6902,6.7,6.6902,6.7,159
02/19/2015 15:15:00,6.69,6.7,6.68,6.7,2600
02/19/2015 15:30:00,6.7,6.7,6.67,6.67,5279
02/19/2015 15:45:00,6.68,6.68,6.66,6.68,1900
02/19/2015 16:00:00,6.69,6.69,6.63,6.63,17072
02/20/2015 09:45:00,6.65,6.65,6.62,6.62,5958
02/20/2015 10:00:00,6.61,6.61,6.56,6.58,800
02/20/2015 10:15:00,6.57,6.58,6.56,6.58,2411
02/20/2015 10:30:00,6.57,6.58,6.55,6.58,560
02/20/2015 10:45:00,6.58,6.63,6.58,6.63,150
02/20/2015 11:00:00,6.63,6.63,6.63,6.63,0
02/20/2015 11:15:00,6.64,6.67,6.64,6.67,213
02/20/2015 11:30:00,6.63,6.63,6.63,6.63,100
02/20/2015 11:45:00,6.64,6.64,6.6,6.6,403
02/20/2015 12:00:00,6.58,6.58,6.55,6.57,904
02/20/2015 12:15:00,6.6,6.64,6.59,6.63,993
02/20/2015 12:30:00,6.63,6.63,6.63,6.63,0
02/20/2015 12:45:00,6.64,6.64,6.63,6.63,65
02/20/2015 13:00:00,6.63,6.63,6.56,6.56,950
02/20/2015 13:15:00,6.59,6.59,6.52,6.52,900
02/20/2015 13:30:00,6.53,6.55,6.4901,6.55,1623
02/20/2015 13:45:00,6.55,6.58,6.5001,6.58,2500
02/20/2015 14:00:00,6.57,6.57,6.57,6.57,290
02/20/2015 14:15:00,6.55,6.57,6.49,6.537,7316
02/20/2015 14:30:00,6.49,6.5,6.45,6.5,1117
02/20/2015 14:45:00,6.45,6.45,6.45,6.45,200
02/20/2015 15:00:00,6.45,6.45,6.41,6.44,2183
02/20/2015 15:15:00,6.45,6.45,6.45,6.45,400
02/20/2015 15:30:00,6.45,6.45,6.45,6.45,310
02/20/2015 15:45:00,6.45,6.51,6.45,6.51,1201
02/20/2015 16:00:00,6.47,6.5,6.45,6.48,4205
02/23/2015 09:45:00,6.34,6.34,6.34,6.34,1105
02/23/2015 10:00:00,6.35,6.35,6.34,6.34,401
02/23/2015 10:15:00,6.34,6.34,6.34,6.34,0
02/23/2015 10:30:00,6.28,6.28,6.28,6.28,100
02/23/2015 10:45:00,6.3,6.43,6.27,6.27,53567
02/23/2015 11:00:00,6.28,6.32,6.27,6.28,3103
02/23/2015 11:15:00,6.29,6.37,6.28,6.28,3332
02/23/2015 11:30:00,6.32,6.325,6.28,6.325,2040
02/23/2015 11:45:00,6.325,6.325,6.325,6.325,100
02/23/2015 12:00:00,6.325,6.325,6.325,6.325,100
02/23/2015 12:15:00,6.32,6.36,6.32,6.36,600
02/23/2015 12:30:00,6.365,6.37,6.36,6.36,500
02/23/2015 12:45:00,6.37,6.375,6.36,6.375,1300
02/23/2015 13:00:00,6.37,6.38,6.37,6.38,500
02/23/2015 13:15:00,6.37,6.37,6.35,6.35,654
02/23/2015 13:30:00,6.35,6.38,6.34,6.344,2537
02/23/2015 13:45:00,6.37,6.38,6.35,6.38,2374
02/23/2015 14:00:00,6.37,6.395,6.35,6.365,2225
02/23/2015 14:15:00,6.365,6.365,6.31,6.32,1376
02/23/2015 14:30:00,6.32,6.32,6.31,6.31,249
02/23/2015 14:45:00,6.32,6.32,6.25,6.3,5382
02/23/2015 15:00:00,6.29,6.315,6.29,6.3,941
02/23/2015 15:15:00,6.315,6.33,6.31,6.31,754
02/23/2015 15:30:00,6.36,6.36,6.33,6.34,1250
02/23/2015 15:45:00,6.34,6.38,6.32,6.32,2180
02/23/2015 16:00:00,6.32,6.33,6.29,6.32,15663
02/24/2015 09:45:00,6.49,6.49,6.49,6.49,5
02/24/2015 10:00:00,6.35,6.36,6.34,6.34,1027
02/24/2015 10:15:00,6.29,6.36,6.28,6.36,1111
02/24/2015 10:30:00,6.33,6.33,6.33,6.33,100
02/24/2015 10:45:00,6.3,6.37,6.3,6.37,228
02/24/2015 11:00:00,6.37,6.37,6.37,6.37,0
02/24/2015 11:15:00,6.34,6.34,6.3399,6.3399,261
02/24/2015 11:30:00,6.31,6.31,6.25,6.28,2070
02/24/2015 11:45:00,6.3,6.31,6.29,6.31,700
02/24/2015 12:00:00,6.29,6.3,6.29,6.3,300
02/24/2015 12:15:00,6.29,6.305,6.29,6.29,1000
02/24/2015 12:30:00,6.3,6.32,6.29,6.32,600
02/24/2015 12:45:00,6.34,6.34,6.34,6.34,13
02/24/2015 13:00:00,6.34,6.35,6.34,6.35,200
02/24/2015 13:15:00,6.3,6.31,6.29,6.29,1000
02/24/2015 13:30:00,6.3,6.31,6.3,6.31,400
02/24/2015 13:45:00,6.31,6.31,6.31,6.31,100
02/24/2015 14:00:00,6.31,6.325,6.295,6.325,1437
02/24/2015 14:15:00,6.31,6.31,6.25,6.29,7796
02/24/2015 14:30:00,6.29,6.33,6.29,6.29,204
02/24/2015 14:45:00,6.32,6.32,6.3,6.3,300
02/24/2015 15:00:00,6.29,6.29,6.29,6.29,100
02/24/2015 15:15:00,6.315,6.315,6.31,6.31,176
02/24/2015 15:30:00,6.34,6.34,6.325,6.325,103
02/24/2015 15:45:00,6.33,6.44,6.32,6.43,9943
02/24/2015 16:00:00,6.42,6.463,6.25,6.29,41487
02/25/2015 09:45:00,6.29,6.29,6.29,6.29,0
02/25/2015 10:00:00,6.29,6.29,6.29,6.29,0
02/25/2015 10:15:00,6.29,6.29,6.29,6.29,0
02/25/2015 10:30:00,6.27,6.27,6.18,6.23,9393
02/25/2015 10:45:00,6.25,6.3197,6.23,6.3197,2336
02/25/2015 11:00:00,6.32,6.32,6.3,6.32,300
02/25/2015 11:15:00,6.3,6.3,6.25,6.28,1188
02/25/2015 11:30:00,6.32,6.34,6.32,6.32,363
02/25/2015 11:45:00,6.3,6.305,6.3,6.305,300
02/25/2015 12:00:00,6.305,6.32,6.29,6.3,1362
02/25/2015 12:15:00,6.3101,6.35,6.29,6.29,2000
02/25/2015 12:30:00,6.29,6.2902,6.26,6.285,2139
02/25/2015 12:45:00,6.29,6.29,6.29,6.29,100
02/25/2015 13:00:00,6.31,6.31,6.27,6.27,200
02/25/2015 13:15:00,6.2701,6.33,6.2701,6.3,500
02/25/2015 13:30:00,6.3001,6.33,6.3001,6.33,300
02/25/2015 13:45:00,6.31,6.32,6.26,6.3,2731
02/25/2015 14:00:00,6.28,6.3,6.28,6.3,14100
02/25/2015 14:15:00,6.33,6.33,6.27,6.27,14523
02/25/2015 14:30:00,6.27,6.3025,6.27,6.29,2762
02/25/2015 14:45:00,6.3,6.32,6.28,6.29,2808
02/25/2015 15:00:00,6.31,6.31,6.3,6.31,600
02/25/2015 15:15:00,6.29,6.31,6.28,6.3,1782
02/25/2015 15:30:00,6.3,6.35,6.3,6.3321,1153
02/25/2015 15:45:00,6.35,6.35,6.28,6.31,2000
02/25/2015 16:00:00,6.31,6.35,6.295,6.33,23372
02/26/2015 09:45:00,6.3,6.32,6.3,6.3,846
02/26/2015 10:00:00,6.26,6.28,6.24,6.255,1907
02/26/2015 10:15:00,6.23,6.29,6.23,6.29,200
02/26/2015 10:30:00,6.26,6.3,6.25,6.25,4400
02/26/2015 10:45:00,6.29,6.35,6.29,6.35,1393
02/26/2015 11:00:00,6.28,6.38,6.28,6.3799,250
02/26/2015 11:15:00,6.39,6.4,6.39,6.3997,209
02/26/2015 11:30:00,6.39,6.4,6.39,6.4,207
02/26/2015 11:45:00,6.4,6.4,6.4,6.4,100
02/26/2015 12:00:00,6.35,6.4,6.35,6.4,1000
02/26/2015 12:15:00,6.4,6.4,6.4,6.4,0
02/26/2015 12:30:00,6.44,6.44,6.39,6.39,400
02/26/2015 12:45:00,6.4264,6.48,6.4264,6.43,900
02/26/2015 13:00:00,6.41,6.49,6.37,6.48,4275
02/26/2015 13:15:00,6.5297,6.5297,6.46,6.52,573
02/26/2015 13:30:00,6.46,6.48,6.43,6.43,400
02/26/2015 13:45:00,6.45,6.48,6.44,6.47,1509
02/26/2015 14:00:00,6.4799,6.48,6.4799,6.48,110
02/26/2015 14:15:00,6.47,6.51,6.45,6.51,600
02/26/2015 14:30:00,6.51,6.51,6.51,6.51,0
02/26/2015 14:45:00,6.47,6.49,6.45,6.49,1000
02/26/2015 15:00:00,6.45,6.475,6.45,6.46,400
02/26/2015 15:15:00,6.46,6.46,6.46,6.46,300
02/26/2015 15:30:00,6.5,6.52,6.475,6.52,840
02/26/2015 15:45:00,6.52,6.82,6.49,6.71,24608
02/26/2015 16:00:00,6.67,6.81,6.6,6.78,23312
02/27/2015 09:45:00,6.76,6.992,6.6,6.71,2491
02/27/2015 10:00:00,6.775,6.84,6.7,6.84,203
02/27/2015 10:15:00,6.84,6.84,6.84,6.84,0
02/27/2015 10:30:00,6.85,6.95,6.8,6.95,9671
02/27/2015 10:45:00,6.9499,6.95,6.88,6.95,1766
02/27/2015 11:00:00,6.95,6.968,6.91,6.968,2447
02/27/2015 11:15:00,6.99,7.0,6.95,7.0,65230
02/27/2015 11:30:00,6.99,7.0,6.97,7.0,7918
02/27/2015 11:45:00,7.0,7.01,6.96,6.96,14574
02/27/2015 12:00:00,6.961,7.01,6.961,7.0,3745
02/27/2015 12:15:00,7.0,7.0,6.97,6.97,7828
02/27/2015 12:30:00,6.96,7.0,6.96,7.0,3709
02/27/2015 12:45:00,7.0,7.0,6.99,7.0,6377
02/27/2015 13:00:00,7.0,7.0,6.99,6.99,6792
02/27/2015 13:15:00,7.0,7.0,6.99,7.0,4100
02/27/2015 13:30:00,6.995,7.0,6.99,6.99,5391
02/27/2015 13:45:00,7.0,7.0,6.99,7.0,3269
02/27/2015 14:00:00,6.99,7.0,6.99,7.0,4900
02/27/2015 14:15:00,7.0,7.01,6.99,7.0,5301
02/27/2015 14:30:00,6.99,7.0,6.99,7.0,3532
02/27/2015 14:45:00,7.0,7.0,6.97,6.99,8362
02/27/2015 15:00:00,6.98,6.99,6.95,6.99,8282
02/27/2015 15:15:00,6.99,6.99,6.95,6.95,4240
02/27/2015 15:30:00,6.98,7.0,6.95,7.0,5026
02/27/2015 15:45:00,7.0,7.0,6.96,6.99,12717
02/27/2015 16:00:00,6.97,6.98,6.77,6.78,39677
03/02/2015 09:45:00,6.86,6.86,6.76,6.76,1469
03/02/2015 10:00:00,6.72,6.72,6.72,6.72,16
03/02/2015 10:15:00,6.76,6.81,6.72,6.81,1299
03/02/2015 10:30:00,6.8,6.8,6.7,6.7,2963
03/02/2015 10:45:00,6.74,6.74,6.74,6.74,200
03/02/2015 11:00:00,6.76,6.76,6.73,6.73,200
03/02/2015 11:15:00,6.78,6.78,6.78,6.78,100
03/02/2015 11:30:00,6.78,6.78,6.73,6.75,1908
03/02/2015 11:45:00,6.76,6.79,6.76,6.79,188
03/02/2015 12:00:00,6.8,6.8,6.74,6.74,812
03/02/2015 12:15:00,6.7401,6.77,6.7401,6.77,735
03/02/2015 12:30:00,6.75,6.7501,6.69,6.69,1800
03/02/2015 12:45:00,6.71,6.75,6.7,6.71,760
03/02/2015 13:00:00,6.67,6.74,6.67,6.74,520
03/02/2015 13:15:00,6.73,6.75,6.67,6.73,4996
03/02/2015 13:30:00,6.68,6.73,6.68,6.72,709
03/02/2015 13:45:00,6.73,6.73,6.69,6.7,500
03/02/2015 14:00:00,6.705,6.72,6.705,6.705,300
03/02/2015 14:15:00,6.71,6.7499,6.69,6.72,677
03/02/2015 14:30:00,6.68,6.69,6.66,6.66,900
03/02/2015 14:45:00,6.6248,6.65,6.62,6.65,451
03/02/2015 15:00:00,6.653,6.66,6.63,6.63,762
03/02/2015 15:15:00,6.635,6.66,6.635,6.64,465
03/02/2015 15:30:00,6.67,6.67,6.64,6.65,592
03/02/2015 15:45:00,6.69,6.69,6.65,6.69,14665
03/02/2015 16:00:00,6.72,6.75,6.68,6.73,8860
03/03/2015 09:45:00,6.68,6.75,6.6,6.6,468
03/03/2015 10:00:00,6.6,6.6,6.6,6.6,600
03/03/2015 10:15:00,6.61,6.61,6.61,6.61,7
03/03/2015 10:30:00,6.62,6.62,6.62,6.62,100
03/03/2015 10:45:00,6.62,6.62,6.62,6.62,0
03/03/2015 11:00:00,6.646,6.65,6.63,6.65,477
03/03/2015 11:15:00,6.6,6.71,6.6,6.64,474
03/03/2015 11:30:00,6.67,6.67,6.62,6.62,50
03/03/2015 11:45:00,6.62,6.62,6.62,6.62,0
03/03/2015 12:00:00,6.64,6.7,6.64,6.7,1082
03/03/2015 12:15:00,6.69,6.72,6.65,6.72,4652
03/03/2015 12:30:00,6.72,6.72,6.72,6.72,0
03/03/2015 12:45:00,6.73,6.73,6.68,6.73,500
03/03/2015 13:00:00,6.73,6.77,6.71,6.73,3709
03/03/2015 13:15:00,6.74,6.761,6.74,6.761,130
03/03/2015 13:30:00,6.8,6.82,6.8,6.82,321
03/03/2015 13:45:00,6.82,6.82,6.79,6.79,479
03/03/2015 14:00:00,6.7627,6.78,6.76,6.78,513
03/03/2015 14:15:00,6.78,6.78,6.78,6.78,0
03/03/2015 14:30:00,6.8,6.8,6.74,6.76,700
03/03/2015 14:45:00,6.74,6.78,6.74,6.78,300
03/03/2015 15:00:00,6.77,6.77,6.74,6.74,200
03/03/2015 15:15:00,6.74,6.76,6.73,6.73,498
03/03/2015 15:30:00,6.74,6.74,6.64,6.67,2613
03/03/2015 15:45:00,6.7,6.7,6.7,6.7,351
03/03/2015 16:00:00,6.67,6.67,6.63,6.64,4727
03/04/2015 09:45:00,6.63,6.63,6.53,6.6,2715
03/04/2015 10:00:00,6.566,6.59,6.51,6.59,1300
03/04/2015 10:15:00,6.59,6.6,6.59,6.6,674
03/04/2015 10:30:00,6.56,6.6,6.56,6.6,360
03/04/2015 10:45:00,6.59,6.61,6.59,6.61,200
03/04/2015 11:00:00,6.59,6.59,6.59,6.59,100
03/04/2015 11:15:00,6.56,6.64,6.56,6.62,1860
03/04/2015 11:30:00,6.64,6.66,6.64,6.66,300
03/04/2015 11:45:00,6.66,6.67,6.66,6.67,101
03/04/2015 12:00:00,6.68,6.68,6.63,6.63,2250
03/04/2015 12:15:00,6.66,6.67,6.66,6.67,401
03/04/2015 12:30:00,6.67,6.67,6.67,6.67,0
03/04/2015 12:45:00,6.67,6.67,6.64,6.65,1331
03/04/2015 13:00:00,6.67,6.67,6.67,6.67,105
03/04/2015 13:15:00,6.64,6.68,6.64,6.68,130
03/04/2015 13:30:00,6.66,6.67,6.66,6.67,230
03/04/2015 13:45:00,6.67,6.67,6.67,6.67,100
03/04/2015 14:00:00,6.66,6.66,6.63,6.66,400
03/04/2015 14:15:00,6.66,6.66,6.62,6.62,252
03/04/2015 14:30:00,6.66,6.66,6.63,6.66,308
03/04/2015 14:45:00,6.629,6.66,6.629,6.66,149
03/04/2015 15:00:00,6.66,6.66,6.62,6.62,200
03/04/2015 15:15:00,6.62,6.65,6.61,6.61,620
03/04/2015 15:30:00,6.66,6.66,6.65,6.66,368
03/04/2015 15:45:00,6.67,6.68,6.63,6.68,400
03/04/2015 16:00:00,6.68,6.68,6.59,6.64,8171
03/05/2015 09:45:00,6.61,6.61,6.52,6.55,1007
03/05/2015 10:00:00,6.55,6.63,6.53,6.61,1308
03/05/2015 10:15:00,6.63,6.63,6.57,6.57,656
03/05/2015 10:30:00,6.57,6.63,6.57,6.58,3700
03/05/2015 10:45:00,6.605,6.605,6.605,6.605,100
03/05/2015 11:00:00,6.62,6.62,6.61,6.61,300
03/05/2015 11:15:00,6.57,6.57,6.57,6.57,600
03/05/2015 11:30:00,6.59,6.59,6.59,6.59,200
03/05/2015 11:45:00,6.6,6.6,6.6,6.6,100
03/05/2015 12:00:00,6.6,6.62,6.56,6.56,692
03/05/2015 12:15:00,6.56,6.56,6.53,6.53,210
03/05/2015 12:30:00,6.53,6.53,6.53,6.53,0
03/05/2015 12:45:00,6.58,6.58,6.555,6.58,312
03/05/2015 13:00:00,6.578,6.578,6.47,6.47,1486
03/05/2015 13:15:00,6.5,6.51,6.5,6.51,25400
03/05/2015 13:30:00,6.51,6.51,6.51,6.51,200
03/05/2015 13:45:00,6.56,6.59,6.54,6.57,2000
03/05/2015 14:00:00,6.6,6.61,6.59,6.59,233
03/05/2015 14:15:00,6.59,6.61,6.58,6.58,677
03/05/2015 14:30:00,6.59,6.6052,6.56,6.59,700
03/05/2015 14:45:00,6.58,6.62,6.58,6.62,123
03/05/2015 15:00:00,6.63,6.64,6.62,6.64,248
03/05/2015 15:15:00,6.62,6.64,6.62,6.64,300
03/05/2015 15:30:00,6.6,6.63,6.59,6.63,1607
03/05/2015 15:45:00,6.63,6.63,6.56,6.595,49340
03/05/2015 16:00:00,6.595,6.61,6.53,6.57,14038
03/06/2015 09:45:00,6.5,6.67,6.5,6.54,1348
03/06/2015 10:00:00,6.59,6.64,6.58,6.64,334
03/06/2015 10:15:00,6.64,6.64,6.64,6.64,0
03/06/2015 10:30:00,6.64,6.64,6.64,6.64,0
03/06/2015 10:45:00,6.64,6.64,6.59,6.6,700
03/06/2015 11:00:00,6.54,6.54,6.54,6.54,204
03/06/2015 11:15:00,6.54,6.55,6.5,6.55,1046
03/06/2015 11:30:00,6.53,6.54,6.53,6.54,200
03/06/2015 11:45:00,6.53,6.53,6.5295,6.53,798
03/06/2015 12:00:00,6.51,6.54,6.5,6.5,400
03/06/2015 12:15:00,6.5,6.5,6.5,6.5,0
03/06/2015 12:30:00,6.51,6.52,6.48,6.49,1590
03/06/2015 12:45:00,6.48,6.51,6.46,6.49,422
03/06/2015 13:00:00,6.49,6.49,6.49,6.49,0
03/06/2015 13:15:00,6.49,6.49,6.49,6.49,0
03/06/2015 13:30:00,6.49,6.51,6.45,6.51,669
03/06/2015 13:45:00,6.49,6.49,6.49,6.49,215
03/06/2015 14:00:00,6.46,6.46,6.46,6.46,100
03/06/2015 14:15:00,6.47,6.49,6.45,6.46,700
03/06/2015 14:30:00,6.46,6.485,6.45,6.45,2000
03/06/2015 14:45:00,6.45,6.48,6.4,6.4,6223
03/06/2015 15:00:00,6.4,6.4,6.31,6.31,3796
03/06/2015 15:15:00,6.31,6.32,6.25,6.25,3321
03/06/2015 15:30:00,6.26,6.31,6.26,6.31,450
03/06/2015 15:45:00,6.28,6.295,6.23,6.235,5292
03/06/2015 16:00:00,6.235,6.26,6.2,6.21,18899
03/09/2015 09:45:00,6.26,6.42,6.18,6.19,2152
03/09/2015 10:00:00,6.17,6.22,6.17,6.21,349
03/09/2015 10:15:00,6.21,6.21,6.21,6.21,100
03/09/2015 10:30:00,6.21,6.21,6.21,6.21,200
03/09/2015 10:45:00,6.2048,6.26,6.2,6.2,893
03/09/2015 11:00:00,6.2,6.26,6.2,6.23,597
03/09/2015 11:15:00,6.24,6.32,6.24,6.24,796
03/09/2015 11:30:00,6.29,6.29,6.245,6.27,1988
03/09/2015 11:45:00,6.26,6.28,6.24,6.24,1988
03/09/2015 12:00:00,6.25,6.25,6.16,6.22,22322
03/09/2015 12:15:00,6.21,6.21,6.16,6.17,443
03/09/2015 12:30:00,6.17,6.23,6.15,6.2,26546
03/09/2015 12:45:00,6.16,6.21,6.16,6.2,343
03/09/2015 13:00:00,6.2,6.2,6.19,6.19,843
03/09/2015 13:15:00,6.17,6.22,6.17,6.21,534
03/09/2015 13:30:00,6.16,6.18,6.12,6.12,23244
03/09/2015 13:45:00,6.12,6.15,6.1,6.11,8183
03/09/2015 14:00:00,6.1,6.11,6.05,6.05,20020
03/09/2015 14:15:00,6.09,6.11,6.03,6.11,1643
03/09/2015 14:30:00,6.06,6.15,6.06,6.11,19167
03/09/2015 14:45:00,6.14,6.14,6.04,6.04,791
03/09/2015 15:00:00,6.11,6.11,6.0703,6.1,700
03/09/2015 15:15:00,6.1,6.2,6.1,6.2,2695
03/09/2015 15:30:00,6.17,6.2,6.13,6.15,4151
03/09/2015 15:45:00,6.15,6.23,6.15,6.21,3452
03/09/2015 16:00:00,6.23,6.24,6.1701,6.21,35364
03/10/2015 09:45:00,6.15,6.34,6.06,6.18,2899
03/10/2015 10:00:00,6.19,6.2,6.16,6.16,869
03/10/2015 10:15:00,6.18,6.2,6.16,6.17,803
03/10/2015 10:30:00,6.15,6.18,6.15,6.165,6080
03/10/2015 10:45:00,6.15,6.15,6.06,6.06,3200
03/10/2015 11:00:00,6.06,6.08,6.06,6.07,1300
03/10/2015 11:15:00,6.07,6.0999,6.07,6.07,6905
03/10/2015 11:30:00,6.07,6.08,6.04,6.04,2709
03/10/2015 11:45:00,6.02,6.06,6.02,6.04,1590
03/10/2015 12:00:00,6.04,6.05,6.03,6.04,9200
03/10/2015 12:15:00,6.03,6.04,6.01,6.04,3300
03/10/2015 12:30:00,6.04,6.04,6.015,6.03,2659
03/10/2015 12:45:00,6.03,6.075,6.03,6.075,1097
03/10/2015 13:00:00,6.075,6.085,6.06,6.085,1002
03/10/2015 13:15:00,6.09,6.11,6.085,6.11,3700
03/10/2015 13:30:00,6.1,6.1,6.09,6.095,2909
03/10/2015 13:45:00,6.095,6.1,6.09,6.09,8942
03/10/2015 14:00:00,6.06,6.07,6.06,6.065,1100
03/10/2015 14:15:00,6.065,6.07,6.04,6.07,1900
03/10/2015 14:30:00,6.0408,6.05,6.03,6.04,378
03/10/2015 14:45:00,6.045,6.06,6.045,6.055,900
03/10/2015 15:00:00,6.05,6.075,6.05,6.06,21916
03/10/2015 15:15:00,6.09,6.1,6.09,6.09,1609
03/10/2015 15:30:00,6.1,6.17,6.09,6.15,2413
03/10/2015 15:45:00,6.17,6.21,6.155,6.195,3669
03/10/2015 16:00:00,6.18,6.195,6.11,6.14,14813
03/11/2015 09:45:00,6.23,6.25,6.13,6.25,2862
03/11/2015 10:00:00,6.22,6.23,6.2,6.21,2042
03/11/2015 10:15:00,6.24,6.25,6.22,6.25,700
03/11/2015 10:30:00,6.2499,6.25,6.221,6.24,4633
03/11/2015 10:45:00,6.26,6.26,6.205,6.205,1489
03/11/2015 11:00:00,6.19,6.25,6.19,6.25,356
03/11/2015 11:15:00,6.23,6.33,6.23,6.32,1800
03/11/2015 11:30:00,6.31,6.38,6.31,6.32,1207
03/11/2015 11:45:00,6.35,6.38,6.35,6.35,900
03/11/2015 12:00:00,6.35,6.35,6.29,6.344,2839
03/11/2015 12:15:00,6.32,6.35,6.3,6.31,1007
03/11/2015 12:30:00,6.34,6.34,6.3,6.33,1000
03/11/2015 12:45:00,6.32,6.35,6.29,6.34,800
03/11/2015 13:00:00,6.35,6.35,6.33,6.33,300
03/11/2015 13:15:00,6.32,6.35,6.28,6.28,4200
03/11/2015 13:30:00,6.32,6.32,6.28,6.3,1071
03/11/2015 13:45:00,6.28,6.32,6.231,6.32,3779
03/11/2015 14:00:00,6.33,6.35,6.33,6.35,140
03/11/2015 14:15:00,6.38,6.43,6.34,6.38,1328
03/11/2015 14:30:00,6.43,6.43,6.4,6.4,2394
03/11/2015 14:45:00,6.4,6.4,6.4,6.4,100
03/11/2015 15:00:00,6.4,6.4,6.34,6.4,2000
03/11/2015 15:15:00,6.39,6.39,6.27,6.3264,6012
03/11/2015 15:30:00,6.3264,6.39,6.3264,6.33,3399
03/11/2015 15:45:00,6.33,6.36,6.05,6.17,18328
03/11/2015 16:00:00,6.11,6.21,5.91,6.1,38466
03/12/2015 09:45:00,6.12,6.1299,6.02,6.06,1281
03/12/2015 10:00:00,6.07,6.09,6.06,6.08,1104
03/12/2015 10:15:00,6.08,6.11,6.07,6.11,900
03/12/2015 10:30:00,6.12,6.12,6.1,6.1,1483
03/12/2015 10:45:00,6.08,6.08,6.04,6.04,428
03/12/2015 11:00:00,6.02,6.025,5.99,6.0136,1610
03/12/2015 11:15:00,6.01,6.04,5.97,6.04,1692
03/12/2015 11:30:00,6.04,6.04,6.04,6.04,200
03/12/2015 11:45:00,6.03,6.03,6.03,6.03,600
03/12/2015 12:00:00,6.03,6.03,6.03,6.03,0
03/12/2015 12:15:00,6.056,6.06,6.02,6.02,1028
03/12/2015 12:30:00,6.05,6.07,6.05,6.07,353
03/12/2015 12:45:00,6.05,6.08,6.05,6.06,1100
03/12/2015 13:00:00,6.05,6.08,6.05,6.08,200
03/12/2015 13:15:00,6.05,6.12,6.05,6.1,1850
03/12/2015 13:30:00,6.1,6.1,6.08,6.08,400
03/12/2015 13:45:00,6.08,6.08,6.08,6.08,0
03/12/2015 14:00:00,6.11,6.11,6.1,6.1,318
03/12/2015 14:15:00,6.11,6.11,6.09,6.09,1610
03/12/2015 14:30:00,6.08,6.08,6.07,6.07,854
03/12/2015 14:45:00,6.07,6.1,6.065,6.1,700
03/12/2015 15:00:00,6.11,6.12,6.08,6.08,800
03/12/2015 15:15:00,6.08,6.11,6.08,6.09,1600
03/12/2015 15:30:00,6.09,6.1192,6.09,6.1086,2335
03/12/2015 15:45:00,6.09,6.14,6.09,6.12,2280
03/12/2015 16:00:00,6.11,6.14,6.08,6.1,13220
03/13/2015 09:45:00,6.11,6.11,5.96,6.06,1489
03/13/2015 10:00:00,6.1,6.12,6.1,6.12,300
03/13/2015 10:15:00,6.11,6.11,6.0,6.03,1924
03/13/2015 10:30:00,6.04,6.04,5.99,6.02,1950
03/13/2015 10:45:00,5.99,6.04,5.99,6.04,222
03/13/2015 11:00:00,6.06,6.06,6.0,6.0399,3156
03/13/2015 11:15:00,6.0,6.0,5.97,6.0,2600
03/13/2015 11:30:00,6.0,6.0,5.98,5.98,416
03/13/2015 11:45:00,5.99,6.0,5.99,6.0,1506
03/13/2015 12:00:00,5.99,6.0,5.99,6.0,800
03/13/2015 12:15:00,6.0,6.0,6.0,6.0,300
03/13/2015 12:30:00,5.99,6.0,5.98,6.0,3769
03/13/2015 12:45:00,6.0,6.03,6.0,6.0001,297
03/13/2015 13:00:00,6.0001,6.0001,6.0001,6.0001,100
03/13/2015 13:15:00,6.03,6.03,6.03,6.03,100
03/13/2015 13:30:00,6.09,6.09,6.09,6.09,100
03/13/2015 13:45:00,6.07,6.07,6.04,6.04,1800
03/13/2015 14:00:00,6.05,6.07,6.03,6.03,1409
03/13/2015 14:15:00,6.06,6.07,6.06,6.06,400
03/13/2015 14:30:00,6.05,6.07,6.05,6.0501,503
03/13/2015 14:45:00,6.07,6.07,6.05,6.06,798
03/13/2015 15:00:00,6.08,6.1,6.07,6.09,396
03/13/2015 15:15:00,6.1,6.12,6.1,6.12,228
03/13/2015 15:30:00,6.12,6.12,6.08,6.11,1670
03/13/2015 15:45:00,6.0837,6.12,6.0501,6.0501,8030
03/13/2015 16:00:00,6.07,6.12,6.05,6.05,14337
03/16/2015 09:45:00,6.09,6.09,5.96,5.99,6478
03/16/2015 10:00:00,5.99,5.99,5.91,5.95,7011
03/16/2015 10:15:00,5.91,5.945,5.91,5.935,2214
03/16/2015 10:30:00,5.94,5.94,5.9,5.93,23325
03/16/2015 10:45:00,5.9,5.91,5.89,5.91,1800
03/16/2015 11:00:00,5.95,5.95,5.925,5.93,800
03/16/2015 11:15:00,5.98,5.98,5.93,5.95,862
03/16/2015 11:30:00,5.975,6.01,5.95,6.0,7398
03/16/2015 11:45:00,6.0,6.0,6.0,6.0,503
03/16/2015 12:00:00,6.01,6.01,5.9861,6.0,1800
03/16/2015 12:15:00,6.02,6.02,6.02,6.02,100
03/16/2015 12:30:00,6.02,6.02,5.99,6.01,2034
03/16/2015 12:45:00,6.02,6.02,6.0,6.0,900
03/16/2015 13:00:00,6.0,6.01,6.0,6.01,700
03/16/2015 13:15:00,6.01,6.01,6.0,6.0,1411
03/16/2015 13:30:00,6.01,6.01,6.01,6.01,500
03/16/2015 13:45:00,6.03,6.06,6.03,6.045,214
03/16/2015 14:00:00,6.03,6.06,6.03,6.04,400
03/16/2015 14:15:00,6.06,6.07,6.04,6.05,404
03/16/2015 14:30:00,6.06,6.09,6.06,6.09,300
03/16/2015 14:45:00,6.07,6.08,6.05,6.08,310
03/16/2015 15:00:00,6.08,6.08,6.08,6.08,200
03/16/2015 15:15:00,6.09,6.1,6.0703,6.1,361
03/16/2015 15:30:00,6.085,6.1,6.06,6.1,10752
03/16/2015 15:45:00,6.06,6.1,6.06,6.08,1055
03/16/2015 16:00:00,6.08,6.09,6.06,6.09,3945
03/17/2015 09:45:00,6.02,6.05,5.902,6.05,702
03/17/2015 10:00:00,6.05,6.09,6.05,6.09,749
03/17/2015 10:15:00,6.08,6.08,6.02,6.02,524
03/17/2015 10:30:00,6.02,6.02,6.02,6.02,201
03/17/2015 10:45:00,6.03,6.03,5.97,5.97,7039
03/17/2015 11:00:00,5.97,5.97,5.92,5.965,19932
03/17/2015 11:15:00,5.98,5.98,5.95,5.97,2003
03/17/2015 11:30:00,5.95,5.95,5.9,5.906,47896
03/17/2015 11:45:00,5.9,5.92,5.9,5.92,4900
03/17/2015 12:00:00,5.9,5.9,5.8,5.8,20726
03/17/2015 12:15:00,5.8,5.82,5.77,5.8,14729
03/17/2015 12:30:00,5.77,5.79,5.75,5.765,12225
03/17/2015 12:45:00,5.75,5.77,5.74,5.77,14774
03/17/2015 13:00:00,5.76,5.79,5.75,5.76,2808
03/17/2015 13:15:00,5.76,5.8,5.72,5.72,9734
03/17/2015 13:30:00,5.75,5.75,5.69,5.7,4809
03/17/2015 13:45:00,5.71,5.715,5.7,5.715,7290
03/17/2015 14:00:00,5.73,5.77,5.715,5.75,1740
03/17/2015 14:15:00,5.78,5.8,5.76,5.79,1000
03/17/2015 14:30:00,5.79,5.87,5.79,5.83,2700
03/17/2015 14:45:00,5.83,5.87,5.83,5.85,600
03/17/2015 15:00:00,5.9,5.9,5.8766,5.878,2545
03/17/2015 15:15:00,5.87,5.93,5.87,5.9,122862
03/17/2015 15:30:00,5.92,5.94,5.8,5.8,21599
03/17/2015 15:45:00,5.86,5.86,5.8,5.8,14591
03/17/2015 16:00:00,5.8,5.88,5.79,5.8,25347
03/18/2015 09:45:00,5.8,5.9,5.8,5.8,6975
03/18/2015 10:00:00,5.76,5.82,5.76,5.81,13910
03/18/2015 10:15:00,5.8,5.81,5.76,5.8,1045
03/18/2015 10:30:00,5.81,5.81,5.78,5.81,1013
03/18/2015 10:45:00,5.81,5.85,5.8,5.85,3338
03/18/2015 11:00:00,5.85,5.91,5.85,5.91,406
03/18/2015 11:15:00,5.92,5.97,5.92,5.97,604
03/18/2015 11:30:00,5.95,5.95,5.95,5.95,400
03/18/2015 11:45:00,5.93,5.98,5.93,5.98,800
03/18/2015 12:00:00,5.98,5.98,5.98,5.98,0
03/18/2015 12:15:00,5.99,6.03,5.98,6.03,1549
03/18/2015 12:30:00,6.03,6.03,5.97,5.99,3911
03/18/2015 12:45:00,6.02,6.03,6.01,6.03,600
03/18/2015 13:00:00,6.03,6.05,6.03,6.03,1303
03/18/2015 13:15:00,6.03,6.06,6.03,6.05,710
03/18/2015 13:30:00,6.1,6.1,6.09,6.09,300
03/18/2015 13:45:00,6.11,6.11,6.08,6.08,1540
03/18/2015 14:00:00,6.0801,6.11,6.08,6.1,1811
03/18/2015 14:15:00,6.1,6.12,6.06,6.1,4661
03/18/2015 14:30:00,6.09,6.1,6.05,6.05,3307
03/18/2015 14:45:00,6.051,6.051,5.97,6.005,31197
03/18/2015 15:00:00,6.01,6.04,5.935,6.01,13100
03/18/2015 15:15:00,5.9901,6.01,5.92,5.98,114963
03/18/2015 15:30:00,5.98,6.03,5.95,5.95,29824
03/18/2015 15:45:00,5.91,6.0,5.91,5.94,7403
03/18/2015 16:00:00,5.95,5.95,5.8501,5.93,39640
03/19/2015 09:45:00,5.9,5.94,5.7,5.7159,13797
03/19/2015 10:00:00,5.73,5.8199,5.73,5.78,42500
03/19/2015 10:15:00,5.795,5.86,5.795,5.83,30199
03/19/2015 10:30:00,5.8,5.84,5.78,5.82,6198
03/19/2015 10:45:00,5.84,5.85,5.82,5.85,1002
03/19/2015 11:00:00,5.84,5.84,5.83,5.84,1000
03/19/2015 11:15:00,5.84,5.85,5.83,5.85,1687
03/19/2015 11:30:00,5.84,5.87,5.836,5.87,1900
03/19/2015 11:45:00,5.85,5.87,5.79,5.82,5409
03/19/2015 12:00:00,5.82,5.85,5.805,5.836,2100
03/19/2015 12:15:00,5.85,5.86,5.84,5.85,402
03/19/2015 12:30:00,5.87,5.87,5.85,5.85,898
03/19/2015 12:45:00,5.85,5.85,5.78,5.78,15900
03/19/2015 13:00:00,5.805,5.805,5.68,5.705,5501
03/19/2015 13:15:00,5.7,5.78,5.7,5.78,1202
03/19/2015 13:30:00,5.78,5.78,5.7,5.73,2275
03/19/2015 13:45:00,5.73,5.76,5.72,5.76,4363
03/19/2015 14:00:00,5.76,5.8,5.73,5.75,4992
03/19/2015 14:15:00,5.79,5.845,5.78,5.845,1304
03/19/2015 14:30:00,5.84,5.86,5.84,5.85,3029
03/19/2015 14:45:00,5.855,5.86,5.83,5.83,4100
03/19/2015 15:00:00,5.85,5.86,5.85,5.85,400
03/19/2015 15:15:00,5.85,5.86,5.78,5.8,4403
03/19/2015 15:30:00,5.83,5.83,5.79,5.79,3200
03/19/2015 15:45:00,5.8,5.8,5.77,5.791,5017
03/19/2015 16:00:00,5.8,5.81,5.74,5.75,34593
03/20/2015 09:45:00,5.81,6.11,5.75,5.75,27146
03/20/2015 10:00:00,5.76,5.77,5.75,5.75,800
03/20/2015 10:15:00,5.82,5.87,5.82,5.87,500
03/20/2015 10:30:00,5.81,5.89,5.81,5.89,1500
03/20/2015 10:45:00,5.89,5.89,5.88,5.88,280
03/20/2015 11:00:00,5.88,5.88,5.8501,5.8501,700
03/20/2015 11:15:00,5.88,5.92,5.88,5.92,4591
03/20/2015 11:30:00,5.92,5.92,5.92,5.92,444
03/20/2015 11:45:00,5.92,5.92,5.9,5.9,1500
03/20/2015 12:00:00,5.91,5.91,5.9,5.9,645
03/20/2015 12:15:00,5.89,5.9,5.85,5.87,2857
03/20/2015 12:30:00,5.87,5.87,5.84,5.86,1400
03/20/2015 12:45:00,5.85,5.86,5.85,5.85,1200
03/20/2015 13:00:00,5.85,5.85,5.79,5.81,6630
03/20/2015 13:15:00,5.81,5.87,5.81,5.86,2500
03/20/2015 13:30:00,5.86,5.88,5.85,5.86,1975
03/20/2015 13:45:00,5.86,5.87,5.81,5.85,18000
03/20/2015 14:00:00,5.85,5.87,5.81,5.82,9274
03/20/2015 14:15:00,5.81,5.82,5.8,5.82,758
03/20/2015 14:30:00,5.81,5.85,5.81,5.85,2200
03/20/2015 14:45:00,5.845,5.85,5.84,5.85,5805
03/20/2015 15:00:00,5.845,5.85,5.84,5.85,3347
03/20/2015 15:15:00,5.85,5.85,5.84,5.85,2800
03/20/2015 15:30:00,5.85,5.85,5.78,5.8,7994
03/20/2015 15:45:00,5.82,5.87,5.81,5.85,19143
03/20/2015 16:00:00,5.87,5.96,5.68,5.89,101508
03/23/2015 09:45:00,5.85,5.85,5.72,5.845,1000
03/23/2015 10:00:00,5.86,5.91,5.79,5.81,964
03/23/2015 10:15:00,5.82,5.84,5.82,5.84,200
03/23/2015 10:30:00,5.8301,5.86,5.83,5.8417,853
03/23/2015 10:45:00,5.83,5.85,5.81,5.81,800
03/23/2015 11:00:00,5.8,5.83,5.79,5.8,8234
03/23/2015 11:15:00,5.8,5.86,5.8,5.86,1293
03/23/2015 11:30:00,5.8301,5.8301,5.79,5.83,3855
03/23/2015 11:45:00,5.84,5.87,5.825,5.87,1100
03/23/2015 12:00:00,5.84,5.88,5.84,5.88,750
03/23/2015 12:15:00,5.88,5.88,5.85,5.86,937
03/23/2015 12:30:00,5.86,5.89,5.86,5.88,927
03/23/2015 12:45:00,5.87,5.9,5.87,5.88,838
03/23/2015 13:00:00,5.9,5.9,5.87,5.89,449
03/23/2015 13:15:00,5.87,5.88,5.85,5.85,1151
03/23/2015 13:30:00,5.88,5.9,5.87,5.9,351
03/23/2015 13:45:00,5.89,5.91,5.88,5.9,500
03/23/2015 14:00:00,5.89,5.93,5.89,5.92,1010
03/23/2015 14:15:00,5.9,5.93,5.89,5.92,1200
03/23/2015 14:30:00,5.91,5.92,5.91,5.915,500
03/23/2015 14:45:00,5.92,5.92,5.89,5.905,644
03/23/2015 15:00:00,5.905,5.93,5.89,5.93,744
03/23/2015 15:15:00,5.915,5.93,5.915,5.93,339
03/23/2015 15:30:00,5.93,5.94,5.93,5.94,800
03/23/2015 15:45:00,5.94,5.94,5.92,5.94,1103
03/23/2015 16:00:00,5.93,5.94,5.89,5.92,16121
03/24/2015 09:45:00,5.9,5.93,5.735,5.86,963
03/24/2015 10:00:00,5.86,5.89,5.78,5.78,749
03/24/2015 10:15:00,5.82,5.83,5.8,5.82,608
03/24/2015 10:30:00,5.84,5.84,5.78,5.81,700
03/24/2015 10:45:00,5.81,5.87,5.81,5.8697,1136
03/24/2015 11:00:00,5.86,5.89,5.86,5.89,513
03/24/2015 11:15:00,5.89,5.95,5.86,5.95,1373
03/24/2015 11:30:00,5.95,5.98,5.93,5.95,7431
03/24/2015 11:45:00,5.95,5.97,5.9401,5.97,813
03/24/2015 12:00:00,5.97,5.97,5.97,5.97,909
03/24/2015 12:15:00,5.97,5.98,5.94,5.98,1019
03/24/2015 12:30:00,5.97,6.03,5.97,6.0,2605
03/24/2015 12:45:00,6.0,6.04,5.99,5.99,11414
03/24/2015 13:00:00,6.02,6.02,5.99,6.005,2500
03/24/2015 13:15:00,5.99,6.01,5.99,6.0,3409
03/24/2015 13:30:00,6.0,6.01,5.99,6.0,900
03/24/2015 13:45:00,6.0,6.02,5.99,5.99,3800
03/24/2015 14:00:00,6.0,6.01,5.98,6.0,7267
03/24/2015 14:15:00,6.0,6.0,5.95,5.96,20921
03/24/2015 14:30:00,5.94,5.95,5.94,5.94,1354
03/24/2015 14:45:00,5.95,5.95,5.94,5.95,2524
03/24/2015 15:00:00,5.96,5.99,5.94,5.95,33223
03/24/2015 15:15:00,5.95,5.99,5.93,5.97,4003
03/24/2015 15:30:00,5.98,6.02,5.95,6.02,8015
03/24/2015 15:45:00,5.99,6.01,5.98,6.01,12910
03/24/2015 16:00:00,5.99,6.01,5.97,6.0,16694
03/25/2015 09:45:00,6.02,6.11,5.93,5.99,1579
03/25/2015 10:00:00,5.96,5.96,5.96,5.96,200
03/25/2015 10:15:00,5.97,6.0,5.97,6.0,1106
03/25/2015 10:30:00,6.0,6.01,5.96,6.01,2133
03/25/2015 10:45:00,5.99,6.0,5.96,5.975,61592
03/25/2015 11:00:00,5.98,6.0,5.98,6.0,7150
03/25/2015 11:15:00,6.0,6.0,5.99,6.0,2290
03/25/2015 11:30:00,6.0,6.0,5.99,6.0,1724
03/25/2015 11:45:00,6.0,6.02,6.0,6.0,20594
03/25/2015 12:00:00,6.01,6.09,5.98,6.01,22718
03/25/2015 12:15:00,6.0,6.03,5.95,6.02,63989
03/25/2015 12:30:00,6.02,6.05,6.02,6.02,4217
03/25/2015 12:45:00,6.04,6.05,5.98,5.99,3271
03/25/2015 13:00:00,5.95,5.97,5.89,5.89,3100
03/25/2015 13:15:00,5.9,5.94,5.86,5.92,16301
03/25/2015 13:30:00,5.94,5.95,5.94,5.95,1900
03/25/2015 13:45:00,5.94,5.95,5.91,5.92,2008
03/25/2015 14:00:00,5.92,5.94,5.92,5.94,300
03/25/2015 14:15:00,5.95,5.95,5.85,5.9,3143
03/25/2015 14:30:00,5.91,5.91,5.9042,5.91,3939
03/25/2015 14:45:00,5.93,5.93,5.92,5.93,600
03/25/2015 15:00:00,5.93,5.93,5.9,5.91,1600
03/25/2015 15:15:00,5.91,5.96,5.91,5.96,5119
03/25/2015 15:30:00,5.96,5.96,5.94,5.94,1700
03/25/2015 15:45:00,5.96,5.96,5.88,5.88,14357
03/25/2015 16:00:00,5.88,5.91,5.84,5.9,15001
03/26/2015 09:45:00,5.95,6.0,5.95,5.96,4582
03/26/2015 10:00:00,5.96,6.0,5.94,5.94,17950
03/26/2015 10:15:00,5.95,5.95,5.91,5.92,600
03/26/2015 10:30:00,5.94,5.94,5.87,5.92,1241
03/26/2015 10:45:00,5.94,5.94,5.92,5.94,300
03/26/2015 11:00:00,5.9497,5.9497,5.92,5.945,1100
03/26/2015 11:15:00,5.96,5.96,5.92,5.93,1300
03/26/2015 11:30:00,5.91,5.935,5.91,5.925,729
03/26/2015 11:45:00,5.94,5.95,5.94,5.95,600
03/26/2015 12:00:00,5.94,5.96,5.9342,5.96,2078
03/26/2015 12:15:00,5.94,5.94,5.94,5.94,100
03/26/2015 12:30:00,5.93,5.93,5.93,5.93,7
03/26/2015 12:45:00,5.91,5.94,5.9,5.91,1304
03/26/2015 13:00:00,5.93,5.96,5.9,5.9,609
03/26/2015 13:15:00,5.92,5.92,5.87,5.92,623
03/26/2015 13:30:00,5.93,5.97,5.88,5.97,1009
03/26/2015 13:45:00,5.96,5.98,5.93,5.96,417
03/26/2015 14:00:00,5.96,5.98,5.93,5.94,1504
03/26/2015 14:15:00,5.95,6.0,5.93,5.96,1312
03/26/2015 14:30:00,5.96,6.0,5.96,5.96,2212
03/26/2015 14:45:00,5.96,6.0,5.96,6.0,1963
03/26/2015 15:00:00,6.0,6.0,5.96,5.96,623
03/26/2015 15:15:00,6.0,6.0,5.96,5.9847,3126
03/26/2015 15:30:00,5.98,6.0,5.97,5.99,11405
03/26/2015 15:45:00,6.0,6.0,6.0,6.0,3017
03/26/2015 16:00:00,6.0,6.0,5.98,5.98,22363
03/27/2015 09:45:00,5.93,6.01,5.84,5.85,2093
03/27/2015 10:00:00,5.83,5.83,5.83,5.83,596
03/27/2015 10:15:00,5.83,5.87,5.81,5.84,1200
03/27/2015 10:30:00,5.84,5.85,5.81,5.84,4710
03/27/2015 10:45:00,5.81,5.81,5.81,5.81,200
03/27/2015 11:00:00,5.825,5.825,5.825,5.825,100
03/27/2015 11:15:00,5.82,5.82,5.79,5.8,1512
03/27/2015 11:30:00,5.8,5.81,5.78,5.8,918
03/27/2015 11:45:00,5.79,5.83,5.79,5.83,1000
03/27/2015 12:00:00,5.83,5.8985,5.83,5.87,1005
03/27/2015 12:15:00,5.85,5.86,5.83,5.83,500
03/27/2015 12:30:00,5.83,5.84,5.83,5.84,400
03/27/2015 12:45:00,5.83,5.85,5.83,5.85,507
03/27/2015 13:00:00,5.85,5.87,5.84,5.845,600
03/27/2015 13:15:00,5.8699,5.87,5.855,5.855,2500
03/27/2015 13:30:00,5.87,5.97,5.87,5.94,3819
03/27/2015 13:45:00,5.95,5.95,5.95,5.95,1214
03/27/2015 14:00:00,5.95,5.96,5.94,5.94,1000
03/27/2015 14:15:00,5.94,5.96,5.93,5.93,1153
03/27/2015 14:30:00,5.93,5.95,5.93,5.93,4446
03/27/2015 14:45:00,5.95,5.95,5.93,5.94,2400
03/27/2015 15:00:00,5.93,5.94,5.92,5.92,4488
03/27/2015 15:15:00,5.93,5.94,5.92,5.93,3916
03/27/2015 15:30:00,5.94,5.94,5.92,5.92,4600
03/27/2015 15:45:00,5.93,5.94,5.93,5.9301,6628
03/27/2015 16:00:00,5.935,5.94,5.89,5.94,16636
03/30/2015 09:45:00,5.9,5.972,5.87,5.905,6283
03/30/2015 10:00:00,5.91,5.91,5.87,5.88,300
03/30/2015 10:15:00,5.86,5.86,5.84,5.85,1301
03/30/2015 10:30:00,5.84,5.86,5.84,5.86,4347
03/30/2015 10:45:00,5.87,5.87,5.85,5.87,196
03/30/2015 11:00:00,5.855,5.87,5.855,5.87,500
03/30/2015 11:15:00,5.87,5.87,5.845,5.85,995
03/30/2015 11:30:00,5.86,5.91,5.86,5.9,6982
03/30/2015 11:45:00,5.9,5.9,5.89,5.89,401
03/30/2015 12:00:00,5.885,5.89,5.85,5.8647,2600
03/30/2015 12:15:00,5.86,5.86,5.82,5.84,1094
03/30/2015 12:30:00,5.82,5.84,5.82,5.84,1802
03/30/2015 12:45:00,5.8101,5.84,5.8,5.83,1462
03/30/2015 13:00:00,5.81,5.83,5.81,5.83,483
03/30/2015 13:15:00,5.84,5.84,5.81,5.81,392
03/30/2015 13:30:00,5.83,5.87,5.79,5.83,29979
03/30/2015 13:45:00,5.78,5.79,5.76,5.78,748
03/30/2015 14:00:00,5.76,5.76,5.75,5.75,352
03/30/2015 14:15:00,5.75,5.79,5.73,5.78,3087
03/30/2015 14:30:00,5.79,5.79,5.79,5.79,320
03/30/2015 14:45:00,5.79,5.8,5.79,5.8,963
03/30/2015 15:00:00,5.79,5.81,5.79,5.79,1428
03/30/2015 15:15:00,5.79,5.79,5.785,5.785,417
03/30/2015 15:30:00,5.78,5.79,5.75,5.75,1522
03/30/2015 15:45:00,5.76,5.86,5.76,5.81,6855
03/30/2015 16:00:00,5.83,5.89,5.83,5.88,13524
03/31/2015 09:45:00,5.87,5.97,5.77,5.87,1364
03/31/2015 10:00:00,5.91,5.91,5.82,5.83,10789
03/31/2015 10:15:00,5.82,5.85,5.78,5.79,1500
03/31/2015 10:30:00,5.87,5.88,5.83,5.84,1739
03/31/2015 10:45:00,5.85,5.88,5.84,5.88,21000
03/31/2015 11:00:00,5.88,5.88,5.85,5.85,1089
03/31/2015 11:15:00,5.85,5.94,5.85,5.92,24200
03/31/2015 11:30:00,5.91,5.91,5.88,5.9,3300
03/31/2015 11:45:00,5.88,5.95,5.84,5.95,3900
03/31/2015 12:00:00,5.95,5.96,5.9,5.92,1090
03/31/2015 12:15:00,5.92,5.95,5.92,5.93,1570
03/31/2015 12:30:00,5.95,5.98,5.94,5.98,2848
03/31/2015 12:45:00,5.99,5.99,5.975,5.975,2032
03/31/2015 13:00:00,5.975,5.98,5.95,5.95,2780
03/31/2015 13:15:00,5.93,5.93,5.9,5.9,900
03/31/2015 13:30:00,5.89,5.92,5.89,5.92,1200
03/31/2015 13:45:00,5.92,5.95,5.91,5.94,1900
03/31/2015 14:00:00,5.94,5.96,5.92,5.94,1100
03/31/2015 14:15:00,5.97,6.0,5.96,5.985,800
03/31/2015 14:30:00,5.99,6.0,5.97,6.0,1512
03/31/2015 14:45:00,5.99,6.0,5.95,5.99,3700
03/31/2015 15:00:00,5.99,6.01,5.97,5.97,3384
03/31/2015 15:15:00,5.96,5.98,5.94,5.955,3200
03/31/2015 15:30:00,5.95,5.96,5.91,5.96,9157
03/31/2015 15:45:00,5.95,5.95,5.85,5.85,18174
03/31/2015 16:00:00,5.86,5.96,5.84,5.94,38988
